league,season,club_id,club,expenditure_m,arrivals,income_m,departures,balance_m
GB1,1998,164,Blackburn Rovers,56.84,28,17.7,20,-39.14
GB1,1998,405,Aston Villa,45.95,20,30.1,12,-15.85
GB1,1998,985,Manchester United,44.4,13,4.5,19,-39.9
GB1,1998,762,Newcastle United,41.63,24,27.45,24,-14.18
GB1,1998,29,Everton FC,31.85,21,18.61,16,-13.25
GB1,1998,631,Chelsea FC,19.3,15,8.25,14,-11.05
GB1,1998,114309,Wimbledon FC (- 2004),16.8,10,,5,-16.8
GB1,1998,11,Arsenal FC,15.95,13,2.75,12,-13.2
GB1,1998,399,Leeds United,13.8,22,0.3,16,-13.5
GB1,1998,641,Middlesbrough FC,13.26,15,10.7,13,-2.56
GB1,1998,148,Tottenham Hotspur,11.58,16,0.825,13,-10.75
GB1,1998,379,West Ham United,11.14,28,18.96,20,7.83
GB1,1998,990,Coventry City,10.9,20,13.7,15,2.81
GB1,1998,31,Liverpool FC,10.74,13,7.62,11,-3.11
GB1,1998,703,Nottingham Forest,9.45,32,22.88,28,13.43
GB1,1998,1003,Leicester City,8.9,13,1.0,10,-7.9
GB1,1998,358,Charlton Athletic,7.76,22,0.3,11,-7.46
GB1,1998,180,Southampton FC,7.45,20,13.6,15,6.15
GB1,1998,22,Derby County,5.69,20,16.25,18,10.56
GB1,1998,1035,Sheffield Wednesday,4.61,19,3.13,17,-1.49
GB1,1999,31,Liverpool FC,54.5,16,11.08,18,-43.43
GB1,1999,399,Leeds United,31.66,11,26.12,17,-5.54
GB1,1999,762,Newcastle United,27.2,22,21.45,19,-5.75
GB1,1999,631,Chelsea FC,26.36,21,9.18,18,-17.18
GB1,1999,11,Arsenal FC,25.4,18,46.0,22,20.6
GB1,1999,22,Derby County,22.9,21,7.65,21,-15.25
GB1,1999,990,Coventry City,20.13,22,13.8,18,-6.33
GB1,1999,148,Tottenham Hotspur,17.0,15,2.28,17,-14.72
GB1,1999,289,Sunderland AFC,16.65,28,12.1,25,-4.55
GB1,1999,985,Manchester United,13.25,21,0.35,13,-12.9
GB1,1999,29,Everton FC,12.0,17,15.53,22,3.53
GB1,1999,641,Middlesbrough FC,10.32,12,0.075,11,-10.25
GB1,1999,379,West Ham United,9.58,33,11.2,30,1.62
GB1,1999,405,Aston Villa,9.4,12,6.27,18,-3.13
GB1,1999,114309,Wimbledon FC (- 2004),8.25,16,8.97,19,0.719
GB1,1999,1035,Sheffield Wednesday,8.0,17,4.34,19,-3.66
GB1,1999,1003,Leicester City,6.1,12,16.58,14,10.48
GB1,1999,1010,Watford FC,4.4,15,0.492,12,-3.91
GB1,1999,1027,Bradford City,3.82,17,0.829,13,-2.99
GB1,1999,180,Southampton FC,3.43,18,0.705,19,-2.72
GB1,2000,399,Leeds United,71.03,13,9.2,10,-61.83
GB1,2000,11,Arsenal FC,56.3,23,46.32,19,-9.99
GB1,2000,631,Chelsea FC,52.39,24,38.47,21,-13.92
GB1,2000,641,Middlesbrough FC,32.97,22,10.0,16,-22.97
GB1,2000,31,Liverpool FC,32.9,19,19.48,17,-13.42
GB1,2000,29,Everton FC,30.98,16,35.45,16,4.47
GB1,2000,762,Newcastle United,25.91,21,26.39,21,0.475
GB1,2000,148,Tottenham Hotspur,25.74,8,2.46,12,-23.29
GB1,2000,405,Aston Villa,21.12,17,20.02,15,-1.11
GB1,2000,990,Coventry City,19.0,17,25.58,17,6.58
GB1,2000,379,West Ham United,18.94,25,42.4,29,23.46
GB1,2000,358,Charlton Athletic,17.8,15,0.525,16,-17.28
GB1,2000,281,Manchester City,17.03,28,1.46,32,-15.56
GB1,2000,289,Sunderland AFC,16.87,20,5.53,25,-11.34
GB1,2000,985,Manchester United,11.7,14,13.85,17,2.15
GB1,2000,1003,Leicester City,11.7,20,9.7,18,-2.0
GB1,2000,677,Ipswich Town,9.9,15,4.5,14,-5.4
GB1,2000,22,Derby County,8.33,15,6.88,11,-1.45
GB1,2000,1027,Bradford City,7.83,19,9.06,22,1.23
GB1,2000,180,Southampton FC,0.115,14,0.145,19,0.03
GB1,2001,985,Manchester United,85.85,22,43.6,17,-42.25
GB1,2001,931,Fulham FC,50.6,13,1.03,14,-49.58
GB1,2001,631,Chelsea FC,49.7,11,13.22,15,-36.48
GB1,2001,164,Blackburn Rovers,33.01,20,9.35,24,-23.66
GB1,2001,11,Arsenal FC,32.69,21,12.0,15,-20.69
GB1,2001,762,Newcastle United,31.59,18,0.888,22,-30.7
GB1,2001,31,Liverpool FC,31.56,10,28.65,12,-2.91
GB1,2001,399,Leeds United,28.3,10,4.65,12,-23.65
GB1,2001,148,Tottenham Hotspur,28.05,11,9.75,9,-18.3
GB1,2001,289,Sunderland AFC,27.98,15,12.89,16,-15.09
GB1,2001,405,Aston Villa,26.1,14,17.22,15,-8.88
GB1,2001,641,Middlesbrough FC,22.7,25,5.25,31,-17.46
GB1,2001,379,West Ham United,21.26,12,18.13,17,-3.14
GB1,2001,677,Ipswich Town,20.23,21,13.4,14,-6.83
GB1,2001,180,Southampton FC,18.5,19,14.45,14,-4.05
GB1,2001,1003,Leicester City,17.21,23,3.03,21,-14.18
GB1,2001,358,Charlton Athletic,16.5,15,1.45,18,-15.05
GB1,2001,29,Everton FC,13.35,7,12.18,13,-1.18
GB1,2001,22,Derby County,4.59,16,17.5,15,12.92
GB1,2001,355,Bolton Wanderers,3.13,26,0.07,19,-3.06
GB1,2002,985,Manchester United,48.53,13,3.0,15,-45.53
GB1,2002,641,Middlesbrough FC,38.58,25,0.95,28,-37.63
GB1,2002,762,Newcastle United,34.55,14,0.225,13,-34.33
GB1,2002,31,Liverpool FC,31.9,18,10.9,15,-21.0
GB1,2002,289,Sunderland AFC,29.96,25,,19,-29.96
GB1,2002,281,Manchester City,22.5,13,1.8,16,-20.7
GB1,2002,984,West Bromwich Albion,16.95,10,,7,-16.95
GB1,2002,337,Birmingham City,15.68,23,1.15,20,-14.53
GB1,2002,11,Arsenal FC,12.83,13,8.23,18,-4.6
GB1,2002,180,Southampton FC,12.0,16,,20,-12.0
GB1,2002,29,Everton FC,10.83,21,0.375,14,-10.45
GB1,2002,148,Tottenham Hotspur,10.5,22,1.35,21,-9.15
GB1,2002,405,Aston Villa,9.08,25,6.9,18,-2.18
GB1,2002,164,Blackburn Rovers,6.75,22,1.8,18,-4.95
GB1,2002,358,Charlton Athletic,5.3,12,2.65,12,-2.65
GB1,2002,399,Leeds United,4.1,19,79.96,19,75.86
GB1,2002,931,Fulham FC,3.0,9,0.825,13,-2.18
GB1,2002,379,West Ham United,0.24,18,0.075,21,-0.165
GB1,2002,355,Bolton Wanderers,,25,5.29,30,5.29
GB1,2002,631,Chelsea FC,,12,2.1,10,2.1
GB1,2003,631,Chelsea FC,174.2,22,1.53,23,-172.67
GB1,2003,985,Manchester United,56.53,26,59.3,29,2.78
GB1,2003,148,Tottenham Hotspur,29.75,19,1.75,23,-28.0
GB1,2003,11,Arsenal FC,27.42,20,1.05,22,-26.37
GB1,2003,164,Blackburn Rovers,22.34,25,35.35,31,13.01
GB1,2003,337,Birmingham City,17.1,16,1.95,27,-15.15
GB1,2003,31,Liverpool FC,15.25,19,,13,-15.25
GB1,2003,281,Manchester City,13.76,21,6.75,23,-7.01
GB1,2003,1020,Portsmouth FC,12.38,40,0.2,41,-12.18
GB1,2003,543,Wolverhampton Wanderers,9.88,27,1.15,21,-8.73
GB1,2003,29,Everton FC,9.7,17,0.975,20,-8.73
GB1,2003,180,Southampton FC,9.56,21,11.02,19,1.47
GB1,2003,405,Aston Villa,7.6,18,0.29,29,-7.31
GB1,2003,931,Fulham FC,7.47,33,25.04,25,17.57
GB1,2003,641,Middlesbrough FC,5.7,29,1.13,32,-4.58
GB1,2003,358,Charlton Athletic,1.5,22,15.0,19,13.5
GB1,2003,1003,Leicester City,1.42,30,,32,-1.42
GB1,2003,355,Bolton Wanderers,0.75,27,0.075,30,-0.675
GB1,2003,399,Leeds United,0.1,26,16.62,30,16.52
GB1,2003,762,Newcastle United,,14,5.0,21,5.0
GB1,2004,631,Chelsea FC,162.4,21,3.3,25,-159.1
GB1,2004,985,Manchester United,61.25,20,9.67,21,-51.59
GB1,2004,31,Liverpool FC,58.4,22,24.57,22,-33.83
GB1,2004,148,Tottenham Hotspur,48.03,37,10.5,34,-37.53
GB1,2004,762,Newcastle United,29.45,17,22.25,17,-7.2
GB1,2004,984,West Bromwich Albion,15.85,19,1.95,25,-13.9
GB1,2004,337,Birmingham City,15.75,28,8.15,21,-7.6
GB1,2004,931,Fulham FC,13.95,22,5.2,22,-8.75
GB1,2004,358,Charlton Athletic,13.25,17,1.95,19,-11.3
GB1,2004,180,Southampton FC,12.76,35,11.5,30,-1.26
GB1,2004,11,Arsenal FC,12.48,21,3.9,19,-8.58
GB1,2004,29,Everton FC,11.88,9,45.4,15,33.53
GB1,2004,1020,Portsmouth FC,10.85,28,6.6,36,-4.25
GB1,2004,405,Aston Villa,10.14,14,3.43,16,-6.72
GB1,2004,1123,Norwich City,8.53,18,0.45,15,-8.08
GB1,2004,164,Blackburn Rovers,7.87,23,7.68,24,-0.195
GB1,2004,641,Middlesbrough FC,6.75,20,3.45,21,-3.3
GB1,2004,873,Crystal Palace,5.15,18,0.1,15,-5.05
GB1,2004,281,Manchester City,1.5,18,7.94,18,6.44
GB1,2004,355,Bolton Wanderers,1.35,25,0.375,25,-0.975
GB1,2005,631,Chelsea FC,91.5,15,34.6,18,-56.9
GB1,2005,762,Newcastle United,61.75,16,30.9,16,-30.85
GB1,2005,11,Arsenal FC,46.0,16,25.0,19,-21.0
GB1,2005,31,Liverpool FC,44.06,25,19.04,26,-25.02
GB1,2005,148,Tottenham Hotspur,35.61,24,25.45,25,-10.16
GB1,2005,29,Everton FC,32.73,17,7.0,14,-25.73
GB1,2005,985,Manchester United,31.8,24,7.9,27,-23.9
GB1,2005,379,West Ham United,21.59,32,0.55,30,-21.04
GB1,2005,1020,Portsmouth FC,18.78,39,12.15,35,-6.63
GB1,2005,405,Aston Villa,16.54,16,6.4,15,-10.14
GB1,2005,1071,Wigan Athletic,15.77,20,5.63,20,-10.15
GB1,2005,984,West Bromwich Albion,15.3,17,9.08,18,-6.23
GB1,2005,641,Middlesbrough FC,13.96,18,,12,-13.96
GB1,2005,281,Manchester City,12.48,12,32.5,13,20.03
GB1,2005,337,Birmingham City,12.1,31,7.95,27,-4.15
GB1,2005,164,Blackburn Rovers,9.4,23,2.7,25,-6.7
GB1,2005,358,Charlton Athletic,9.1,31,5.71,22,-3.39
GB1,2005,931,Fulham FC,6.55,24,4.63,24,-1.93
GB1,2005,289,Sunderland AFC,6.33,25,0.325,25,-6.0
GB1,2005,355,Bolton Wanderers,6.2,13,,15,-6.2
GB1,2006,631,Chelsea FC,88.98,18,44.1,17,-44.88
GB1,2006,379,West Ham United,68.73,23,6.75,23,-61.98
GB1,2006,148,Tottenham Hotspur,61.0,19,38.65,22,-22.35
GB1,2006,31,Liverpool FC,46.0,26,24.73,27,-21.28
GB1,2006,1071,Wigan Athletic,29.38,23,24.33,25,-5.05
GB1,2006,985,Manchester United,27.2,23,18.0,26,-9.2
GB1,2006,405,Aston Villa,24.7,19,4.33,17,-20.38
GB1,2006,762,Newcastle United,23.38,11,10.05,13,-13.33
GB1,2006,358,Charlton Athletic,21.65,33,2.28,35,-19.38
GB1,2006,350,Sheffield United,18.38,42,3.33,39,-15.05
GB1,2006,164,Blackburn Rovers,17.98,27,16.91,24,-1.07
GB1,2006,29,Everton FC,17.9,13,2.5,15,-15.4
GB1,2006,355,Bolton Wanderers,17.0,18,3.85,15,-13.15
GB1,2006,11,Arsenal FC,15.0,14,12.63,16,-2.38
GB1,2006,931,Fulham FC,13.8,19,10.52,23,-3.29
GB1,2006,641,Middlesbrough FC,11.3,21,4.68,23,-6.63
GB1,2006,1010,Watford FC,10.48,32,13.5,21,3.03
GB1,2006,1020,Portsmouth FC,8.7,28,1.25,31,-7.45
GB1,2006,1032,Reading FC,8.53,27,,17,-8.53
GB1,2006,281,Manchester City,6.5,21,3.8,22,-2.7
GB1,2007,985,Manchester United,106.5,25,46.6,22,-59.9
GB1,2007,148,Tottenham Hotspur,94.15,26,22.55,21,-71.6
GB1,2007,31,Liverpool FC,90.7,24,46.75,24,-43.95
GB1,2007,281,Manchester City,77.95,31,10.56,26,-67.39
GB1,2007,289,Sunderland AFC,64.32,31,3.2,21,-61.12
GB1,2007,631,Chelsea FC,59.0,20,43.65,16,-15.35
GB1,2007,1020,Portsmouth FC,58.64,27,23.38,24,-35.27
GB1,2007,641,Middlesbrough FC,50.6,21,30.23,23,-20.38
GB1,2007,931,Fulham FC,50.43,38,19.5,27,-30.93
GB1,2007,379,West Ham United,47.15,19,42.0,18,-5.15
GB1,2007,762,Newcastle United,37.85,19,31.7,17,-6.15
GB1,2007,29,Everton FC,37.55,16,15.8,16,-21.75
GB1,2007,11,Arsenal FC,30.95,17,56.73,18,25.78
GB1,2007,337,Birmingham City,29.3,30,8.48,28,-20.83
GB1,2007,405,Aston Villa,24.9,11,17.9,16,-7.0
GB1,2007,355,Bolton Wanderers,22.35,24,21.97,22,-0.384
GB1,2007,22,Derby County,21.98,31,5.24,29,-16.74
GB1,2007,1071,Wigan Athletic,17.9,25,17.83,21,-0.075
GB1,2007,1032,Reading FC,12.1,40,5.7,35,-6.4
GB1,2007,164,Blackburn Rovers,6.2,21,3.98,18,-2.23
GB1,2008,281,Manchester City,155.15,25,26.5,18,-128.65
GB1,2008,148,Tottenham Hotspur,143.95,34,88.05,35,-55.9
GB1,2008,31,Liverpool FC,73.45,27,46.45,27,-27.0
GB1,2008,405,Aston Villa,55.9,19,7.52,15,-48.38
GB1,2008,985,Manchester United,45.25,16,7.45,17,-37.8
GB1,2008,11,Arsenal FC,40.15,15,25.8,11,-14.35
GB1,2008,762,Newcastle United,35.48,22,39.2,15,3.73
GB1,2008,289,Sunderland AFC,33.11,34,11.15,34,-21.96
GB1,2008,512,Stoke City,32.75,23,0.765,18,-31.99
GB1,2008,631,Chelsea FC,30.5,16,44.55,17,14.05
GB1,2008,1020,Portsmouth FC,28.2,29,54.15,25,25.95
GB1,2008,931,Fulham FC,26.85,29,16.33,39,-10.53
GB1,2008,1071,Wigan Athletic,26.1,21,24.5,26,-1.6
GB1,2008,29,Everton FC,25.08,14,13.3,10,-11.78
GB1,2008,984,West Bromwich Albion,24.32,21,10.25,20,-14.07
GB1,2008,355,Bolton Wanderers,23.7,15,11.23,16,-12.48
GB1,2008,3008,Hull City,17.95,26,,18,-17.95
GB1,2008,379,West Ham United,16.0,26,68.78,25,52.78
GB1,2008,641,Middlesbrough FC,12.8,17,8.72,18,-4.08
GB1,2008,164,Blackburn Rovers,11.68,24,26.5,27,14.82
GB1,2009,281,Manchester City,147.3,23,29.4,29,-117.9
GB1,2009,405,Aston Villa,47.1,21,22.1,16,-25.0
GB1,2009,31,Liverpool FC,43.5,21,48.55,25,5.05
GB1,2009,148,Tottenham Hotspur,40.3,32,31.7,31,-8.6
GB1,2009,289,Sunderland AFC,37.0,24,21.28,29,-15.73
GB1,2009,631,Chelsea FC,30.0,15,3.8,12,-26.2
GB1,2009,985,Manchester United,27.3,17,104.47,17,77.17
GB1,2009,512,Stoke City,26.05,24,6.5,24,-19.55
GB1,2009,29,Everton FC,23.3,15,28.34,15,5.04
GB1,2009,379,West Ham United,21.65,22,41.3,26,19.65
GB1,2009,337,Birmingham City,20.05,26,0.4,27,-19.65
GB1,2009,543,Wolverhampton Wanderers,19.45,33,0.87,27,-18.58
GB1,2009,1071,Wigan Athletic,18.44,19,25.98,18,7.55
GB1,2009,3008,Hull City,14.85,21,7.1,26,-7.75
GB1,2009,1132,Burnley FC,13.54,33,0.09,19,-13.45
GB1,2009,164,Blackburn Rovers,13.28,39,36.65,35,23.37
GB1,2009,11,Arsenal FC,12.0,13,47.7,13,35.7
GB1,2009,355,Bolton Wanderers,12.0,25,2.0,15,-10.0
GB1,2009,1020,Portsmouth FC,10.56,32,52.05,35,41.49
GB1,2009,931,Fulham FC,7.61,27,,24,-7.61
GB1,2010,281,Manchester City,183.61,34,40.15,27,-143.46
GB1,2010,631,Chelsea FC,121.5,19,16.5,21,-105.0
GB1,2010,31,Liverpool FC,97.73,21,103.0,24,5.28
GB1,2010,405,Aston Villa,37.4,19,28.4,20,-9.0
GB1,2010,985,Manchester United,29.3,16,16.97,18,-12.34
GB1,2010,289,Sunderland AFC,29.1,31,41.78,31,12.68
GB1,2010,148,Tottenham Hotspur,26.6,39,2.94,34,-23.67
GB1,2010,337,Birmingham City,25.6,24,0.175,21,-25.43
GB1,2010,11,Arsenal FC,23.0,18,8.1,22,-14.9
GB1,2010,512,Stoke City,21.1,24,6.58,22,-14.53
GB1,2010,543,Wolverhampton Wanderers,20.22,28,6.44,25,-13.78
GB1,2010,379,West Ham United,18.03,18,4.95,17,-13.08
GB1,2010,762,Newcastle United,13.98,18,41.75,16,27.77
GB1,2010,984,West Bromwich Albion,13.83,28,0.85,23,-12.98
GB1,2010,1071,Wigan Athletic,11.4,23,3.4,21,-8.0
GB1,2010,931,Fulham FC,11.05,16,12.81,22,1.76
GB1,2010,1181,Blackpool FC,5.73,27,0.7,23,-5.03
GB1,2010,355,Bolton Wanderers,5.4,17,1.4,19,-4.0
GB1,2010,164,Blackburn Rovers,5.05,30,0.275,30,-4.78
GB1,2010,29,Everton FC,1.7,12,6.6,14,4.9
GB1,2011,631,Chelsea FC,96.45,22,31.56,22,-64.89
GB1,2011,281,Manchester City,91.05,29,31.45,35,-59.6
GB1,2011,31,Liverpool FC,69.33,21,22.0,18,-47.33
GB1,2011,11,Arsenal FC,65.48,33,78.29,26,12.82
GB1,2011,985,Manchester United,62.3,15,12.9,18,-49.41
GB1,2011,289,Sunderland AFC,27.92,35,26.33,32,-1.6
GB1,2011,762,Newcastle United,27.0,27,16.04,26,-10.96
GB1,2011,1039,Queens Park Rangers,26.23,46,2.8,40,-23.43
GB1,2011,512,Stoke City,24.8,26,1.99,27,-22.82
GB1,2011,405,Aston Villa,20.59,21,43.75,25,23.16
GB1,2011,164,Blackburn Rovers,20.55,25,40.3,28,19.75
GB1,2011,931,Fulham FC,18.13,21,7.67,17,-10.46
GB1,2011,355,Bolton Wanderers,15.6,24,16.33,21,0.73
GB1,2011,1123,Norwich City,15.25,19,0.5,18,-14.75
GB1,2011,2288,Swansea City,12.85,23,0.455,20,-12.4
GB1,2011,1071,Wigan Athletic,12.38,23,11.29,15,-1.09
GB1,2011,543,Wolverhampton Wanderers,12.05,29,2.6,32,-9.45
GB1,2011,984,West Bromwich Albion,9.14,25,11.12,27,1.98
GB1,2011,148,Tottenham Hotspur,9.0,36,43.25,35,34.25
GB1,2011,29,Everton FC,7.2,19,26.8,15,19.6
GB1,2012,631,Chelsea FC,109.7,29,25.45,28,-84.25
GB1,2012,985,Manchester United,76.45,18,9.65,15,-66.8
GB1,2012,148,Tottenham Hotspur,73.25,29,72.78,34,-0.47
GB1,2012,31,Liverpool FC,70.6,19,10.45,18,-60.15
GB1,2012,281,Manchester City,61.95,24,44.3,26,-17.65
GB1,2012,11,Arsenal FC,56.0,16,65.85,18,9.85
GB1,2012,1039,Queens Park Rangers,50.35,38,4.51,46,-45.84
GB1,2012,180,Southampton FC,41.5,29,,25,-41.5
GB1,2012,289,Sunderland AFC,38.3,26,14.83,30,-23.48
GB1,2012,762,Newcastle United,31.97,21,14.8,19,-17.17
GB1,2012,405,Aston Villa,27.83,18,3.2,12,-24.63
GB1,2012,379,West Ham United,23.9,24,5.05,28,-18.85
GB1,2012,512,Stoke City,23.68,23,0.64,24,-23.04
GB1,2012,29,Everton FC,21.65,11,18.75,13,-2.9
GB1,2012,2288,Swansea City,20.47,20,32.6,22,12.13
GB1,2012,1123,Norwich City,11.08,28,0.38,24,-10.7
GB1,2012,1032,Reading FC,10.82,33,0.9,27,-9.92
GB1,2012,1071,Wigan Athletic,10.54,21,13.25,23,2.72
GB1,2012,931,Fulham FC,10.0,26,31.42,28,21.42
GB1,2012,984,West Bromwich Albion,5.0,16,3.73,18,-1.28
GB1,2013,631,Chelsea FC,130.35,38,77.93,36,-52.42
GB1,2013,148,Tottenham Hotspur,122.55,30,136.56,28,14.01
GB1,2013,281,Manchester City,115.5,16,11.3,18,-104.2
GB1,2013,985,Manchester United,77.13,18,1.8,20,-75.33
GB1,2013,31,Liverpool FC,58.1,18,32.5,23,-25.6
GB1,2013,11,Arsenal FC,49.25,21,12.15,22,-37.1
GB1,2013,603,Cardiff City,45.82,32,3.74,29,-42.08
GB1,2013,180,Southampton FC,39.6,15,4.95,23,-34.65
GB1,2013,289,Sunderland AFC,33.91,36,22.38,33,-11.53
GB1,2013,873,Crystal Palace,33.0,41,,32,-33.0
GB1,2013,29,Everton FC,31.8,19,46.1,19,14.3
GB1,2013,3008,Hull City,31.1,32,0.88,31,-30.22
GB1,2013,1123,Norwich City,30.05,21,4.84,21,-25.22
GB1,2013,931,Fulham FC,29.3,33,4.15,29,-25.15
GB1,2013,2288,Swansea City,26.61,24,,17,-26.61
GB1,2013,379,West Ham United,24.0,24,0.53,19,-23.47
GB1,2013,405,Aston Villa,19.84,33,8.1,29,-11.74
GB1,2013,984,West Bromwich Albion,15.7,16,11.4,16,-4.3
GB1,2013,512,Stoke City,7.0,20,,20,-7.0
GB1,2013,762,Newcastle United,3.8,14,25.87,17,22.07
GB1,2014,985,Manchester United,195.35,25,46.7,26,-148.65
GB1,2014,31,Liverpool FC,151.43,25,99.27,21,-52.16
GB1,2014,631,Chelsea FC,137.7,42,142.81,48,5.11
GB1,2014,11,Arsenal FC,118.98,18,27.8,22,-91.18
GB1,2014,281,Manchester City,102.8,14,30.3,16,-72.5
GB1,2014,180,Southampton FC,96.5,25,123.83,21,27.33
GB1,2014,148,Tottenham Hotspur,48.48,20,44.15,24,-4.33
GB1,2014,3008,Hull City,48.22,30,18.7,28,-29.52
GB1,2014,762,Newcastle United,45.02,23,23.87,25,-21.15
GB1,2014,1039,Queens Park Rangers,43.54,35,26.04,35,-17.5
GB1,2014,2288,Swansea City,41.53,24,61.9,27,20.37
GB1,2014,29,Everton FC,40.16,18,1.9,15,-38.26
GB1,2014,379,West Ham United,35.15,25,4.4,26,-30.75
GB1,2014,873,Crystal Palace,31.22,41,2.87,39,-28.35
GB1,2014,984,West Bromwich Albion,24.88,16,2.3,20,-22.58
GB1,2014,1003,Leicester City,22.86,31,,24,-22.86
GB1,2014,289,Sunderland AFC,22.52,21,7.25,31,-15.27
GB1,2014,405,Aston Villa,13.45,29,1.32,32,-12.14
GB1,2014,1132,Burnley FC,12.62,24,,23,-12.62
GB1,2014,512,Stoke City,1.8,18,3.8,19,2.0
GB1,2015,281,Manchester City,208.47,22,67.44,25,-141.03
GB1,2015,985,Manchester United,156.0,21,100.67,20,-55.33
GB1,2015,31,Liverpool FC,126.5,24,90.55,24,-35.95
GB1,2015,762,Newcastle United,107.91,26,5.43,23,-102.48
GB1,2015,631,Chelsea FC,96.5,39,87.49,37,-9.01
GB1,2015,1010,Watford FC,83.45,33,9.75,30,-73.7
GB1,2015,148,Tottenham Hotspur,71.0,11,87.25,21,16.25
GB1,2015,405,Aston Villa,66.55,29,64.7,32,-1.85
GB1,2015,289,Sunderland AFC,66.05,29,11.65,25,-54.4
GB1,2015,180,Southampton FC,60.1,16,52.7,17,-7.4
GB1,2015,989,AFC Bournemouth,55.11,36,0.65,33,-54.46
GB1,2015,512,Stoke City,53.65,13,23.2,14,-30.45
GB1,2015,379,West Ham United,52.7,25,18.52,26,-34.19
GB1,2015,1123,Norwich City,50.5,33,21.49,30,-29.01
GB1,2015,1003,Leicester City,49.9,25,9.45,32,-40.45
GB1,2015,29,Everton FC,48.2,18,11.0,17,-37.2
GB1,2015,984,West Bromwich Albion,42.9,12,12.92,13,-29.98
GB1,2015,873,Crystal Palace,28.8,19,5.4,23,-23.4
GB1,2015,11,Arsenal FC,26.5,15,2.5,12,-24.0
GB1,2015,2288,Swansea City,21.81,20,16.81,24,-5.01
GB1,2016,281,Manchester City,216.25,31,35.35,25,-180.9
GB1,2016,985,Manchester United,185.0,8,47.25,13,-137.75
GB1,2016,631,Chelsea FC,132.8,27,108.9,30,-23.9
GB1,2016,11,Arsenal FC,113.0,11,10.35,12,-102.65
GB1,2016,873,Crystal Palace,101.2,22,50.2,24,-51.0
GB1,2016,1003,Leicester City,92.1,17,66.05,18,-26.05
GB1,2016,29,Everton FC,86.0,18,60.8,18,-25.2
GB1,2016,148,Tottenham Hotspur,83.5,8,52.3,8,-31.2
GB1,2016,379,West Ham United,83.5,21,41.0,15,-42.5
GB1,2016,31,Liverpool FC,79.9,21,88.98,19,9.08
GB1,2016,1010,Watford FC,70.45,29,58.1,32,-12.35
GB1,2016,180,Southampton FC,68.9,12,85.05,9,16.15
GB1,2016,2288,Swansea City,58.1,21,49.3,17,-8.8
GB1,2016,641,Middlesbrough FC,47.95,18,13.5,19,-34.45
GB1,2016,1132,Burnley FC,45.6,27,1.2,26,-44.4
GB1,2016,512,Stoke City,42.17,14,3.8,13,-38.37
GB1,2016,289,Sunderland AFC,41.9,25,23.77,23,-18.13
GB1,2016,989,AFC Bournemouth,40.69,19,23.69,31,-17.0
GB1,2016,3008,Hull City,40.0,26,28.9,17,-11.1
GB1,2016,984,West Bromwich Albion,37.9,13,26.98,14,-10.93
GB1,2017,281,Manchester City,317.5,31,91.35,32,-226.15
GB1,2017,631,Chelsea FC,260.5,40,194.6,31,-65.9
GB1,2017,29,Everton FC,203.2,23,126.38,21,-76.82
GB1,2017,985,Manchester United,198.4,12,45.5,10,-152.9
GB1,2017,31,Liverpool FC,173.65,13,184.5,15,10.85
GB1,2017,11,Arsenal FC,152.85,10,162.4,16,9.55
GB1,2017,148,Tottenham Hotspur,121.0,15,103.8,12,-17.2
GB1,2017,1003,Leicester City,83.85,14,50.1,13,-33.75
GB1,2017,1010,Watford FC,73.4,32,18.74,30,-54.66
GB1,2017,2288,Swansea City,73.39,21,81.1,24,7.72
GB1,2017,1237,Brighton & Hove Albion,70.0,23,0.4,22,-69.6
GB1,2017,180,Southampton FC,61.25,12,98.35,14,37.1
GB1,2017,512,Stoke City,57.7,18,35.14,17,-22.56
GB1,2017,379,West Ham United,56.8,16,64.02,25,7.22
GB1,2017,1110,Huddersfield Town,56.75,22,6.46,16,-50.3
GB1,2017,873,Crystal Palace,55.95,15,3.0,18,-52.95
GB1,2017,984,West Bromwich Albion,53.5,17,2.05,11,-51.45
GB1,2017,762,Newcastle United,46.5,27,21.22,29,-25.28
GB1,2017,1132,Burnley FC,35.74,20,50.0,22,14.26
GB1,2017,989,AFC Bournemouth,34.3,15,,14,-34.3
GB1,2018,631,Chelsea FC,208.8,30,83.25,31,-125.55
GB1,2018,31,Liverpool FC,192.2,18,41.32,21,-150.88
GB1,2018,543,Wolverhampton Wanderers,117.5,35,23.3,45,-94.2
GB1,2018,931,Fulham FC,116.5,18,5.35,11,-111.15
GB1,2018,1003,Leicester City,114.6,17,95.8,18,-18.8
GB1,2018,379,West Ham United,100.9,18,13.77,13,-87.14
GB1,2018,29,Everton FC,99.8,19,28.65,23,-71.15
GB1,2018,989,AFC Bournemouth,91.6,14,20.2,16,-71.4
GB1,2018,1237,Brighton & Hove Albion,90.62,28,13.62,29,-77.0
GB1,2018,985,Manchester United,82.7,10,30.55,10,-52.15
GB1,2018,11,Arsenal FC,80.15,17,9.1,12,-71.05
GB1,2018,281,Manchester City,78.59,19,57.6,22,-20.99
GB1,2018,180,Southampton FC,62.25,16,26.1,18,-36.15
GB1,2018,762,Newcastle United,59.75,22,51.05,23,-8.7
GB1,2018,603,Cardiff City,51.2,18,,18,-51.2
GB1,2018,1110,Huddersfield Town,50.7,14,12.33,16,-38.37
GB1,2018,1132,Burnley FC,33.0,10,8.0,13,-25.0
GB1,2018,1010,Watford FC,30.1,26,54.1,27,24.0
GB1,2018,873,Crystal Palace,11.85,11,0.35,16,-11.5
GB1,2018,148,Tottenham Hotspur,,4,5.35,4,5.35
GB1,2019,985,Manchester United,236.8,13,81.18,12,-155.62
GB1,2019,281,Manchester City,169.82,25,71.0,26,-98.82
GB1,2019,11,Arsenal FC,160.8,16,53.65,19,-107.15
GB1,2019,405,Aston Villa,159.5,22,3.0,22,-156.5
GB1,2019,148,Tottenham Hotspur,150.5,12,64.5,14,-86.0
GB1,2019,29,Everton FC,121.0,22,87.8,22,-33.2
GB1,2019,379,West Ham United,119.8,10,55.73,17,-64.07
GB1,2019,543,Wolverhampton Wanderers,116.7,27,24.1,26,-92.6
GB1,2019,1003,Leicester City,104.3,13,88.5,13,-15.8
GB1,2019,350,Sheffield United,72.5,23,0.35,21,-72.15
GB1,2019,762,Newcastle United,72.4,13,35.64,11,-36.76
GB1,2019,1237,Brighton & Hove Albion,61.74,25,8.5,30,-53.24
GB1,2019,180,Southampton FC,61.5,14,27.3,17,-34.2
GB1,2019,1010,Watford FC,56.0,21,29.4,21,-26.6
GB1,2019,989,AFC Bournemouth,54.91,13,34.63,12,-20.29
GB1,2019,631,Chelsea FC,45.0,22,165.07,29,120.07
GB1,2019,1132,Burnley FC,23.85,8,13.55,11,-10.3
GB1,2019,31,Liverpool FC,10.4,15,48.0,16,37.6
GB1,2019,1123,Norwich City,8.82,22,2.2,27,-6.62
GB1,2019,873,Crystal Palace,7.6,13,55.38,15,47.78
GB1,2020,631,Chelsea FC,267.2,31,57.15,26,-210.05
GB1,2020,281,Manchester City,173.4,27,64.0,27,-109.4
GB1,2020,399,Leeds United,127.8,16,,16,-127.8
GB1,2020,148,Tottenham Hotspur,110.5,15,13.3,11,-97.2
GB1,2020,405,Aston Villa,101.35,12,2.77,15,-98.58
GB1,2020,985,Manchester United,89.95,17,19.5,17,-70.45
GB1,2020,543,Wolverhampton Wanderers,87.59,21,79.2,22,-8.39
GB1,2020,11,Arsenal FC,86.0,16,19.15,16,-66.85
GB1,2020,31,Liverpool FC,84.8,17,17.2,13,-67.6
GB1,2020,29,Everton FC,74.37,20,4.43,20,-69.95
GB1,2020,350,Sheffield United,62.7,16,,19,-62.7
GB1,2020,1003,Leicester City,59.4,19,53.77,18,-5.63
GB1,2020,379,West Ham United,54.7,16,45.41,17,-9.29
GB1,2020,1237,Brighton & Hove Albion,54.6,28,20.6,22,-34.0
GB1,2020,984,West Bromwich Albion,42.14,23,8.1,22,-34.04
GB1,2020,762,Newcastle United,38.75,10,0.78,15,-37.97
GB1,2020,180,Southampton FC,37.3,23,26.3,18,-11.0
GB1,2020,931,Fulham FC,37.25,23,,19,-37.25
GB1,2020,873,Crystal Palace,32.4,12,20.0,8,-12.4
GB1,2020,1132,Burnley FC,1.1,6,2.3,6,1.2
GB1,2021,11,Arsenal FC,167.4,13,31.4,20,-136.0
GB1,2021,985,Manchester United,142.0,16,31.1,14,-110.9
GB1,2021,281,Manchester City,138.9,22,93.8,24,-45.1
GB1,2021,762,Newcastle United,138.5,12,,10,-138.5
GB1,2021,405,Aston Villa,129.8,22,127.0,18,-2.8
GB1,2021,631,Chelsea FC,118.0,21,157.59,23,39.59
GB1,2021,148,Tottenham Hotspur,95.9,14,34.62,19,-61.28
GB1,2021,31,Liverpool FC,89.0,14,31.65,12,-57.35
GB1,2021,873,Crystal Palace,85.62,13,,15,-85.62
GB1,2021,1237,Brighton & Hove Albion,75.58,26,78.8,29,3.22
GB1,2021,379,West Ham United,74.5,10,4.24,8,-70.27
GB1,2021,1003,Leicester City,67.6,11,4.0,11,-63.6
GB1,2021,1123,Norwich City,63.55,32,38.4,30,-25.15
GB1,2021,180,Southampton FC,63.4,10,60.35,14,-3.05
GB1,2021,399,Leeds United,59.3,13,,15,-59.3
GB1,2021,1132,Burnley FC,49.4,8,40.5,6,-8.9
GB1,2021,1010,Watford FC,43.5,31,12.85,29,-30.65
GB1,2021,29,Everton FC,39.5,13,46.0,15,6.5
GB1,2021,1148,Brentford FC,38.2,19,1.0,15,-37.2
GB1,2021,543,Wolverhampton Wanderers,37.6,24,31.8,22,-5.8
GB1,2022,631,Chelsea FC,630.25,28,67.86,25,-562.39
GB1,2022,985,Manchester United,242.5,23,23.65,19,-218.85
GB1,2022,703,Nottingham Forest,198.35,42,5.0,26,-193.35
GB1,2022,379,West Ham United,196.6,12,21.55,13,-175.05
GB1,2022,762,Newcastle United,189.1,14,14.06,12,-175.04
GB1,2022,11,Arsenal FC,186.2,25,23.8,18,-162.4
GB1,2022,148,Tottenham Hotspur,181.7,15,38.75,14,-142.95
GB1,2022,543,Wolverhampton Wanderers,179.51,31,64.87,27,-114.64
GB1,2022,399,Leeds United,163.89,24,114.5,19,-49.39
GB1,2022,281,Manchester City,155.0,29,161.97,24,6.97
GB1,2022,180,Southampton FC,154.21,21,5.5,14,-148.71
GB1,2022,31,Liverpool FC,140.9,10,80.1,13,-60.8
GB1,2022,405,Aston Villa,113.0,23,54.0,22,-59.0
GB1,2022,989,AFC Bournemouth,93.4,17,,13,-93.4
GB1,2022,29,Everton FC,83.07,19,103.6,21,20.53
GB1,2022,931,Fulham FC,76.1,20,25.4,21,-50.7
GB1,2022,1237,Brighton & Hove Albion,55.7,21,138.4,23,82.7
GB1,2022,1148,Brentford FC,49.25,23,3.6,21,-45.65
GB1,2022,1003,Leicester City,49.0,11,81.4,10,32.4
GB1,2022,873,Crystal Palace,46.6,15,5.46,13,-41.15
GB1,2023,631,Chelsea FC,448.1,29,282.2,32,-165.9
GB1,2023,148,Tottenham Hotspur,275.1,27,120.7,22,-154.4
GB1,2023,281,Manchester City,259.6,19,138.8,21,-120.8
GB1,2023,11,Arsenal FC,235.1,15,69.2,16,-165.9
GB1,2023,985,Manchester United,212.7,15,63.77,23,-148.93
GB1,2023,31,Liverpool FC,172.0,12,60.7,16,-111.3
GB1,2023,762,Newcastle United,156.3,15,44.6,14,-111.7
GB1,2023,379,West Ham United,144.55,10,172.86,11,28.31
GB1,2023,405,Aston Villa,135.1,14,33.16,14,-101.94
GB1,2023,703,Nottingham Forest,131.63,35,82.82,41,-48.81
GB1,2023,989,AFC Bournemouth,129.89,23,1.5,21,-128.39
GB1,2023,1132,Burnley FC,111.05,31,3.8,22,-107.25
GB1,2023,1237,Brighton & Hove Albion,106.85,28,189.0,22,82.15
GB1,2023,543,Wolverhampton Wanderers,94.0,26,169.2,31,75.2
GB1,2023,931,Fulham FC,73.17,15,53.2,16,-19.97
GB1,2023,1148,Brentford FC,72.35,19,10.25,16,-62.1
GB1,2023,873,Crystal Palace,67.8,9,,9,-67.8
GB1,2023,350,Sheffield United,66.95,18,30.9,15,-36.05
GB1,2023,29,Everton FC,40.5,16,82.8,16,42.3
GB1,2023,1031,Luton Town,25.9,28,0.3,26,-25.6
GB1,2024,1237,Brighton & Hove Albion,281.45,23,50.74,25,-230.71
GB1,2024,631,Chelsea FC,259.4,31,237.1,31,-22.3
GB1,2024,985,Manchester United,249.4,15,129.6,17,-119.8
GB1,2024,281,Manchester City,243.0,15,141.7,13,-101.3
GB1,2024,405,Aston Villa,214.2,20,257.17,25,42.97
GB1,2024,148,Tottenham Hotspur,185.35,16,56.3,17,-129.05
GB1,2024,677,Ipswich Town,152.59,17,2.36,18,-150.23
GB1,2024,989,AFC Bournemouth,145.17,17,66.09,23,-79.09
GB1,2024,379,West Ham United,144.4,17,46.15,14,-98.25
GB1,2024,180,Southampton FC,126.75,30,41.59,19,-85.16
GB1,2024,543,Wolverhampton Wanderers,119.4,22,116.2,16,-3.21
GB1,2024,11,Arsenal FC,107.6,10,83.79,13,-23.81
GB1,2024,703,Nottingham Forest,105.5,26,86.7,32,-18.8
GB1,2024,1148,Brentford FC,98.4,14,74.5,18,-23.9
GB1,2024,873,Crystal Palace,91.9,15,100.7,17,8.8
GB1,2024,931,Fulham FC,91.55,13,68.8,12,-22.75
GB1,2024,1003,Leicester City,90.05,15,47.25,13,-42.8
GB1,2024,762,Newcastle United,68.2,9,89.55,14,21.35
GB1,2024,29,Everton FC,50.64,11,84.15,12,33.51
GB1,2024,31,Liverpool FC,42.0,11,47.0,13,5.0
GB1,2025,31,Liverpool FC,483.13,17,219.5,12,-263.63
GB1,2025,631,Chelsea FC,329.15,28,339.25,29,10.1
GB1,2025,281,Manchester City,301.8,20,107.28,20,-194.52
GB1,2025,11,Arsenal FC,297.57,16,13.88,16,-283.69
GB1,2025,762,Newcastle United,278.85,15,176.0,15,-102.85
GB1,2025,148,Tottenham Hotspur,265.6,19,82.7,19,-182.9
GB1,2025,985,Manchester United,246.7,12,77.2,14,-169.5
GB1,2025,703,Nottingham Forest,241.83,26,130.4,24,-111.43
GB1,2025,289,Sunderland AFC,213.44,29,57.1,29,-156.34
GB1,2025,379,West Ham United,203.3,22,147.0,25,-56.3
GB1,2025,989,AFC Bournemouth,181.1,21,310.41,21,129.31
GB1,2025,543,Wolverhampton Wanderers,149.1,19,230.2,25,81.1
GB1,2025,873,Crystal Palace,145.0,24,97.15,20,-47.85
GB1,2025,1132,Burnley FC,131.3,27,35.0,26,-96.3
GB1,2025,29,Everton FC,129.75,17,12.6,18,-117.15
GB1,2025,399,Leeds United,113.7,15,7.0,14,-106.7
GB1,2025,1148,Brentford FC,108.7,19,159.61,19,50.91
GB1,2025,405,Aston Villa,83.5,24,57.85,22,-25.65
GB1,2025,1237,Brighton & Hove Albion,82.0,31,148.65,30,66.65
GB1,2025,931,Fulham FC,75.7,6,19.3,8,-56.4
GB1,2026,281,Manchester City,526.2,19,337.02,19,-189.18
GB1,2026,631,Chelsea FC,407.48,17,447.8,20,40.32
GB1,2026,148,Tottenham Hotspur,366.35,18,164.25,19,-202.1
GB1,2026,762,Newcastle United,313.0,11,279.1,13,-33.9
GB1,2026,405,Aston Villa,300.2,21,365.25,18,65.05
GB1,2026,31,Liverpool FC,269.6,13,31.2,12,-238.4
GB1,2026,11,Arsenal FC,227.1,12,135.15,11,-91.95
GB1,2026,677,Ipswich Town,220.65,23,19.36,19,-201.29
GB1,2026,1237,Brighton & Hove Albion,180.1,21,192.15,19,12.05
GB1,2026,3008,Hull City,175.65,27,20.27,20,-155.39
GB1,2026,985,Manchester United,173.2,13,55.65,8,-117.55
GB1,2026,990,Coventry City,160.55,17,5.15,10,-155.4
GB1,2026,703,Nottingham Forest,138.2,12,164.7,16,26.5
GB1,2026,1148,Brentford FC,124.3,14,12.85,12,-111.45
GB1,2026,29,Everton FC,102.75,8,128.95,11,26.2
GB1,2026,931,Fulham FC,102.4,10,20.5,8,-81.9
GB1,2026,399,Leeds United,99.7,14,35.1,14,-64.6
GB1,2026,873,Crystal Palace,85.3,14,129.3,14,44.0
GB1,2026,989,AFC Bournemouth,80.8,14,13.4,10,-67.4
GB1,2026,289,Sunderland AFC,70.9,18,32.75,17,-38.15
GB2,1998,164,Blackburn Rovers,56.84,28,17.7,20,-39.14
GB2,1998,641,Middlesbrough FC,13.26,15,10.7,13,-2.56
GB2,1998,379,West Ham United,11.14,28,18.96,20,7.83
GB2,1998,358,Charlton Athletic,7.76,22,0.3,11,-7.46
GB2,1998,180,Southampton FC,7.45,20,13.6,15,6.15
GB2,1998,355,Bolton Wanderers,6.48,18,16.35,20,9.88
GB2,1998,22,Derby County,5.69,20,16.25,18,10.56
GB2,1998,698,Bristol City,4.09,25,0.018,18,-4.07
GB2,1998,337,Birmingham City,3.01,7,1.2,8,-1.81
GB2,1998,1132,Burnley FC,1.73,25,0.131,25,-1.59
GB2,1998,1123,Norwich City,1.73,13,0.94,8,-0.785
GB2,1998,543,Wolverhampton Wanderers,1.6,16,4.65,22,3.05
GB2,1998,1020,Portsmouth FC,0.871,14,1.31,14,0.44
GB2,1998,984,West Bromwich Albion,0.299,12,0.275,16,-0.024
GB2,1998,350,Sheffield United,0.25,18,4.41,27,4.16
GB2,1998,1010,Watford FC,0.244,12,0.504,9,0.26
GB2,1998,603,Cardiff City,0.119,16,0.375,16,0.256
GB2,1998,466,Preston North End,0.075,13,0.018,17,-0.058
GB2,1998,1198,Lincoln City,0.025,14,0.106,14,0.081
GB2,1998,1039,Queens Park Rangers,0.018,13,6.05,14,6.03
GB2,1998,2288,Swansea City,0.012,7,,7,-0.012
GB2,1998,512,Stoke City,,14,0.31,18,0.31
GB2,1998,1028,Millwall FC,,11,0.057,16,0.057
GB2,1998,1112,Wrexham AFC,,11,0.89,12,0.89
GB2,1999,22,Derby County,22.9,21,7.65,21,-15.25
GB2,1999,641,Middlesbrough FC,10.32,12,0.075,11,-10.25
GB2,1999,379,West Ham United,9.58,33,11.2,30,1.62
GB2,1999,164,Blackburn Rovers,7.6,22,28.67,27,21.07
GB2,1999,543,Wolverhampton Wanderers,7.46,17,9.0,17,1.54
GB2,1999,1020,Portsmouth FC,7.08,29,0.405,19,-6.68
GB2,1999,1010,Watford FC,4.4,15,0.492,12,-3.91
GB2,1999,180,Southampton FC,3.43,18,0.705,19,-2.72
GB2,1999,337,Birmingham City,2.81,16,1.38,18,-1.43
GB2,1999,358,Charlton Athletic,2.6,13,6.82,21,4.22
GB2,1999,350,Sheffield United,1.96,27,9.58,31,7.62
GB2,1999,698,Bristol City,1.38,20,7.49,20,6.11
GB2,1999,984,West Bromwich Albion,1.17,14,9.12,14,7.95
GB2,1999,512,Stoke City,1.1,19,0.5,20,-0.6
GB2,1999,1028,Millwall FC,1.05,12,,11,-1.05
GB2,1999,1132,Burnley FC,0.878,9,,14,-0.878
GB2,1999,1123,Norwich City,0.694,8,4.5,10,3.81
GB2,1999,1039,Queens Park Rangers,0.35,9,,8,-0.35
GB2,1999,603,Cardiff City,0.165,16,0.055,16,-0.11
GB2,1999,355,Bolton Wanderers,0.075,13,5.2,15,5.13
GB2,1999,1198,Lincoln City,0.03,13,0.029,14,-0.001
GB2,1999,2288,Swansea City,0.024,7,0.038,4,0.014
GB2,1999,466,Preston North End,0.007,10,0.046,6,0.039
GB2,1999,1112,Wrexham AFC,,12,0.628,10,0.628
GB2,2000,641,Middlesbrough FC,32.97,22,10.0,16,-22.97
GB2,2000,379,West Ham United,18.94,25,42.4,29,23.46
GB2,2000,358,Charlton Athletic,17.8,15,0.525,16,-17.28
GB2,2000,164,Blackburn Rovers,14.7,31,13.87,32,-0.83
GB2,2000,22,Derby County,8.33,15,6.88,11,-1.45
GB2,2000,984,West Bromwich Albion,7.13,13,0.635,11,-6.49
GB2,2000,543,Wolverhampton Wanderers,6.35,20,,15,-6.35
GB2,2000,1020,Portsmouth FC,5.74,20,1.0,19,-4.74
GB2,2000,337,Birmingham City,4.88,15,4.56,14,-0.314
GB2,2000,466,Preston North End,3.53,15,1.15,14,-2.38
GB2,2000,355,Bolton Wanderers,3.5,24,15.05,22,11.55
GB2,2000,1010,Watford FC,2.53,8,0.025,15,-2.5
GB2,2000,603,Cardiff City,2.29,20,,16,-2.29
GB2,2000,1132,Burnley FC,1.5,14,0.713,16,-0.787
GB2,2000,698,Bristol City,1.05,15,0.037,13,-1.01
GB2,2000,512,Stoke City,0.792,21,0.225,22,-0.567
GB2,2000,1123,Norwich City,0.675,14,9.95,17,9.28
GB2,2000,1112,Wrexham AFC,0.6,11,,11,-0.6
GB2,2000,1039,Queens Park Rangers,0.46,25,0.075,20,-0.385
GB2,2000,350,Sheffield United,0.14,24,5.8,21,5.66
GB2,2000,180,Southampton FC,0.115,14,0.145,19,0.03
GB2,2000,1028,Millwall FC,,9,0.675,11,0.675
GB2,2000,1198,Lincoln City,,15,0.4,14,0.4
GB2,2000,2288,Swansea City,,12,,10,0.0
GB2,2001,164,Blackburn Rovers,33.01,20,9.35,24,-23.66
GB2,2001,641,Middlesbrough FC,22.7,25,5.25,31,-17.46
GB2,2001,379,West Ham United,21.26,12,18.13,17,-3.14
GB2,2001,180,Southampton FC,18.5,19,14.45,14,-4.05
GB2,2001,543,Wolverhampton Wanderers,17.83,23,2.49,26,-15.34
GB2,2001,358,Charlton Athletic,16.5,15,1.45,18,-15.05
GB2,2001,603,Cardiff City,6.7,15,,11,-6.7
GB2,2001,1020,Portsmouth FC,6.68,22,9.0,16,2.33
GB2,2001,22,Derby County,4.59,16,17.5,15,12.92
GB2,2001,984,West Bromwich Albion,3.85,15,7.5,14,3.66
GB2,2001,355,Bolton Wanderers,3.13,26,0.07,19,-3.06
GB2,2001,1132,Burnley FC,2.58,16,0.435,10,-2.14
GB2,2001,1123,Norwich City,2.27,11,0.148,10,-2.12
GB2,2001,466,Preston North End,2.23,15,7.52,17,5.3
GB2,2001,337,Birmingham City,1.92,25,,20,-1.92
GB2,2001,1010,Watford FC,1.63,25,1.95,19,0.322
GB2,2001,350,Sheffield United,0.777,21,,17,-0.777
GB2,2001,1028,Millwall FC,0.75,16,1.67,19,0.92
GB2,2001,1039,Queens Park Rangers,0.375,25,2.55,32,2.18
GB2,2001,512,Stoke City,0.26,24,4.0,18,3.74
GB2,2001,698,Bristol City,0.01,9,,12,-0.01
GB2,2001,1112,Wrexham AFC,,12,,11,0.0
GB2,2001,1198,Lincoln City,,8,,9,0.0
GB2,2001,2288,Swansea City,,11,0.15,18,0.15
GB2,2002,641,Middlesbrough FC,38.58,25,0.95,28,-37.63
GB2,2002,984,West Bromwich Albion,16.95,10,,7,-16.95
GB2,2002,337,Birmingham City,15.68,23,1.15,20,-14.53
GB2,2002,180,Southampton FC,12.0,16,,20,-12.0
GB2,2002,164,Blackburn Rovers,6.75,22,1.8,18,-4.95
GB2,2002,358,Charlton Athletic,5.3,12,2.65,12,-2.65
GB2,2002,466,Preston North End,1.85,23,2.58,21,0.725
GB2,2002,1020,Portsmouth FC,1.06,36,0.6,35,-0.455
GB2,2002,603,Cardiff City,0.9,14,,15,-0.9
GB2,2002,350,Sheffield United,0.375,27,,28,-0.375
GB2,2002,1039,Queens Park Rangers,0.375,19,,29,-0.375
GB2,2002,379,West Ham United,0.24,18,0.075,21,-0.165
GB2,2002,22,Derby County,,15,14.22,20,14.22
GB2,2002,355,Bolton Wanderers,,25,5.29,30,5.29
GB2,2002,512,Stoke City,,17,,22,0.0
GB2,2002,543,Wolverhampton Wanderers,,13,0.4,17,0.4
GB2,2002,698,Bristol City,,16,,19,0.0
GB2,2002,1010,Watford FC,,17,1.88,23,1.88
GB2,2002,1028,Millwall FC,,16,,12,0.0
GB2,2002,1112,Wrexham AFC,,8,,11,0.0
GB2,2002,1123,Norwich City,,10,,11,0.0
GB2,2002,1132,Burnley FC,,10,,12,0.0
GB2,2002,1198,Lincoln City,,13,,16,0.0
GB2,2002,2288,Swansea City,,23,,22,0.0
GB2,2003,164,Blackburn Rovers,22.34,25,35.35,31,13.01
GB2,2003,337,Birmingham City,17.1,16,1.95,27,-15.15
GB2,2003,1020,Portsmouth FC,12.38,40,0.2,41,-12.18
GB2,2003,543,Wolverhampton Wanderers,9.88,27,1.15,21,-8.73
GB2,2003,180,Southampton FC,9.56,21,11.02,19,1.47
GB2,2003,641,Middlesbrough FC,5.7,29,1.13,32,-4.58
GB2,2003,984,West Bromwich Albion,5.33,23,2.32,21,-3.01
GB2,2003,379,West Ham United,2.85,34,40.59,34,37.74
GB2,2003,603,Cardiff City,1.87,7,,12,-1.87
GB2,2003,698,Bristol City,1.63,13,1.08,14,-0.546
GB2,2003,1123,Norwich City,1.6,12,0.185,14,-1.42
GB2,2003,358,Charlton Athletic,1.5,22,15.0,19,13.5
GB2,2003,350,Sheffield United,1.03,27,0.7,29,-0.333
GB2,2003,355,Bolton Wanderers,0.75,27,0.075,30,-0.675
GB2,2003,512,Stoke City,0.41,27,0.065,24,-0.345
GB2,2003,1028,Millwall FC,0.31,23,3.6,18,3.29
GB2,2003,1010,Watford FC,0.295,19,0.375,19,0.08
GB2,2003,22,Derby County,0.225,32,0.18,34,-0.045
GB2,2003,1198,Lincoln City,0.1,17,0.075,10,-0.025
GB2,2003,1039,Queens Park Rangers,0.075,23,0.3,22,0.225
GB2,2003,2288,Swansea City,0.05,24,0.45,24,0.4
GB2,2003,466,Preston North End,,15,0.325,17,0.325
GB2,2003,1112,Wrexham AFC,,8,0.36,9,0.36
GB2,2003,1132,Burnley FC,,17,1.13,26,1.13
GB2,2004,399,Leeds United,4.03,44,27.7,44,23.68
GB2,2004,543,Wolverhampton Wanderers,4.03,19,0.215,21,-3.81
GB2,2004,1003,Leicester City,2.17,27,1.91,29,-0.266
GB2,2004,466,Preston North End,1.88,29,5.33,31,3.45
GB2,2004,1071,Wigan Athletic,1.8,18,,18,-1.8
GB2,2004,379,West Ham United,1.51,24,5.25,26,3.74
GB2,2004,289,Sunderland AFC,1.45,19,,24,-1.45
GB2,2004,1032,Reading FC,1.2,12,,15,-1.2
GB2,2004,1132,Burnley FC,0.985,16,4.58,18,3.59
GB2,2004,2262,Plymouth Argyle,0.95,20,0.293,19,-0.657
GB2,2004,1028,Millwall FC,0.755,27,2.2,31,1.45
GB2,2004,350,Sheffield United,0.565,29,0.08,27,-0.485
GB2,2004,703,Nottingham Forest,0.52,24,15.75,25,15.23
GB2,2004,677,Ipswich Town,0.375,15,0.675,19,0.3
GB2,2004,1010,Watford FC,0.375,17,0.275,22,-0.1
GB2,2004,990,Coventry City,0.35,33,2.55,36,2.2
GB2,2004,1039,Queens Park Rangers,0.23,25,0.175,27,-0.055
GB2,2004,1042,Crewe Alexandra,0.2,8,6.75,15,6.55
GB2,2004,512,Stoke City,0.075,23,0.975,23,0.9
GB2,2004,22,Derby County,,16,,18,0.0
GB2,2004,603,Cardiff City,,15,4.5,14,4.5
GB2,2004,1194,Rotherham United,,13,0.6,16,0.6
GB2,2004,1237,Brighton & Hove Albion,,17,0.75,18,0.75
GB2,2004,2814,Gillingham FC,,23,0.525,21,0.525
GB2,2005,350,Sheffield United,6.83,53,2.38,44,-4.45
GB2,2005,873,Crystal Palace,6.45,10,3.3,13,-3.15
GB2,2005,399,Leeds United,5.88,25,1.58,25,-4.3
GB2,2005,1123,Norwich City,5.83,21,13.49,21,7.67
GB2,2005,3008,Hull City,3.96,22,0.075,22,-3.89
GB2,2005,180,Southampton FC,3.85,37,29.92,41,26.07
GB2,2005,543,Wolverhampton Wanderers,3.13,29,6.59,28,3.47
GB2,2005,1032,Reading FC,2.67,27,0.625,23,-2.04
GB2,2005,1035,Sheffield Wednesday,2.32,33,0.075,34,-2.24
GB2,2005,512,Stoke City,2.18,19,2.93,24,0.75
GB2,2005,603,Cardiff City,1.75,23,4.95,21,3.2
GB2,2005,1010,Watford FC,1.73,29,3.1,29,1.38
GB2,2005,1003,Leicester City,1.6,23,3.43,28,1.83
GB2,2005,677,Ipswich Town,1.2,22,6.38,22,5.18
GB2,2005,466,Preston North End,0.725,25,2.78,22,2.05
GB2,2005,22,Derby County,0.6,28,9.0,32,8.4
GB2,2005,1132,Burnley FC,0.595,21,2.63,17,2.03
GB2,2005,1028,Millwall FC,0.42,29,4.43,37,4.01
GB2,2005,1237,Brighton & Hove Albion,0.35,30,3.67,30,3.32
GB2,2005,1039,Queens Park Rangers,0.225,30,0.785,22,0.56
GB2,2005,1031,Luton Town,0.2,13,4.5,14,4.3
GB2,2005,1042,Crewe Alexandra,0.165,31,,24,-0.165
GB2,2005,990,Coventry City,0.075,22,,21,-0.075
GB2,2005,2262,Plymouth Argyle,,18,0.634,16,0.634
GB2,2006,337,Birmingham City,20.43,24,32.48,33,12.05
GB2,2006,289,Sunderland AFC,16.1,32,11.58,37,-4.53
GB2,2006,22,Derby County,9.97,28,1.85,24,-8.12
GB2,2006,873,Crystal Palace,9.0,25,18.33,24,9.33
GB2,2006,180,Southampton FC,6.95,29,4.35,31,-2.6
GB2,2006,990,Coventry City,3.71,35,7.19,35,3.48
GB2,2006,466,Preston North End,3.45,26,5.55,27,2.1
GB2,2006,399,Leeds United,3.09,34,9.43,34,6.34
GB2,2006,3008,Hull City,2.95,29,3.53,28,0.575
GB2,2006,1031,Luton Town,2.84,21,7.45,19,4.61
GB2,2006,984,West Bromwich Albion,2.84,17,2.55,17,-0.288
GB2,2006,1132,Burnley FC,2.83,10,0.185,10,-2.64
GB2,2006,543,Wolverhampton Wanderers,2.81,29,10.25,30,7.44
GB2,2006,512,Stoke City,2.55,36,2.05,32,-0.5
GB2,2006,1035,Sheffield Wednesday,2.24,28,4.23,27,1.99
GB2,2006,1123,Norwich City,1.93,25,3.98,21,2.05
GB2,2006,603,Cardiff City,1.91,38,4.45,34,2.54
GB2,2006,2262,Plymouth Argyle,1.6,25,,21,-1.6
GB2,2006,1039,Queens Park Rangers,1.4,21,2.4,26,1.0
GB2,2006,677,Ipswich Town,1.34,31,2.2,25,0.865
GB2,2006,2793,Southend United,1.05,31,0.125,28,-0.925
GB2,2006,349,Barnsley FC,0.625,32,1.58,36,0.95
GB2,2006,1003,Leicester City,,14,1.84,18,1.84
GB2,2006,1060,Colchester United,,10,5.63,15,5.63
GB2,2007,984,West Bromwich Albion,22.23,31,32.25,27,10.03
GB2,2007,358,Charlton Athletic,13.49,41,40.1,43,26.61
GB2,2007,350,Sheffield United,10.55,45,16.55,52,6.0
GB2,2007,1010,Watford FC,10.42,26,9.3,30,-1.12
GB2,2007,1039,Queens Park Rangers,9.93,38,3.83,39,-6.1
GB2,2007,1003,Leicester City,8.65,53,1.41,39,-7.24
GB2,2007,543,Wolverhampton Wanderers,7.5,30,0.425,25,-7.08
GB2,2007,512,Stoke City,6.95,31,7.37,32,0.429
GB2,2007,466,Preston North End,6.08,28,10.94,29,4.86
GB2,2007,677,Ipswich Town,4.35,24,1.1,26,-3.25
GB2,2007,698,Bristol City,4.2,26,0.134,23,-4.06
GB2,2007,349,Barnsley FC,3.84,36,0.28,35,-3.56
GB2,2007,3008,Hull City,3.35,23,1.67,26,-1.69
GB2,2007,180,Southampton FC,3.13,27,30.91,32,27.79
GB2,2007,2262,Plymouth Argyle,2.63,26,7.5,31,4.87
GB2,2007,1123,Norwich City,2.25,30,10.18,33,7.93
GB2,2007,1060,Colchester United,2.1,21,1.25,13,-0.85
GB2,2007,990,Coventry City,2.05,27,0.325,23,-1.72
GB2,2007,873,Crystal Palace,1.65,33,5.24,32,3.59
GB2,2007,1132,Burnley FC,1.35,17,4.05,14,2.7
GB2,2007,1035,Sheffield Wednesday,1.29,28,4.87,27,3.59
GB2,2007,2964,Scunthorpe United,0.455,24,3.08,27,2.62
GB2,2007,1181,Blackpool FC,0.4,28,0.06,24,-0.34
GB2,2007,603,Cardiff City,,20,11.45,28,11.45
GB2,2008,543,Wolverhampton Wanderers,8.92,30,7.1,35,-1.82
GB2,2008,350,Sheffield United,7.11,35,11.78,42,4.67
GB2,2008,703,Nottingham Forest,5.62,29,1.61,32,-4.02
GB2,2008,677,Ipswich Town,5.44,31,1.31,32,-4.13
GB2,2008,22,Derby County,4.85,41,7.7,42,2.85
GB2,2008,698,Bristol City,4.78,22,1.88,24,-2.91
GB2,2008,1132,Burnley FC,4.03,16,4.5,17,0.47
GB2,2008,1039,Queens Park Rangers,4.03,28,1.55,24,-2.48
GB2,2008,990,Coventry City,3.9,26,1.23,30,-2.67
GB2,2008,873,Crystal Palace,3.51,25,6.0,26,2.5
GB2,2008,337,Birmingham City,3.5,33,10.88,32,7.38
GB2,2008,1032,Reading FC,2.76,38,16.9,43,14.14
GB2,2008,349,Barnsley FC,2.34,19,0.81,22,-1.53
GB2,2008,2262,Plymouth Argyle,2.19,32,2.5,30,0.31
GB2,2008,180,Southampton FC,2.03,35,3.38,26,1.36
GB2,2008,1123,Norwich City,1.75,27,2.15,36,0.4
GB2,2008,1181,Blackpool FC,1.41,41,0.725,46,-0.688
GB2,2008,2288,Swansea City,1.33,22,0.05,22,-1.28
GB2,2008,358,Charlton Athletic,1.27,46,6.6,48,5.33
GB2,2008,603,Cardiff City,1.23,20,9.88,23,8.65
GB2,2008,2454,Doncaster Rovers,1.04,27,,25,-1.04
GB2,2008,466,Preston North End,0.9,22,0.675,25,-0.225
GB2,2008,1010,Watford FC,0.355,29,6.0,35,5.65
GB2,2008,1035,Sheffield Wednesday,0.1,17,,18,-0.1
GB2,2009,677,Ipswich Town,9.95,31,2.35,29,-7.61
GB2,2009,603,Cardiff City,7.58,15,6.35,13,-1.23
GB2,2009,703,Nottingham Forest,7.33,23,,29,-7.33
GB2,2009,641,Middlesbrough FC,7.29,22,47.0,25,39.72
GB2,2009,350,Sheffield United,7.28,35,15.62,39,8.35
GB2,2009,984,West Bromwich Albion,7.23,22,4.81,27,-2.42
GB2,2009,1032,Reading FC,6.44,28,14.85,33,8.42
GB2,2009,762,Newcastle United,6.27,16,27.55,20,21.29
GB2,2009,1039,Queens Park Rangers,4.0,32,5.03,36,1.03
GB2,2009,698,Bristol City,2.8,34,0.3,34,-2.5
GB2,2009,2288,Swansea City,2.78,22,2.68,17,-0.1
GB2,2009,990,Coventry City,2.57,27,8.38,27,5.81
GB2,2009,1003,Leicester City,2.01,29,1.2,30,-0.81
GB2,2009,22,Derby County,1.76,41,3.29,39,1.53
GB2,2009,1010,Watford FC,1.66,25,8.97,26,7.31
GB2,2009,1072,Peterborough United,1.38,51,0.81,50,-0.57
GB2,2009,466,Preston North End,1.19,22,1.75,22,0.56
GB2,2009,1181,Blackpool FC,1.14,31,1.2,27,0.06
GB2,2009,2454,Doncaster Rovers,1.09,23,3.41,24,2.32
GB2,2009,2964,Scunthorpe United,1.02,24,0.17,19,-0.845
GB2,2009,349,Barnsley FC,0.56,24,0.7,26,0.14
GB2,2009,1035,Sheffield Wednesday,0.4,18,0.21,23,-0.19
GB2,2009,2262,Plymouth Argyle,0.275,39,0.645,37,0.37
GB2,2009,873,Crystal Palace,,19,4.4,24,4.4
GB2,2010,641,Middlesbrough FC,7.21,24,8.45,20,1.24
GB2,2010,1132,Burnley FC,6.33,19,7.2,26,0.875
GB2,2010,1039,Queens Park Rangers,5.99,43,,32,-5.99
GB2,2010,1003,Leicester City,5.49,38,2.99,40,-2.5
GB2,2010,3008,Hull City,5.08,41,9.0,43,3.92
GB2,2010,1123,Norwich City,4.98,27,0.215,24,-4.77
GB2,2010,349,Barnsley FC,2.71,28,1.6,27,-1.11
GB2,2010,698,Bristol City,2.31,36,0.45,34,-1.86
GB2,2010,703,Nottingham Forest,2.1,18,1.2,19,-0.9
GB2,2010,677,Ipswich Town,1.89,30,4.54,31,2.65
GB2,2010,1028,Millwall FC,1.64,33,0.225,29,-1.42
GB2,2010,22,Derby County,1.61,35,1.33,32,-0.285
GB2,2010,1032,Reading FC,1.53,38,7.07,37,5.55
GB2,2010,466,Preston North End,1.48,32,3.53,31,2.05
GB2,2010,2454,Doncaster Rovers,1.38,24,,23,-1.38
GB2,2010,2964,Scunthorpe United,1.36,33,3.47,35,2.11
GB2,2010,873,Crystal Palace,1.02,30,0.405,27,-0.615
GB2,2010,399,Leeds United,1.0,31,0.275,32,-0.725
GB2,2010,2288,Swansea City,0.985,24,,26,-0.985
GB2,2010,1010,Watford FC,0.725,29,,29,-0.725
GB2,2010,990,Coventry City,0.7,22,,20,-0.7
GB2,2010,350,Sheffield United,0.275,37,2.53,33,2.26
GB2,2010,603,Cardiff City,0.125,28,0.45,28,0.325
GB2,2010,1020,Portsmouth FC,,25,16.18,35,16.18
GB2,2011,1003,Leicester City,17.95,35,1.25,36,-16.71
GB2,2011,379,West Ham United,12.09,36,10.2,36,-1.89
GB2,2011,180,Southampton FC,6.81,23,14.34,23,7.53
GB2,2011,1237,Brighton & Hove Albion,6.03,29,1.87,26,-4.16
GB2,2011,1020,Portsmouth FC,5.11,37,0.78,37,-4.33
GB2,2011,22,Derby County,3.43,27,0.88,34,-2.55
GB2,2011,677,Ipswich Town,3.29,23,9.0,30,5.72
GB2,2011,1132,Burnley FC,3.03,32,5.75,32,2.73
GB2,2011,603,Cardiff City,2.84,29,1.93,22,-0.915
GB2,2011,703,Nottingham Forest,2.05,26,3.15,27,1.1
GB2,2011,1181,Blackpool FC,2.03,49,10.65,49,8.62
GB2,2011,1032,Reading FC,1.99,33,11.3,34,9.32
GB2,2011,3008,Hull City,1.61,31,,29,-1.61
GB2,2011,641,Middlesbrough FC,1.6,31,4.8,25,3.2
GB2,2011,1010,Watford FC,1.41,39,8.6,37,7.19
GB2,2011,1028,Millwall FC,1.37,39,3.15,36,1.78
GB2,2011,349,Barnsley FC,1.29,30,1.73,28,0.435
GB2,2011,399,Leeds United,0.925,31,4.78,30,3.85
GB2,2011,873,Crystal Palace,0.77,26,,24,-0.77
GB2,2011,1072,Peterborough United,0.635,32,6.95,39,6.32
GB2,2011,337,Birmingham City,0.57,30,34.78,34,34.21
GB2,2011,990,Coventry City,0.55,14,2.35,18,1.8
GB2,2011,698,Bristol City,0.4,28,2.26,32,1.86
GB2,2011,2454,Doncaster Rovers,0.225,36,2.15,33,1.93
GB2,2012,164,Blackburn Rovers,17.38,41,11.4,39,-5.98
GB2,2012,543,Wolverhampton Wanderers,15.33,34,30.17,32,14.84
GB2,2012,603,Cardiff City,13.08,28,1.54,26,-11.54
GB2,2012,3008,Hull City,8.44,39,,37,-8.44
GB2,2012,703,Nottingham Forest,6.14,34,3.0,32,-3.14
GB2,2012,1003,Leicester City,5.87,29,4.15,27,-1.72
GB2,2012,1072,Peterborough United,3.78,40,2.25,35,-1.53
GB2,2012,22,Derby County,3.62,23,2.37,22,-1.26
GB2,2012,355,Bolton Wanderers,3.49,29,,33,-3.49
GB2,2012,1110,Huddersfield Town,3.46,34,10.1,28,6.65
GB2,2012,698,Bristol City,2.9,29,0.63,26,-2.27
GB2,2012,677,Ipswich Town,2.87,35,,35,-2.87
GB2,2012,399,Leeds United,2.37,41,4.75,35,2.38
GB2,2012,1132,Burnley FC,2.3,26,8.65,23,6.35
GB2,2012,1237,Brighton & Hove Albion,2.18,26,1.51,28,-0.67
GB2,2012,873,Crystal Palace,1.73,28,16.39,27,14.67
GB2,2012,1035,Sheffield Wednesday,1.31,41,0.3,39,-1.01
GB2,2012,641,Middlesbrough FC,1.28,17,3.15,20,1.87
GB2,2012,358,Charlton Athletic,1.26,37,,32,-1.26
GB2,2012,1028,Millwall FC,1.24,30,,32,-1.24
GB2,2012,337,Birmingham City,0.32,31,10.1,30,9.78
GB2,2012,1181,Blackpool FC,0.25,32,0.38,29,0.13
GB2,2012,349,Barnsley FC,,29,3.87,24,3.87
GB2,2012,1010,Watford FC,,43,3.99,35,3.99
GB2,2013,1039,Queens Park Rangers,11.83,45,15.05,41,3.23
GB2,2013,703,Nottingham Forest,8.65,33,3.5,24,-5.15
GB2,2013,1071,Wigan Athletic,6.41,36,24.41,36,18.01
GB2,2013,989,AFC Bournemouth,4.06,37,,34,-4.06
GB2,2013,1110,Huddersfield Town,3.18,32,2.35,35,-0.83
GB2,2013,641,Middlesbrough FC,2.39,31,,31,-2.39
GB2,2013,164,Blackburn Rovers,2.27,49,5.43,45,3.16
GB2,2013,399,Leeds United,2.27,24,,25,-2.27
GB2,2013,355,Bolton Wanderers,2.13,37,,35,-2.13
GB2,2013,1032,Reading FC,2.0,16,5.13,24,3.13
GB2,2013,1237,Brighton & Hove Albion,2.0,21,5.2,27,3.2
GB2,2013,22,Derby County,1.65,37,2.68,34,1.02
GB2,2013,1181,Blackpool FC,0.58,45,5.8,47,5.22
GB2,2013,349,Barnsley FC,0.545,44,,42,-0.545
GB2,2013,1132,Burnley FC,0.545,25,4.65,26,4.11
GB2,2013,358,Charlton Athletic,0.5,40,2.62,38,2.12
GB2,2013,1003,Leicester City,0.5,24,1.15,23,0.65
GB2,2013,1035,Sheffield Wednesday,0.407,37,,34,-0.407
GB2,2013,2454,Doncaster Rovers,0.175,31,,27,-0.175
GB2,2013,677,Ipswich Town,0.045,26,,26,-0.045
GB2,2013,337,Birmingham City,,38,4.95,36,4.95
GB2,2013,972,Yeovil Town,,35,0.25,34,0.25
GB2,2013,1010,Watford FC,,33,2.08,41,2.08
GB2,2013,1028,Millwall FC,,50,,42,0.0
GB2,2014,1123,Norwich City,20.34,26,19.38,27,-0.963
GB2,2014,603,Cardiff City,18.77,36,31.75,37,12.98
GB2,2014,931,Fulham FC,17.43,40,17.9,42,0.47
GB2,2014,1071,Wigan Athletic,14.15,30,18.41,38,4.26
GB2,2014,641,Middlesbrough FC,11.11,37,6.15,40,-4.97
GB2,2014,703,Nottingham Forest,10.2,30,10.6,37,0.4
GB2,2014,399,Leeds United,9.11,26,12.83,26,3.72
GB2,2014,1010,Watford FC,9.0,34,0.55,34,-8.45
GB2,2014,1148,Brentford FC,5.6,32,3.8,30,-1.8
GB2,2014,989,AFC Bournemouth,4.82,28,3.7,27,-1.12
GB2,2014,543,Wolverhampton Wanderers,3.85,32,1.83,34,-2.02
GB2,2014,358,Charlton Athletic,3.8,46,,44,-3.8
GB2,2014,1237,Brighton & Hove Albion,3.8,32,13.22,34,9.42
GB2,2014,164,Blackburn Rovers,3.03,27,,35,-3.03
GB2,2014,22,Derby County,3.01,33,,33,-3.01
GB2,2014,1035,Sheffield Wednesday,2.5,30,1.9,29,-0.6
GB2,2014,1032,Reading FC,2.1,29,12.44,27,10.34
GB2,2014,1194,Rotherham United,1.0,50,1.17,57,0.165
GB2,2014,1110,Huddersfield Town,0.47,30,3.85,38,3.38
GB2,2014,1028,Millwall FC,0.31,34,0.128,36,-0.182
GB2,2014,677,Ipswich Town,0.135,41,4.75,32,4.62
GB2,2014,355,Bolton Wanderers,0.013,49,0.63,48,0.617
GB2,2014,337,Birmingham City,,42,1.26,41,1.26
GB2,2014,1181,Blackpool FC,,54,1.95,59,1.95
GB2,2015,22,Derby County,34.06,24,,21,-34.06
GB2,2015,641,Middlesbrough FC,33.4,28,7.1,30,-26.3
GB2,2015,1132,Burnley FC,25.71,22,20.7,23,-5.01
GB2,2015,1039,Queens Park Rangers,17.41,41,11.8,40,-5.61
GB2,2015,1035,Sheffield Wednesday,15.46,24,1.36,28,-14.1
GB2,2015,1237,Brighton & Hove Albion,13.47,30,,25,-13.47
GB2,2015,3008,Hull City,11.45,14,35.15,23,23.7
GB2,2015,1148,Brentford FC,10.39,22,25.51,32,15.12
GB2,2015,543,Wolverhampton Wanderers,9.34,32,15.08,32,5.73
GB2,2015,931,Fulham FC,8.67,30,9.52,31,0.855
GB2,2015,399,Leeds United,6.97,21,5.51,27,-1.46
GB2,2015,1032,Reading FC,6.2,33,8.8,36,2.6
GB2,2015,358,Charlton Athletic,4.75,39,5.9,41,1.15
GB2,2015,698,Bristol City,3.72,26,0.25,25,-3.47
GB2,2015,337,Birmingham City,3.04,29,5.1,28,2.06
GB2,2015,466,Preston North End,1.24,30,,33,-1.24
GB2,2015,1110,Huddersfield Town,0.635,29,10.4,32,9.77
GB2,2015,677,Ipswich Town,0.513,26,11.4,29,10.88
GB2,2015,164,Blackburn Rovers,,20,25.58,26,25.58
GB2,2015,355,Bolton Wanderers,,27,1.77,34,1.77
GB2,2015,603,Cardiff City,,28,5.9,33,5.9
GB2,2015,703,Nottingham Forest,,23,9.5,24,9.5
GB2,2015,991,Milton Keynes Dons,,35,0.2,34,0.2
GB2,2015,1194,Rotherham United,,46,,37,0.0
GB2,2016,405,Aston Villa,85.5,22,45.8,25,-39.7
GB2,2016,762,Newcastle United,64.25,24,100.88,26,36.63
GB2,2016,543,Wolverhampton Wanderers,36.1,31,2.99,26,-33.11
GB2,2016,1123,Norwich City,26.45,18,36.7,18,10.25
GB2,2016,931,Fulham FC,25.55,30,23.78,33,-1.77
GB2,2016,22,Derby County,17.27,16,16.26,20,-1.01
GB2,2016,1039,Queens Park Rangers,12.87,26,16.88,34,4.01
GB2,2016,698,Bristol City,12.6,30,14.22,26,1.62
GB2,2016,1035,Sheffield Wednesday,10.9,22,,19,-10.9
GB2,2016,337,Birmingham City,10.09,27,0.2,30,-9.89
GB2,2016,1032,Reading FC,8.94,31,5.9,26,-3.04
GB2,2016,1237,Brighton & Hove Albion,8.75,21,,21,-8.75
GB2,2016,399,Leeds United,8.58,23,7.58,19,-1.0
GB2,2016,1148,Brentford FC,5.15,11,14.4,13,9.25
GB2,2016,703,Nottingham Forest,4.46,31,18.6,27,14.14
GB2,2016,1110,Huddersfield Town,4.45,21,1.45,21,-3.0
GB2,2016,603,Cardiff City,4.3,28,6.98,30,2.68
GB2,2016,349,Barnsley FC,2.54,35,13.48,33,10.94
GB2,2016,1071,Wigan Athletic,1.99,41,8.2,40,6.22
GB2,2016,677,Ipswich Town,1.79,16,3.5,17,1.71
GB2,2016,1194,Rotherham United,1.43,33,,32,-1.43
GB2,2016,2963,Burton Albion,0.358,28,,29,-0.358
GB2,2016,466,Preston North End,0.3,20,1.73,19,1.43
GB2,2016,164,Blackburn Rovers,0.2,20,13.25,24,13.05
GB2,2017,641,Middlesbrough FC,55.65,26,54.3,29,-1.35
GB2,2017,399,Leeds United,28.43,31,17.5,26,-10.93
GB2,2017,543,Wolverhampton Wanderers,24.61,33,6.32,34,-18.29
GB2,2017,931,Fulham FC,22.43,18,18.2,28,-4.23
GB2,2017,3008,Hull City,19.85,24,45.17,28,25.33
GB2,2017,337,Birmingham City,17.65,27,4.7,29,-12.95
GB2,2017,1123,Norwich City,15.72,29,33.64,33,17.92
GB2,2017,1035,Sheffield Wednesday,15.2,14,,14,-15.2
GB2,2017,1032,Reading FC,14.1,17,2.87,25,-11.24
GB2,2017,698,Bristol City,13.43,28,3.3,22,-10.13
GB2,2017,603,Cardiff City,12.67,33,2.65,27,-10.02
GB2,2017,22,Derby County,12.27,19,21.28,18,9.01
GB2,2017,1148,Brentford FC,11.32,15,15.17,12,3.85
GB2,2017,703,Nottingham Forest,7.26,33,17.1,31,9.85
GB2,2017,349,Barnsley FC,6.39,35,4.8,34,-1.59
GB2,2017,350,Sheffield United,5.64,25,,20,-5.64
GB2,2017,677,Ipswich Town,3.53,22,0.85,22,-2.68
GB2,2017,405,Aston Villa,2.8,18,17.83,18,15.03
GB2,2017,466,Preston North End,2.38,19,10.65,16,8.28
GB2,2017,289,Sunderland AFC,1.41,22,33.14,27,31.74
GB2,2017,1028,Millwall FC,1.02,25,,23,-1.02
GB2,2017,2963,Burton Albion,1.02,27,2.15,25,1.13
GB2,2017,1039,Queens Park Rangers,0.7,19,,20,-0.7
GB2,2017,355,Bolton Wanderers,,22,6.89,23,6.89
GB2,2018,512,Stoke City,62.9,22,30.15,25,-32.75
GB2,2018,703,Nottingham Forest,29.69,38,9.51,36,-20.19
GB2,2018,641,Middlesbrough FC,21.5,23,48.09,26,26.59
GB2,2018,405,Aston Villa,19.1,25,16.15,26,-2.95
GB2,2018,984,West Bromwich Albion,15.19,21,26.6,24,11.41
GB2,2018,22,Derby County,13.98,25,14.45,23,0.47
GB2,2018,399,Leeds United,11.4,25,7.55,29,-3.85
GB2,2018,164,Blackburn Rovers,10.2,20,,17,-10.2
GB2,2018,698,Bristol City,10.15,22,29.5,24,19.35
GB2,2018,2288,Swansea City,7.15,20,51.25,21,44.1
GB2,2018,350,Sheffield United,6.7,27,12.4,31,5.7
GB2,2018,1148,Brentford FC,6.55,16,34.95,16,28.4
GB2,2018,1071,Wigan Athletic,5.65,27,6.95,30,1.31
GB2,2018,1123,Norwich City,5.45,26,37.6,22,32.15
GB2,2018,1032,Reading FC,5.25,29,5.85,31,0.6
GB2,2018,466,Preston North End,3.63,27,4.0,23,0.37
GB2,2018,677,Ipswich Town,3.43,28,11.0,26,7.57
GB2,2018,1028,Millwall FC,3.2,18,7.8,26,4.6
GB2,2018,337,Birmingham City,2.5,25,,25,-2.5
GB2,2018,3008,Hull City,2.4,16,,20,-2.4
GB2,2018,355,Bolton Wanderers,0.225,24,,24,-0.225
GB2,2018,1035,Sheffield Wednesday,,12,1.7,9,1.7
GB2,2018,1039,Queens Park Rangers,,18,4.0,23,4.0
GB2,2018,1194,Rotherham United,,22,,20,0.0
GB2,2019,931,Fulham FC,37.0,16,28.5,16,-8.5
GB2,2019,1148,Brentford FC,34.71,22,34.26,17,-0.45
GB2,2019,698,Bristol City,32.95,33,48.74,27,15.79
GB2,2019,984,West Bromwich Albion,21.5,19,37.27,14,15.77
GB2,2019,603,Cardiff City,18.02,18,19.8,22,1.79
GB2,2019,1110,Huddersfield Town,13.0,30,29.1,26,16.1
GB2,2019,1032,Reading FC,12.9,25,0.85,21,-12.05
GB2,2019,337,Birmingham City,10.28,22,23.8,22,13.52
GB2,2019,22,Derby County,8.2,16,1.35,22,-6.85
GB2,2019,703,Nottingham Forest,8.0,21,17.75,32,9.75
GB2,2019,1071,Wigan Athletic,7.93,21,,19,-7.93
GB2,2019,512,Stoke City,6.7,21,1.28,22,-5.42
GB2,2019,164,Blackburn Rovers,6.5,12,3.35,11,-3.15
GB2,2019,349,Barnsley FC,6.35,22,8.3,19,1.95
GB2,2019,3008,Hull City,3.69,21,22.25,19,18.56
GB2,2019,641,Middlesbrough FC,3.52,17,14.15,11,10.63
GB2,2019,466,Preston North End,2.2,21,7.8,21,5.6
GB2,2019,1028,Millwall FC,1.95,17,,15,-1.95
GB2,2019,1031,Luton Town,1.82,20,11.15,16,9.34
GB2,2019,1035,Sheffield Wednesday,1.1,14,5.4,17,4.3
GB2,2019,2288,Swansea City,0.55,20,39.7,23,39.15
GB2,2019,399,Leeds United,0.29,25,31.51,26,31.22
GB2,2019,358,Charlton Athletic,0.225,25,2.2,21,1.98
GB2,2019,1039,Queens Park Rangers,0.06,21,8.4,22,8.34
GB2,2020,703,Nottingham Forest,16.54,23,15.75,23,-0.79
GB2,2020,1123,Norwich City,13.29,27,44.0,24,30.72
GB2,2020,337,Birmingham City,8.34,28,32.85,28,24.51
GB2,2020,1148,Brentford FC,7.3,13,62.0,19,54.7
GB2,2020,1039,Queens Park Rangers,7.1,29,18.59,26,11.49
GB2,2020,603,Cardiff City,4.8,18,2.77,22,-2.03
GB2,2020,990,Coventry City,4.72,22,,23,-4.72
GB2,2020,641,Middlesbrough FC,4.32,17,0.44,21,-3.88
GB2,2020,22,Derby County,4.3,23,8.5,25,4.2
GB2,2020,1032,Reading FC,3.9,16,1.6,20,-2.3
GB2,2020,466,Preston North End,3.15,23,2.55,26,-0.6
GB2,2020,349,Barnsley FC,3.0,22,2.2,24,-0.8
GB2,2020,512,Stoke City,2.2,30,1.88,27,-0.325
GB2,2020,2288,Swansea City,1.96,28,16.25,30,14.29
GB2,2020,164,Blackburn Rovers,1.81,18,,19,-1.81
GB2,2020,1035,Sheffield Wednesday,1.11,14,,19,-1.11
GB2,2020,1194,Rotherham United,0.78,24,0.2,20,-0.58
GB2,2020,989,AFC Bournemouth,0.7,15,93.55,21,92.85
GB2,2020,1110,Huddersfield Town,0.7,25,30.9,22,30.2
GB2,2020,698,Bristol City,,19,4.1,22,4.1
GB2,2020,1010,Watford FC,,28,72.0,25,72.0
GB2,2020,1028,Millwall FC,,10,,12,0.0
GB2,2020,1031,Luton Town,,21,,25,0.0
GB2,2020,2805,Wycombe Wanderers,,19,,17,0.0
GB2,2021,931,Fulham FC,22.0,13,6.2,16,-15.8
GB2,2021,989,AFC Bournemouth,14.74,21,26.9,18,12.16
GB2,2021,641,Middlesbrough FC,12.56,28,1.8,21,-10.76
GB2,2021,984,West Bromwich Albion,8.63,14,21.08,21,12.45
GB2,2021,703,Nottingham Forest,7.99,22,0.875,26,-7.12
GB2,2021,2288,Swansea City,5.92,23,4.6,22,-1.32
GB2,2021,512,Stoke City,4.65,29,16.15,30,11.5
GB2,2021,1072,Peterborough United,2.67,25,4.14,24,1.47
GB2,2021,603,Cardiff City,2.34,21,5.2,22,2.86
GB2,2021,1181,Blackpool FC,2.0,23,,23,-2.0
GB2,2021,1039,Queens Park Rangers,1.85,25,,23,-1.85
GB2,2021,1028,Millwall FC,1.8,11,,15,-1.8
GB2,2021,698,Bristol City,1.6,14,,18,-1.6
GB2,2021,466,Preston North End,1.4,21,,23,-1.4
GB2,2021,164,Blackburn Rovers,1.36,17,17.7,18,16.34
GB2,2021,349,Barnsley FC,1.2,18,0.875,19,-0.325
GB2,2021,990,Coventry City,1.2,11,,16,-1.2
GB2,2021,3008,Hull City,0.865,25,,22,-0.865
GB2,2021,350,Sheffield United,0.3,16,28.0,19,27.7
GB2,2021,22,Derby County,,16,4.14,20,4.14
GB2,2021,337,Birmingham City,,24,0.35,29,0.35
GB2,2021,1031,Luton Town,,17,0.5,17,0.5
GB2,2021,1032,Reading FC,,16,9.35,18,9.35
GB2,2021,1110,Huddersfield Town,,23,2.3,26,2.3
GB2,2022,1132,Burnley FC,45.88,29,76.33,29,30.45
GB2,2022,1010,Watford FC,18.81,30,60.83,33,42.02
GB2,2022,1123,Norwich City,15.0,15,4.07,22,-10.93
GB2,2022,3008,Hull City,11.66,29,19.0,28,7.34
GB2,2022,641,Middlesbrough FC,10.23,22,27.37,29,17.14
GB2,2022,289,Sunderland AFC,6.06,18,,15,-6.06
GB2,2022,1110,Huddersfield Town,5.32,34,12.8,31,7.48
GB2,2022,164,Blackburn Rovers,4.75,16,,16,-4.75
GB2,2022,350,Sheffield United,4.5,16,,15,-4.5
GB2,2022,2288,Swansea City,2.77,15,10.65,17,7.89
GB2,2022,1031,Luton Town,2.67,23,0.85,19,-1.82
GB2,2022,1028,Millwall FC,2.5,18,,15,-2.5
GB2,2022,337,Birmingham City,2.21,19,0.6,18,-1.61
GB2,2022,984,West Bromwich Albion,1.35,18,,12,-1.35
GB2,2022,603,Cardiff City,0.655,25,,20,-0.655
GB2,2022,1181,Blackpool FC,0.35,22,2.3,22,1.95
GB2,2022,466,Preston North End,,14,,21,0.0
GB2,2022,512,Stoke City,,23,17.0,29,17.0
GB2,2022,698,Bristol City,,13,10.31,17,10.31
GB2,2022,990,Coventry City,,15,1.75,16,1.75
GB2,2022,1032,Reading FC,,22,,21,0.0
GB2,2022,1039,Queens Park Rangers,,23,0.9,27,0.9
GB2,2022,1071,Wigan Athletic,,19,,17,0.0
GB2,2022,1194,Rotherham United,,31,1.03,28,1.03
GB2,2023,1003,Leicester City,46.89,17,106.05,19,59.16
GB2,2023,990,Coventry City,40.51,19,50.25,15,9.74
GB2,2023,399,Leeds United,35.9,18,33.58,24,-2.32
GB2,2023,512,Stoke City,24.79,28,5.45,22,-19.34
GB2,2023,180,Southampton FC,21.55,12,187.24,24,165.69
GB2,2023,641,Middlesbrough FC,17.76,21,49.3,17,31.55
GB2,2023,3008,Hull City,14.15,33,4.68,29,-9.47
GB2,2023,289,Sunderland AFC,12.45,24,10.62,19,-1.84
GB2,2023,2288,Swansea City,8.85,22,20.02,22,11.17
GB2,2023,698,Bristol City,7.2,22,23.0,16,15.8
GB2,2023,1028,Millwall FC,6.59,15,0.67,15,-5.92
GB2,2023,1110,Huddersfield Town,6.1,22,2.0,25,-4.1
GB2,2023,337,Birmingham City,5.8,22,6.45,17,0.65
GB2,2023,677,Ipswich Town,5.67,22,,26,-5.67
GB2,2023,1010,Watford FC,4.56,19,63.28,27,58.72
GB2,2023,466,Preston North End,3.84,21,,12,-3.84
GB2,2023,1123,Norwich City,3.12,20,27.35,22,24.23
GB2,2023,2262,Plymouth Argyle,2.48,29,0.35,28,-2.13
GB2,2023,603,Cardiff City,2.33,24,0.33,27,-2.0
GB2,2023,1194,Rotherham United,1.7,28,1.1,26,-0.6
GB2,2023,164,Blackburn Rovers,1.5,22,26.89,23,25.39
GB2,2023,1035,Sheffield Wednesday,1.49,20,,16,-1.49
GB2,2023,984,West Bromwich Albion,,15,9.3,15,9.3
GB2,2023,1039,Queens Park Rangers,,23,3.11,19,3.11
GB2,2024,1132,Burnley FC,53.19,29,109.26,34,56.07
GB2,2024,1123,Norwich City,34.9,25,38.75,21,3.85
GB2,2024,1031,Luton Town,32.85,27,24.0,29,-8.85
GB2,2024,399,Leeds United,32.45,17,162.9,20,130.45
GB2,2024,3008,Hull City,31.2,32,42.57,34,11.37
GB2,2024,641,Middlesbrough FC,25.19,15,27.15,17,1.96
GB2,2024,350,Sheffield United,22.14,24,47.29,22,25.16
GB2,2024,990,Coventry City,21.25,10,,9,-21.25
GB2,2024,603,Cardiff City,12.95,25,13.1,21,0.145
GB2,2024,698,Bristol City,11.95,10,5.3,15,-6.65
GB2,2024,289,Sunderland AFC,11.75,18,18.2,22,6.45
GB2,2024,984,West Bromwich Albion,11.7,19,7.59,23,-4.11
GB2,2024,1028,Millwall FC,10.15,23,14.2,13,4.06
GB2,2024,22,Derby County,8.97,23,10.75,15,1.79
GB2,2024,2288,Swansea City,8.93,19,7.5,18,-1.43
GB2,2024,1039,Queens Park Rangers,7.82,20,4.15,19,-3.67
GB2,2024,512,Stoke City,6.64,19,4.19,19,-2.46
GB2,2024,2262,Plymouth Argyle,5.92,29,11.6,26,5.68
GB2,2024,1020,Portsmouth FC,4.9,32,0.3,30,-4.6
GB2,2024,164,Blackburn Rovers,4.79,20,13.4,21,8.61
GB2,2024,1035,Sheffield Wednesday,4.75,18,0.4,16,-4.35
GB2,2024,466,Preston North End,4.63,17,,19,-4.63
GB2,2024,988,Oxford United,3.82,34,,25,-3.82
GB2,2024,1010,Watford FC,3.58,23,30.1,22,26.52
GB2,2025,677,Ipswich Town,62.25,22,92.2,21,29.95
GB2,2025,180,Southampton FC,59.91,26,155.22,29,95.31
GB2,2025,1112,Wrexham AFC,39.09,30,,36,-39.09
GB2,2025,337,Birmingham City,37.45,30,12.53,37,-24.92
GB2,2025,1123,Norwich City,34.76,22,56.28,16,21.52
GB2,2025,641,Middlesbrough FC,29.6,28,26.78,23,-2.82
GB2,2025,350,Sheffield United,25.31,26,24.4,25,-0.91
GB2,2025,2288,Swansea City,16.7,24,1.95,23,-14.75
GB2,2025,1039,Queens Park Rangers,15.05,22,3.5,23,-11.55
GB2,2025,984,West Bromwich Albion,14.95,16,23.65,17,8.7
GB2,2025,358,Charlton Athletic,13.92,31,,25,-13.92
GB2,2025,990,Coventry City,13.6,14,10.5,15,-3.1
GB2,2025,164,Blackburn Rovers,13.42,22,7.43,17,-5.99
GB2,2025,1010,Watford FC,12.3,23,12.37,19,0.065
GB2,2025,22,Derby County,12.2,26,0.575,29,-11.63
GB2,2025,512,Stoke City,12.0,21,6.25,21,-5.75
GB2,2025,1028,Millwall FC,7.95,22,15.65,20,7.7
GB2,2025,698,Bristol City,4.86,23,4.75,21,-0.11
GB2,2025,1020,Portsmouth FC,4.74,25,0.288,24,-4.45
GB2,2025,466,Preston North End,2.75,29,1.95,26,-0.8
GB2,2025,988,Oxford United,1.15,26,,24,-1.15
GB2,2025,3008,Hull City,1.1,26,7.33,30,6.23
GB2,2025,1003,Leicester City,,19,57.3,20,57.3
GB2,2025,1035,Sheffield Wednesday,,23,4.56,28,4.56
GB2,2026,1132,Burnley FC,53.5,19,123.72,19,70.22
GB2,2026,641,Middlesbrough FC,49.7,15,35.9,17,-13.8
GB2,2026,512,Stoke City,46.86,16,8.75,14,-38.11
GB2,2026,379,West Ham United,46.15,20,217.15,16,171.0
GB2,2026,1112,Wrexham AFC,39.75,20,0.585,20,-39.17
GB2,2026,2288,Swansea City,26.68,17,13.81,16,-12.87
GB2,2026,180,Southampton FC,26.45,19,59.6,21,33.15
GB2,2026,543,Wolverhampton Wanderers,20.0,14,42.6,14,22.6
GB2,2026,698,Bristol City,18.65,14,7.95,14,-10.7
GB2,2026,337,Birmingham City,18.1,8,4.7,7,-13.4
GB2,2026,984,West Bromwich Albion,17.58,12,4.3,13,-13.28
GB2,2026,466,Preston North End,15.9,15,6.0,18,-9.9
GB2,2026,22,Derby County,14.85,14,,12,-14.85
GB2,2026,1010,Watford FC,14.8,24,25.85,22,11.05
GB2,2026,1020,Portsmouth FC,12.56,24,,20,-12.56
GB2,2026,1123,Norwich City,11.39,9,,13,-11.39
GB2,2026,1028,Millwall FC,8.17,15,14.6,15,6.43
GB2,2026,1198,Lincoln City,8.0,15,3.0,14,-5.0
GB2,2026,603,Cardiff City,7.7,10,,8,-7.7
GB2,2026,164,Blackburn Rovers,3.68,5,,9,-3.68
GB2,2026,355,Bolton Wanderers,3.24,21,0.6,17,-2.64
GB2,2026,358,Charlton Athletic,1.8,22,0.29,17,-1.51
GB2,2026,1039,Queens Park Rangers,0.76,14,3.54,15,2.78
GB2,2026,350,Sheffield United,,15,25.14,20,25.14
FR1,1998,583,Paris Saint-Germain,22.14,17,16.26,20,-5.88
FR1,1998,244,Olympique Marseille,13.37,20,2.4,14,-10.97
FR1,1998,826,RC Lens,12.9,13,11.0,13,-1.9
FR1,1998,273,Stade Rennais FC,10.48,13,10.55,13,0.069
FR1,1998,1041,Olympique Lyon,7.5,9,,10,-7.5
FR1,1998,40,FC Girondins Bordeaux,3.3,10,3.0,10,-0.3
FR1,1998,347,FC Metz,3.05,17,10.77,15,7.72
FR1,1998,595,SC Bastia,2.12,16,3.6,15,1.48
FR1,1998,162,AS Monaco,1.5,9,16.25,9,14.75
FR1,1998,667,RC Strasbourg Alsace,1.5,16,9.54,11,8.04
FR1,1998,290,AJ Auxerre,,12,6.1,13,6.1
FR1,1998,415,FC Toulouse,,24,0.3,12,0.3
FR1,1998,738,Le Havre AC,,11,7.5,10,7.5
FR1,1998,750,FC Sochaux-Montbéliard,,11,,6,0.0
FR1,1998,969,Montpellier HSC,,8,11.05,12,11.05
FR1,1998,995,FC Nantes,,12,0.5,10,0.5
FR1,1998,1158,FC Lorient,,16,,10,0.0
FR1,1998,1159,AS Nancy-Lorraine,,7,,7,0.0
FR1,1999,1041,Olympique Lyon,27.0,9,0.15,13,-26.85
FR1,1999,244,Olympique Marseille,25.7,21,20.7,22,-5.0
FR1,1999,40,FC Girondins Bordeaux,22.05,14,3.07,10,-18.98
FR1,1999,583,Paris Saint-Germain,16.07,19,16.85,14,0.78
FR1,1999,162,AS Monaco,13.6,8,16.4,9,2.8
FR1,1999,826,RC Lens,9.25,17,25.85,12,16.6
FR1,1999,667,RC Strasbourg Alsace,7.52,8,,12,-7.52
FR1,1999,273,Stade Rennais FC,4.57,11,0.68,14,-3.89
FR1,1999,290,AJ Auxerre,3.85,14,,9,-3.85
FR1,1999,347,FC Metz,3.8,12,,14,-3.8
FR1,1999,618,AS Saint-Étienne,2.3,12,,13,-2.3
FR1,1999,1095,Association Troyes Aube Champagne,1.65,14,,12,-1.65
FR1,1999,995,FC Nantes,0.5,8,0.21,6,-0.29
FR1,1999,738,Le Havre AC,0.45,16,0.9,15,0.45
FR1,1999,1081,CS Sedan-Ardennes,0.305,9,,8,-0.305
FR1,1999,595,SC Bastia,,10,0.75,8,0.75
FR1,1999,969,Montpellier HSC,,13,,7,0.0
FR1,1999,1159,AS Nancy-Lorraine,,8,3.8,7,3.8
FR1,2000,583,Paris Saint-Germain,95.99,15,7.59,12,-88.4
FR1,2000,273,Stade Rennais FC,37.65,16,27.0,13,-10.65
FR1,2000,162,AS Monaco,34.6,14,50.49,14,15.89
FR1,2000,1041,Olympique Lyon,28.0,17,5.63,12,-22.38
FR1,2000,40,FC Girondins Bordeaux,23.06,12,25.44,15,2.38
FR1,2000,244,Olympique Marseille,23.01,19,44.75,21,21.74
FR1,2000,826,RC Lens,11.4,13,26.0,18,14.6
FR1,2000,667,RC Strasbourg Alsace,8.0,12,3.2,13,-4.8
FR1,2000,995,FC Nantes,7.2,6,3.6,10,-3.6
FR1,2000,618,AS Saint-Étienne,5.55,12,0.7,15,-4.85
FR1,2000,290,AJ Auxerre,2.8,8,6.1,13,3.3
FR1,2000,595,SC Bastia,1.5,5,,6,-1.5
FR1,2000,1095,ESTAC Troyes,1.22,11,,8,-1.22
FR1,2000,1082,LOSC Lille,0.35,9,,7,-0.35
FR1,2000,347,FC Metz,,15,3.98,17,3.98
FR1,2000,415,FC Toulouse,,15,1.5,18,1.5
FR1,2000,855,EA Guingamp,,9,,7,0.0
FR1,2000,1081,CS Sedan-Ardennes,,11,3.05,13,3.05
FR1,2001,1041,Olympique Lyon,34.5,9,28.78,9,-5.72
FR1,2001,244,Olympique Marseille,31.6,37,19.05,35,-12.55
FR1,2001,162,AS Monaco,28.71,21,38.86,16,10.15
FR1,2001,40,FC Girondins Bordeaux,28.58,16,22.64,16,-5.95
FR1,2001,273,Stade Rennais FC,20.62,15,12.83,11,-7.79
FR1,2001,583,Paris Saint-Germain,19.5,22,52.13,24,32.63
FR1,2001,826,RC Lens,12.19,22,1.5,18,-10.69
FR1,2001,995,FC Nantes,9.0,14,16.6,10,7.6
FR1,2001,290,AJ Auxerre,2.0,9,,9,-2.0
FR1,2001,1082,LOSC Lille,1.8,8,,9,-1.8
FR1,2001,1095,ESTAC Troyes,1.8,12,4.57,14,2.77
FR1,2001,347,FC Metz,1.0,14,0.5,14,-0.5
FR1,2001,1158,FC Lorient,0.7,20,1.95,9,1.25
FR1,2001,595,SC Bastia,0.37,14,9.5,17,9.13
FR1,2001,855,EA Guingamp,0.1,8,,9,-0.1
FR1,2001,750,FC Sochaux-Montbéliard,,9,7.0,10,7.0
FR1,2001,969,Montpellier HSC,,16,6.8,11,6.8
FR1,2001,1081,CS Sedan-Ardennes,,11,,6,0.0
FR1,2002,273,Stade Rennais FC,18.33,18,3.5,19,-14.83
FR1,2002,583,Paris Saint-Germain,14.25,20,11.25,19,-3.0
FR1,2002,40,FC Girondins Bordeaux,9.0,14,6.3,16,-2.7
FR1,2002,244,Olympique Marseille,8.0,22,11.03,23,3.03
FR1,2002,162,AS Monaco,6.1,14,10.11,12,4.01
FR1,2002,826,RC Lens,5.5,19,19.0,19,13.5
FR1,2002,995,FC Nantes,5.5,9,2.0,12,-3.5
FR1,2002,1041,Olympique Lyon,3.9,7,0.7,7,-3.2
FR1,2002,1082,LOSC Lille,3.8,14,15.03,13,11.23
FR1,2002,290,AJ Auxerre,1.0,10,,9,-1.0
FR1,2002,417,OGC Nice,,12,4.1,8,4.1
FR1,2002,595,SC Bastia,,19,1.5,21,1.5
FR1,2002,667,RC Strasbourg Alsace,,15,,17,0.0
FR1,2002,738,Le Havre AC,,12,0.4,14,0.4
FR1,2002,750,FC Sochaux-Montbéliard,,12,,9,0.0
FR1,2002,855,EA Guingamp,,14,,11,0.0
FR1,2002,969,Montpellier HSC,,8,1.4,10,1.4
FR1,2002,1081,CS Sedan-Ardennes,,17,7.5,17,7.5
FR1,2002,1095,ESTAC Troyes,,13,6.0,14,6.0
FR1,2002,1147,AC Ajaccio,,22,,16,0.0
FR1,2003,583,Paris Saint-Germain,34.9,22,34.95,23,0.05
FR1,2003,1041,Olympique Lyon,25.5,9,4.15,10,-21.35
FR1,2003,244,Olympique Marseille,18.85,25,11.5,21,-7.35
FR1,2003,40,FC Girondins Bordeaux,11.0,18,16.5,14,5.5
FR1,2003,290,AJ Auxerre,5.4,9,6.23,11,0.825
FR1,2003,273,Stade Rennais FC,5.25,15,6.33,24,1.08
FR1,2003,162,AS Monaco,3.2,12,5.25,17,2.05
FR1,2003,855,EA Guingamp,1.8,13,10.3,15,8.5
FR1,2003,667,RC Strasbourg Alsace,1.65,14,4.7,16,3.05
FR1,2003,1082,LOSC Lille,1.1,15,,13,-1.1
FR1,2003,750,FC Sochaux-Montbéliard,0.5,9,0.075,9,-0.425
FR1,2003,417,OGC Nice,0.48,10,,14,-0.48
FR1,2003,1164,Le Mans Union Club 72,0.4,14,,8,-0.4
FR1,2003,595,SC Bastia,0.35,13,13.35,15,13.0
FR1,2003,995,FC Nantes,0.3,12,4.8,8,4.5
FR1,2003,347,FC Metz,,16,3.2,12,3.2
FR1,2003,415,FC Toulouse,,10,,7,0.0
FR1,2003,826,RC Lens,,10,1.1,10,1.1
FR1,2003,969,Montpellier HSC,,9,1.5,6,1.5
FR1,2003,1147,AC Ajaccio,,15,,14,0.0
FR1,2004,244,Olympique Marseille,30.28,24,52.38,28,22.1
FR1,2004,583,Paris Saint-Germain,29.0,19,17.0,21,-12.0
FR1,2004,1041,Olympique Lyon,26.25,15,22.5,16,-3.75
FR1,2004,162,AS Monaco,18.0,19,20.0,22,2.0
FR1,2004,995,FC Nantes,8.2,18,21.3,15,13.1
FR1,2004,826,RC Lens,5.5,19,13.0,20,7.5
FR1,2004,750,FC Sochaux-Montbéliard,5.4,13,14.0,12,8.6
FR1,2004,273,Stade Rennais FC,4.2,17,13.0,13,8.8
FR1,2004,417,OGC Nice,3.55,22,5.0,21,1.45
FR1,2004,415,FC Toulouse,2.5,16,,13,-2.5
FR1,2004,290,AJ Auxerre,2.0,12,27.0,12,25.0
FR1,2004,40,FC Girondins Bordeaux,1.56,13,8.0,19,6.44
FR1,2004,667,RC Strasbourg Alsace,1.5,15,1.85,14,0.35
FR1,2004,1162,SM Caen,1.5,8,,4,-1.5
FR1,2004,618,AS Saint-Étienne,1.2,14,,19,-1.2
FR1,2004,1082,LOSC Lille,0.958,18,10.7,19,9.74
FR1,2004,347,FC Metz,0.25,25,5.1,20,4.85
FR1,2004,1147,AC Ajaccio,0.195,16,,20,-0.195
FR1,2004,2580,FC Istres Ouest Provence,0.08,22,,18,-0.08
FR1,2004,595,SC Bastia,,17,,13,0.0
FR1,2005,1041,Olympique Lyon,49.6,15,43.4,15,-6.2
FR1,2005,583,Paris Saint-Germain,18.2,15,12.43,14,-5.78
FR1,2005,244,Olympique Marseille,15.33,32,13.85,29,-1.48
FR1,2005,273,Stade Rennais FC,12.8,13,3.7,12,-9.1
FR1,2005,415,FC Toulouse,11.4,7,,11,-11.4
FR1,2005,618,AS Saint-Étienne,9.4,17,,14,-9.4
FR1,2005,750,FC Sochaux-Montbéliard,7.5,18,13.7,17,6.2
FR1,2005,826,RC Lens,7.0,14,6.5,17,-0.5
FR1,2005,162,AS Monaco,6.1,20,21.5,21,15.4
FR1,2005,1164,Le Mans Union Club 72,6.05,20,3.0,17,-3.05
FR1,2005,40,FC Girondins Bordeaux,5.48,16,12.5,16,7.02
FR1,2005,667,RC Strasbourg Alsace,5.4,19,8.0,16,2.6
FR1,2005,995,FC Nantes,5.4,14,0.25,18,-5.15
FR1,2005,290,AJ Auxerre,5.0,10,17.5,11,12.5
FR1,2005,417,OGC Nice,4.75,19,0.25,16,-4.5
FR1,2005,1082,LOSC Lille,4.4,9,,8,-4.4
FR1,2005,1159,AS Nancy-Lorraine,3.0,13,,13,-3.0
FR1,2005,347,FC Metz,1.2,23,1.0,27,-0.2
FR1,2005,1147,AC Ajaccio,0.5,17,,15,-0.5
FR1,2005,1095,ESTAC Troyes,0.25,16,0.6,15,0.35
FR1,2006,1041,Olympique Lyon,32.45,15,47.33,12,14.88
FR1,2006,162,AS Monaco,22.6,22,24.55,22,1.95
FR1,2006,583,Paris Saint-Germain,16.7,15,4.5,18,-12.2
FR1,2006,826,RC Lens,16.3,15,18.75,17,2.45
FR1,2006,290,AJ Auxerre,14.5,12,4.5,17,-10.0
FR1,2006,417,OGC Nice,13.15,12,5.35,17,-7.8
FR1,2006,40,FC Girondins Bordeaux,12.0,15,0.1,11,-11.9
FR1,2006,273,Stade Rennais FC,12.0,17,24.81,17,12.81
FR1,2006,244,Olympique Marseille,11.43,23,9.88,29,-1.55
FR1,2006,618,AS Saint-Étienne,10.71,15,13.35,19,2.64
FR1,2006,1159,AS Nancy-Lorraine,7.8,11,2.8,6,-5.0
FR1,2006,415,FC Toulouse,6.9,9,4.8,11,-2.1
FR1,2006,995,FC Nantes,6.8,21,8.0,26,1.2
FR1,2006,1082,LOSC Lille,6.25,8,4.1,12,-2.15
FR1,2006,1164,Le Mans Union Club 72,5.5,10,7.0,13,1.5
FR1,2006,750,FC Sochaux-Montbéliard,5.3,17,17.1,21,11.8
FR1,2006,1095,ESTAC Troyes,3.9,15,1.6,18,-2.3
FR1,2006,1423,Valenciennes FC,3.7,10,,10,-3.7
FR1,2006,1158,FC Lorient,1.35,19,2.0,20,0.65
FR1,2006,1081,CS Sedan-Ardennes,0.15,16,,14,-0.15
FR1,2007,1041,Olympique Lyon,49.4,14,63.5,17,14.1
FR1,2007,244,Olympique Marseille,30.0,28,38.9,25,8.9
FR1,2007,826,RC Lens,23.7,22,19.05,19,-4.65
FR1,2007,40,FC Girondins Bordeaux,20.8,15,19.0,17,-1.8
FR1,2007,583,Paris Saint-Germain,20.5,20,14.3,20,-6.2
FR1,2007,162,AS Monaco,20.4,21,21.8,20,1.4
FR1,2007,618,AS Saint-Étienne,20.3,17,18.85,19,-1.45
FR1,2007,290,AJ Auxerre,13.9,17,36.7,15,22.8
FR1,2007,273,Stade Rennais FC,11.55,17,24.2,18,12.65
FR1,2007,415,FC Toulouse,8.2,17,2.4,12,-5.8
FR1,2007,1164,Le Mans Union Club 72,7.5,15,14.25,12,6.75
FR1,2007,750,FC Sochaux-Montbéliard,7.0,18,11.3,19,4.3
FR1,2007,1082,LOSC Lille,6.8,21,40.35,16,33.55
FR1,2007,1423,Valenciennes FC,4.5,9,1.1,10,-3.4
FR1,2007,1162,SM Caen,3.1,11,0.4,8,-2.7
FR1,2007,1158,FC Lorient,2.85,14,4.5,18,1.65
FR1,2007,417,OGC Nice,2.2,19,9.8,16,7.6
FR1,2007,667,RC Strasbourg Alsace,1.35,22,1.35,20,0.0
FR1,2007,347,FC Metz,0.6,17,,17,-0.6
FR1,2007,1159,AS Nancy-Lorraine,,6,4.65,10,4.65
FR1,2008,1041,Olympique Lyon,57.8,15,34.0,14,-23.8
FR1,2008,244,Olympique Marseille,36.12,23,23.65,27,-12.47
FR1,2008,417,OGC Nice,20.25,14,35.9,14,15.65
FR1,2008,1082,LOSC Lille,18.5,13,20.3,17,1.8
FR1,2008,1164,Le Mans Union Club 72,14.3,13,26.4,17,12.1
FR1,2008,273,Stade Rennais FC,14.0,16,11.95,14,-2.05
FR1,2008,583,Paris Saint-Germain,10.5,15,21.75,16,11.25
FR1,2008,1159,AS Nancy-Lorraine,10.5,13,15.4,16,4.9
FR1,2008,415,FC Toulouse,9.8,16,22.7,20,12.9
FR1,2008,618,AS Saint-Étienne,9.5,18,11.0,13,1.5
FR1,2008,995,FC Nantes,8.6,18,6.6,20,-2.0
FR1,2008,290,AJ Auxerre,8.4,13,3.4,11,-5.0
FR1,2008,40,FC Girondins Bordeaux,7.9,11,2.5,14,-5.4
FR1,2008,1423,Valenciennes FC,7.8,12,10.2,14,2.4
FR1,2008,1162,SM Caen,7.64,13,7.82,12,0.175
FR1,2008,750,FC Sochaux-Montbéliard,6.55,17,5.8,19,-0.75
FR1,2008,162,AS Monaco,5.2,24,22.65,20,17.45
FR1,2008,1158,FC Lorient,3.0,15,,14,-3.0
FR1,2008,1290,Grenoble Foot 38,1.48,15,0.35,8,-1.13
FR1,2008,738,Le Havre AC,0.4,17,3.0,18,2.6
FR1,2009,1041,Olympique Lyon,82.7,15,53.0,11,-29.7
FR1,2009,244,Olympique Marseille,42.3,25,27.8,23,-14.5
FR1,2009,40,FC Girondins Bordeaux,28.5,15,11.0,12,-17.5
FR1,2009,618,AS Saint-Étienne,19.5,13,14.4,13,-5.1
FR1,2009,583,Paris Saint-Germain,15.5,15,6.3,17,-9.2
FR1,2009,273,Stade Rennais FC,14.6,18,13.8,21,-0.798
FR1,2009,162,AS Monaco,9.9,19,6.08,20,-3.83
FR1,2009,1082,LOSC Lille,8.6,14,18.75,17,10.15
FR1,2009,750,FC Sochaux-Montbéliard,7.5,17,10.2,17,2.7
FR1,2009,1158,FC Lorient,7.0,17,9.5,19,2.5
FR1,2009,415,FC Toulouse,6.0,12,12.45,10,6.45
FR1,2009,1159,AS Nancy-Lorraine,5.7,15,5.6,12,-0.1
FR1,2009,1423,Valenciennes FC,5.45,13,0.5,9,-4.95
FR1,2009,826,RC Lens,4.95,12,3.0,14,-1.95
FR1,2009,1290,Grenoble Foot 38,3.6,13,,16,-3.6
FR1,2009,417,OGC Nice,3.5,12,1.45,11,-2.05
FR1,2009,1164,Le Mans Union Club 72,2.63,17,10.5,12,7.87
FR1,2009,7042,US Boulogne,2.04,18,2.15,12,0.115
FR1,2009,290,AJ Auxerre,1.5,14,4.7,14,3.2
FR1,2009,969,Montpellier HSC,,10,,8,0.0
FR1,2010,244,Olympique Marseille,41.5,16,22.6,17,-18.9
FR1,2010,1041,Olympique Lyon,28.44,7,10.82,11,-17.63
FR1,2010,273,Stade Rennais FC,22.2,20,34.13,17,11.93
FR1,2010,40,FC Girondins Bordeaux,10.5,15,22.0,15,11.5
FR1,2010,162,AS Monaco,9.75,28,14.1,27,4.35
FR1,2010,583,Paris Saint-Germain,9.0,10,7.0,11,-2.0
FR1,2010,1158,FC Lorient,6.0,16,12.8,12,6.8
FR1,2010,969,Montpellier HSC,4.3,12,14.0,13,9.7
FR1,2010,1162,SM Caen,4.2,10,,9,-4.2
FR1,2010,618,AS Saint-Étienne,3.93,14,5.25,16,1.33
FR1,2010,3911,Stade Brestois 29,3.8,12,,13,-3.8
FR1,2010,290,AJ Auxerre,3.5,10,2.43,11,-1.07
FR1,2010,750,FC Sochaux-Montbéliard,3.3,10,2.5,10,-0.8
FR1,2010,1423,Valenciennes FC,1.8,10,8.5,11,6.7
FR1,2010,417,OGC Nice,1.7,11,23.0,14,21.3
FR1,2010,415,FC Toulouse,,9,16.65,10,16.65
FR1,2010,826,RC Lens,,13,8.32,10,8.32
FR1,2010,1082,LOSC Lille,,8,2.3,8,2.3
FR1,2010,1159,AS Nancy-Lorraine,,15,8.05,16,8.05
FR1,2010,11300,AC Arles-Avignon,,23,0.5,26,0.5
FR1,2011,583,Paris Saint-Germain,107.1,20,9.4,14,-97.7
FR1,2011,1082,LOSC Lille,23.4,19,36.9,18,13.5
FR1,2011,273,Stade Rennais FC,16.8,10,5.5,13,-11.3
FR1,2011,618,AS Saint-Étienne,16.1,21,28.86,22,12.76
FR1,2011,415,FC Toulouse,13.34,11,4.8,12,-8.54
FR1,2011,1158,FC Lorient,11.1,21,16.0,21,4.9
FR1,2011,244,Olympique Marseille,11.0,15,,17,-11.0
FR1,2011,417,OGC Nice,8.35,19,0.6,18,-7.75
FR1,2011,2969,Dijon FCO,5.85,21,,17,-5.85
FR1,2011,1159,AS Nancy-Lorraine,5.35,16,9.6,20,4.25
FR1,2011,750,FC Sochaux-Montbéliard,5.25,12,11.5,12,6.25
FR1,2011,1041,Olympique Lyon,4.6,11,22.0,8,17.4
FR1,2011,1423,Valenciennes FC,4.1,7,4.2,9,0.1
FR1,2011,40,FC Girondins Bordeaux,4.0,16,12.5,15,8.5
FR1,2011,290,AJ Auxerre,3.75,19,3.5,14,-0.25
FR1,2011,3911,Stade Brestois 29,2.5,15,8.0,10,5.5
FR1,2011,969,Montpellier HSC,2.0,8,2.0,12,0.0
FR1,2011,14171,FC Évian Thonon Gaillard,1.85,16,,12,-1.85
FR1,2011,1162,SM Caen,0.3,12,9.0,12,8.7
FR1,2011,1147,AC Ajaccio,0.2,13,,8,-0.2
FR1,2012,583,Paris Saint-Germain,151.0,11,4.75,15,-146.25
FR1,2012,1082,LOSC Lille,22.5,13,41.2,17,18.7
FR1,2012,969,Montpellier HSC,12.5,11,20.0,6,7.5
FR1,2012,1158,FC Lorient,10.0,13,5.0,13,-5.0
FR1,2012,1041,Olympique Lyon,8.75,14,29.1,18,20.35
FR1,2012,244,Olympique Marseille,8.7,14,29.8,15,21.1
FR1,2012,273,Stade Rennais FC,8.7,15,27.5,15,18.8
FR1,2012,750,FC Sochaux-Montbéliard,7.75,14,16.86,10,9.11
FR1,2012,417,OGC Nice,6.0,18,8.7,17,2.7
FR1,2012,1159,AS Nancy-Lorraine,4.7,24,6.5,22,1.8
FR1,2012,618,AS Saint-Étienne,4.5,17,4.6,16,0.1
FR1,2012,1421,Stade Reims,3.35,12,,18,-3.35
FR1,2012,1423,Valenciennes FC,3.1,11,4.0,8,0.9
FR1,2012,40,FC Girondins Bordeaux,2.8,7,5.5,8,2.7
FR1,2012,3911,Stade Brestois 29,2.45,13,1.5,14,-0.95
FR1,2012,14171,FC Évian Thonon Gaillard,1.6,9,,11,-1.6
FR1,2012,415,FC Toulouse,1.0,9,14.1,11,13.1
FR1,2012,1095,ESTAC Troyes,0.5,13,4.45,15,3.95
FR1,2012,595,SC Bastia,,16,7.5,11,7.5
FR1,2012,1147,AC Ajaccio,,13,1.0,12,1.0
FR1,2013,162,AS Monaco,160.7,26,5.74,28,-154.96
FR1,2013,583,Paris Saint-Germain,135.9,18,26.5,18,-109.4
FR1,2013,244,Olympique Marseille,39.4,13,1.05,15,-38.35
FR1,2013,618,AS Saint-Étienne,16.6,17,42.95,17,26.35
FR1,2013,273,Stade Rennais FC,15.05,21,16.6,22,1.55
FR1,2013,415,FC Toulouse,13.55,15,20.7,10,7.15
FR1,2013,1041,Olympique Lyon,4.0,14,24.5,8,20.5
FR1,2013,40,FC Girondins Bordeaux,3.5,10,11.0,11,7.5
FR1,2013,995,FC Nantes,3.35,11,0.5,9,-2.85
FR1,2013,750,FC Sochaux-Montbéliard,3.15,15,2.5,15,-0.65
FR1,2013,1421,Stade Reims,3.13,11,,8,-3.13
FR1,2013,1158,FC Lorient,3.0,13,12.09,14,9.09
FR1,2013,1082,LOSC Lille,2.95,15,42.0,13,39.05
FR1,2013,14171,FC Évian Thonon Gaillard,2.6,14,8.5,18,5.9
FR1,2013,969,Montpellier HSC,2.5,11,14.5,13,12.0
FR1,2013,595,SC Bastia,1.8,16,2.2,22,0.4
FR1,2013,1423,Valenciennes FC,1.39,11,6.0,11,4.61
FR1,2013,855,EA Guingamp,1.2,10,7.5,11,6.3
FR1,2013,417,OGC Nice,,12,,9,0.0
FR1,2013,1147,AC Ajaccio,,16,,23,0.0
FR1,2014,583,Paris Saint-Germain,49.5,8,2.2,8,-47.3
FR1,2014,162,AS Monaco,39.75,25,89.4,28,49.65
FR1,2014,244,Olympique Marseille,20.5,16,17.5,16,-3.0
FR1,2014,273,Stade Rennais FC,18.09,23,20.5,21,2.42
FR1,2014,1158,FC Lorient,8.45,18,19.2,20,10.75
FR1,2014,1082,LOSC Lille,7.8,13,19.73,11,11.93
FR1,2014,40,FC Girondins Bordeaux,7.7,18,4.5,14,-3.2
FR1,2014,1041,Olympique Lyon,5.65,6,1.5,9,-4.15
FR1,2014,347,FC Metz,4.0,19,7.65,18,3.65
FR1,2014,618,AS Saint-Étienne,4.0,9,,11,-4.0
FR1,2014,969,Montpellier HSC,4.0,12,15.9,13,11.9
FR1,2014,415,FC Toulouse,3.0,11,13.7,9,10.7
FR1,2014,855,EA Guingamp,2.56,11,2.5,10,-0.06
FR1,2014,14171,FC Évian Thonon Gaillard,2.25,17,3.0,15,0.75
FR1,2014,417,OGC Nice,1.3,11,7.4,15,6.1
FR1,2014,1162,SM Caen,0.8,13,,12,-0.8
FR1,2014,995,FC Nantes,0.42,10,,11,-0.42
FR1,2014,595,SC Bastia,0.1,27,2.0,20,1.9
FR1,2014,826,RC Lens,,6,3.0,10,3.0
FR1,2014,1421,Stade Reims,,10,5.5,11,5.5
FR1,2015,583,Paris Saint-Germain,116.1,9,22.9,10,-93.2
FR1,2015,162,AS Monaco,101.0,30,175.4,29,74.4
FR1,2015,1041,Olympique Lyon,41.1,11,26.8,13,-14.3
FR1,2015,618,AS Saint-Étienne,20.3,16,23.2,12,2.9
FR1,2015,244,Olympique Marseille,19.75,23,54.45,18,34.7
FR1,2015,1082,LOSC Lille,12.9,23,35.25,18,22.35
FR1,2015,40,FC Girondins Bordeaux,11.0,13,22.3,12,11.3
FR1,2015,1158,FC Lorient,9.93,13,18.5,14,8.58
FR1,2015,995,FC Nantes,7.0,14,17.55,14,10.55
FR1,2015,1162,SM Caen,6.05,21,14.0,16,7.95
FR1,2015,273,Stade Rennais FC,5.64,18,10.6,19,4.96
FR1,2015,417,OGC Nice,4.1,23,14.0,20,9.9
FR1,2015,415,FC Toulouse,2.9,10,10.5,13,7.6
FR1,2015,969,Montpellier HSC,2.73,11,4.0,8,1.28
FR1,2015,1421,Stade Reims,2.4,13,1.5,10,-0.9
FR1,2015,855,EA Guingamp,1.95,15,6.0,13,4.05
FR1,2015,1095,ESTAC Troyes,0.3,17,7.3,16,7.0
FR1,2015,595,SC Bastia,,13,1.7,17,1.7
FR1,2015,1420,Angers SCO,,23,5.9,21,5.9
FR1,2015,3558,GFC Ajaccio,,9,,10,0.0
FR1,2016,583,Paris Saint-Germain,134.5,16,59.8,15,-74.7
FR1,2016,244,Olympique Marseille,53.0,26,81.49,25,28.49
FR1,2016,162,AS Monaco,50.5,25,18.45,29,-32.05
FR1,2016,1041,Olympique Lyon,28.6,12,27.3,13,-1.3
FR1,2016,1082,LOSC Lille,20.7,21,47.0,25,26.3
FR1,2016,417,OGC Nice,15.25,21,15.8,20,0.55
FR1,2016,415,FC Toulouse,13.0,19,10.0,15,-3.0
FR1,2016,40,FC Girondins Bordeaux,11.85,12,2.6,15,-9.25
FR1,2016,1158,FC Lorient,8.6,23,32.15,18,23.55
FR1,2016,618,AS Saint-Étienne,7.0,15,2.25,15,-4.75
FR1,2016,969,Montpellier HSC,6.4,13,19.4,16,13.0
FR1,2016,1420,Angers SCO,5.2,22,4.4,20,-0.8
FR1,2016,995,FC Nantes,5.0,13,2.65,12,-2.36
FR1,2016,1162,SM Caen,4.25,11,11.0,11,6.75
FR1,2016,2969,Dijon FCO,3.15,14,1.25,15,-1.9
FR1,2016,1159,AS Nancy-Lorraine,2.3,15,10.9,9,8.6
FR1,2016,273,Stade Rennais FC,2.27,23,55.3,21,53.03
FR1,2016,347,FC Metz,0.4,27,0.775,28,0.375
FR1,2016,595,SC Bastia,0.25,17,7.0,18,6.75
FR1,2016,855,EA Guingamp,,15,2.5,17,2.5
FR1,2017,583,Paris Saint-Germain,238.0,11,98.4,14,-139.6
FR1,2017,162,AS Monaco,122.4,25,199.5,23,77.1
FR1,2017,1082,LOSC Lille,76.5,31,31.1,30,-45.4
FR1,2017,1041,Olympique Lyon,62.55,21,119.55,20,57.0
FR1,2017,244,Olympique Marseille,62.0,17,2.75,21,-59.25
FR1,2017,273,Stade Rennais FC,48.9,19,15.8,22,-33.1
FR1,2017,40,FC Girondins Bordeaux,32.6,24,28.25,22,-4.35
FR1,2017,417,OGC Nice,26.3,15,27.5,19,1.2
FR1,2017,618,AS Saint-Étienne,19.3,20,15.5,22,-3.8
FR1,2017,1420,Angers SCO,12.4,18,26.0,21,13.6
FR1,2017,995,FC Nantes,11.3,14,10.0,11,-1.3
FR1,2017,1162,SM Caen,6.95,16,6.0,16,-0.95
FR1,2017,1416,Amiens SC,6.63,18,8.0,16,1.37
FR1,2017,969,Montpellier HSC,5.7,14,20.8,16,15.1
FR1,2017,2969,Dijon FCO,5.5,12,15.0,13,9.5
FR1,2017,667,RC Strasbourg Alsace,5.2,15,2.0,14,-3.2
FR1,2017,347,FC Metz,3.6,23,22.85,21,19.25
FR1,2017,415,FC Toulouse,3.5,11,13.0,15,9.5
FR1,2017,855,EA Guingamp,1.38,15,1.45,15,0.075
FR1,2017,1095,ESTAC Troyes,,9,,11,0.0
FR1,2018,583,Paris Saint-Germain,262.0,21,114.75,18,-147.25
FR1,2018,162,AS Monaco,145.85,37,367.25,29,221.4
FR1,2018,244,Olympique Marseille,66.0,12,32.85,10,-33.15
FR1,2018,1041,Olympique Lyon,46.45,17,90.1,16,43.65
FR1,2018,1082,LOSC Lille,29.1,15,69.7,20,40.6
FR1,2018,417,OGC Nice,28.0,13,61.7,12,33.7
FR1,2018,40,FC Girondins Bordeaux,21.46,17,50.7,20,29.25
FR1,2018,415,FC Toulouse,18.45,16,35.5,19,17.05
FR1,2018,273,Stade Rennais FC,18.0,19,18.5,15,0.5
FR1,2018,667,RC Strasbourg Alsace,15.75,16,14.0,12,-1.75
FR1,2018,1421,Stade Reims,15.5,15,11.0,14,-4.5
FR1,2018,618,AS Saint-Étienne,15.0,18,18.7,21,3.7
FR1,2018,995,FC Nantes,14.35,16,21.0,18,6.65
FR1,2018,969,Montpellier HSC,10.15,13,25.5,10,15.35
FR1,2018,1162,SM Caen,9.95,26,14.5,25,4.55
FR1,2018,2969,Dijon FCO,9.2,14,4.0,15,-5.2
FR1,2018,1416,Amiens SC,7.49,20,10.0,27,2.51
FR1,2018,1420,Angers SCO,5.65,20,21.0,19,15.35
FR1,2018,855,EA Guingamp,3.5,13,4.0,13,0.5
FR1,2018,1160,Nîmes Olympique,3.15,13,,8,-3.15
FR1,2019,162,AS Monaco,200.0,33,83.75,38,-116.25
FR1,2019,1041,Olympique Lyon,126.0,16,160.32,14,34.32
FR1,2019,1082,LOSC Lille,99.4,18,171.0,18,71.6
FR1,2019,583,Paris Saint-Germain,95.0,21,112.4,18,17.4
FR1,2019,273,Stade Rennais FC,58.1,22,54.55,22,-3.55
FR1,2019,417,OGC Nice,52.2,15,23.11,16,-29.09
FR1,2019,244,Olympique Marseille,27.0,10,27.25,12,0.25
FR1,2019,1421,Stade Reims,21.7,19,26.6,20,4.9
FR1,2019,969,Montpellier HSC,20.3,14,40.6,15,20.3
FR1,2019,995,FC Nantes,18.75,22,38.5,20,19.75
FR1,2019,1416,Amiens SC,17.85,25,5.44,19,-12.42
FR1,2019,40,FC Girondins Bordeaux,17.0,19,62.25,19,45.25
FR1,2019,347,FC Metz,14.35,18,2.6,15,-11.75
FR1,2019,415,FC Toulouse,14.0,23,17.15,18,3.15
FR1,2019,618,AS Saint-Étienne,13.45,25,45.85,17,32.4
FR1,2019,667,RC Strasbourg Alsace,11.0,8,21.5,12,10.5
FR1,2019,2969,Dijon FCO,10.47,16,24.5,16,14.04
FR1,2019,1420,Angers SCO,10.4,16,34.0,18,23.6
FR1,2019,1160,Nîmes Olympique,9.85,17,20.5,17,10.65
FR1,2019,3911,Stade Brestois 29,7.5,13,0.5,13,-7.0
FR1,2020,273,Stade Rennais FC,70.56,16,55.42,21,-15.14
FR1,2020,583,Paris Saint-Germain,62.0,15,0.4,16,-61.6
FR1,2020,162,AS Monaco,52.7,30,13.53,31,-39.17
FR1,2020,1082,LOSC Lille,40.43,15,108.08,14,67.65
FR1,2020,1041,Olympique Lyon,36.6,14,50.6,21,14.0
FR1,2020,417,OGC Nice,29.23,25,20.51,25,-8.72
FR1,2020,1158,FC Lorient,26.5,21,6.5,19,-20.0
FR1,2020,826,RC Lens,19.0,15,,15,-19.0
FR1,2020,244,Olympique Marseille,17.42,11,33.45,11,16.03
FR1,2020,3911,Stade Brestois 29,16.1,16,12.0,15,-4.1
FR1,2020,2969,Dijon FCO,15.8,18,17.0,15,1.2
FR1,2020,347,FC Metz,14.7,23,10.0,20,-4.7
FR1,2020,969,Montpellier HSC,13.1,9,,7,-13.1
FR1,2020,667,RC Strasbourg Alsace,12.0,7,0.5,6,-11.5
FR1,2020,1160,Nîmes Olympique,11.25,11,0.5,7,-10.75
FR1,2020,1420,Angers SCO,11.25,17,10.7,14,-0.55
FR1,2020,1421,Stade Reims,11.2,8,17.0,14,5.8
FR1,2020,618,AS Saint-Étienne,6.2,24,44.1,23,37.9
FR1,2020,995,FC Nantes,5.0,11,2.0,13,-3.0
FR1,2020,40,FC Girondins Bordeaux,,13,17.0,12,17.0
FR1,2021,583,Paris Saint-Germain,91.0,24,11.0,18,-80.0
FR1,2021,273,Stade Rennais FC,81.74,23,49.9,21,-31.84
FR1,2021,417,OGC Nice,63.0,22,26.05,23,-36.95
FR1,2021,244,Olympique Marseille,54.12,20,8.0,20,-46.12
FR1,2021,162,AS Monaco,50.3,22,34.64,23,-15.66
FR1,2021,1082,LOSC Lille,26.57,16,79.05,16,52.48
FR1,2021,826,RC Lens,23.1,17,18.0,18,-5.1
FR1,2021,1041,Olympique Lyon,22.92,22,103.6,16,80.68
FR1,2021,1095,ESTAC Troyes,21.8,24,,23,-21.8
FR1,2021,1421,Stade Reims,16.0,21,15.05,15,-0.95
FR1,2021,1158,FC Lorient,10.5,14,10.0,17,-0.5
FR1,2021,40,FC Girondins Bordeaux,10.05,23,19.1,18,9.05
FR1,2021,995,FC Nantes,7.5,12,15.8,15,8.3
FR1,2021,3911,Stade Brestois 29,5.25,14,28.2,15,22.95
FR1,2021,667,RC Strasbourg Alsace,4.5,15,16.0,18,11.5
FR1,2021,347,FC Metz,2.5,20,23.5,19,21.0
FR1,2021,1420,Angers SCO,1.87,11,18.1,16,16.23
FR1,2021,618,AS Saint-Étienne,0.6,14,,15,-0.6
FR1,2021,969,Montpellier HSC,0.2,12,25.0,14,24.8
FR1,2021,3524,Clermont Foot 63,,16,,16,0.0
FR1,2022,583,Paris Saint-Germain,147.0,26,61.8,34,-85.2
FR1,2022,244,Olympique Marseille,121.55,26,37.48,28,-84.08
FR1,2022,273,Stade Rennais FC,84.0,22,95.0,20,11.0
FR1,2022,417,OGC Nice,83.0,29,49.55,28,-33.45
FR1,2022,826,RC Lens,43.94,21,51.55,16,7.61
FR1,2022,162,AS Monaco,43.5,20,156.2,21,112.7
FR1,2022,1041,Olympique Lyon,32.45,18,79.85,23,47.4
FR1,2022,1158,FC Lorient,30.2,27,39.45,27,9.25
FR1,2022,1082,LOSC Lille,25.5,16,106.77,16,81.27
FR1,2022,1095,ESTAC Troyes,24.8,25,10.0,26,-14.8
FR1,2022,1421,Stade Reims,20.4,24,28.95,29,8.55
FR1,2022,415,FC Toulouse,14.7,15,11.0,15,-3.7
FR1,2022,995,FC Nantes,12.45,15,,12,-12.45
FR1,2022,969,Montpellier HSC,9.5,15,10.0,14,0.5
FR1,2022,667,RC Strasbourg Alsace,7.0,19,10.9,16,3.9
FR1,2022,1420,Angers SCO,6.0,24,39.0,20,33.0
FR1,2022,3911,Stade Brestois 29,5.35,19,2.1,19,-3.25
FR1,2022,3524,Clermont Foot 63,2.3,24,21.4,25,19.1
FR1,2022,290,AJ Auxerre,2.25,22,0.5,18,-1.75
FR1,2022,1147,AC Ajaccio,0.3,17,0.6,11,0.3
FR1,2023,583,Paris Saint-Germain,454.5,34,210.65,31,-243.85
FR1,2023,244,Olympique Marseille,102.6,30,79.1,26,-23.5
FR1,2023,162,AS Monaco,86.2,16,62.0,17,-24.2
FR1,2023,273,Stade Rennais FC,84.4,21,146.5,26,62.1
FR1,2023,1041,Olympique Lyon,83.22,34,107.46,29,24.24
FR1,2023,826,RC Lens,64.25,14,69.04,17,4.79
FR1,2023,667,RC Strasbourg Alsace,60.7,19,43.1,20,-17.6
FR1,2023,1421,Stade Reims,53.85,31,74.55,30,20.7
FR1,2023,417,OGC Nice,52.5,22,18.89,23,-33.61
FR1,2023,1082,LOSC Lille,39.45,14,44.6,12,5.15
FR1,2023,1158,FC Lorient,28.9,24,59.2,21,30.3
FR1,2023,995,FC Nantes,28.25,22,37.8,22,9.55
FR1,2023,415,FC Toulouse,18.25,23,14.2,22,-4.05
FR1,2023,969,Montpellier HSC,9.58,13,37.75,15,28.17
FR1,2023,3524,Clermont Foot 63,7.1,17,16.4,18,9.3
FR1,2023,347,FC Metz,6.33,27,30.0,20,23.67
FR1,2023,3911,Stade Brestois 29,3.5,15,8.6,17,5.1
FR1,2023,738,Le Havre AC,2.9,15,,21,-2.9
FR1,2024,583,Paris Saint-Germain,255.92,21,145.1,26,-110.82
FR1,2024,273,Stade Rennais FC,154.87,33,177.76,26,22.89
FR1,2024,1041,Olympique Lyon,147.79,23,68.05,30,-79.74
FR1,2024,244,Olympique Marseille,122.85,27,102.6,27,-20.25
FR1,2024,162,AS Monaco,88.75,12,56.1,11,-32.65
FR1,2024,667,RC Strasbourg Alsace,61.9,28,,28,-61.9
FR1,2024,1082,LOSC Lille,25.34,17,62.0,16,36.66
FR1,2024,826,RC Lens,24.65,26,94.49,24,69.84
FR1,2024,618,AS Saint-Étienne,23.1,17,15.0,14,-8.1
FR1,2024,417,OGC Nice,20.7,18,24.0,16,3.3
FR1,2024,1421,Stade Reims,13.85,20,53.2,18,39.35
FR1,2024,3911,Stade Brestois 29,12.2,21,6.4,18,-5.8
FR1,2024,995,FC Nantes,10.25,19,11.3,19,1.05
FR1,2024,415,FC Toulouse,7.5,20,56.5,23,49.0
FR1,2024,290,AJ Auxerre,4.4,14,5.4,12,1.0
FR1,2024,738,Le Havre AC,,22,9.75,19,9.75
FR1,2024,969,Montpellier HSC,,12,27.0,10,27.0
FR1,2024,1420,Angers SCO,,10,0.474,5,0.474
FR1,2025,667,RC Strasbourg Alsace,118.0,38,92.2,37,-25.8
FR1,2025,244,Olympique Marseille,112.95,29,131.3,32,18.35
FR1,2025,583,Paris Saint-Germain,111.2,16,65.43,15,-45.77
FR1,2025,273,Stade Rennais FC,91.0,31,138.7,38,47.7
FR1,2025,10004,Paris FC,72.3,20,,15,-72.3
FR1,2025,826,RC Lens,61.45,37,102.0,36,40.55
FR1,2025,1041,Olympique Lyon,56.36,32,112.69,26,56.33
FR1,2025,1082,LOSC Lille,48.0,26,109.6,24,61.6
FR1,2025,417,OGC Nice,35.18,27,108.0,25,72.82
FR1,2025,162,AS Monaco,14.0,15,149.57,13,135.57
FR1,2025,415,FC Toulouse,9.95,19,44.5,19,34.55
FR1,2025,995,FC Nantes,7.5,26,39.5,23,32.0
FR1,2025,290,AJ Auxerre,6.85,17,21.5,19,14.65
FR1,2025,3911,Stade Brestois 29,6.1,16,29.8,20,23.7
FR1,2025,347,FC Metz,5.75,30,35.6,25,29.85
FR1,2025,1158,FC Lorient,2.2,14,2.8,13,0.6
FR1,2025,738,Le Havre AC,,26,1.0,24,1.0
FR1,2025,1420,Angers SCO,,14,20.05,17,20.05
FR1,2026,583,Paris Saint-Germain,152.0,11,334.3,11,182.3
FR1,2026,667,RC Strasbourg Alsace,99.4,29,200.85,25,101.45
FR1,2026,10004,Paris FC,79.0,12,6.8,18,-72.2
FR1,2026,162,AS Monaco,48.0,12,106.0,13,58.0
FR1,2026,1082,LOSC Lille,42.1,16,164.0,17,121.9
FR1,2026,244,Olympique Marseille,40.1,13,90.0,14,49.9
FR1,2026,273,Stade Rennais FC,36.8,21,96.7,18,59.9
FR1,2026,1041,Olympique Lyon,30.6,19,70.6,17,40.0
FR1,2026,826,RC Lens,27.0,23,71.2,22,44.2
FR1,2026,415,FC Toulouse,21.5,18,70.5,18,49.0
FR1,2026,290,AJ Auxerre,17.6,20,9.75,17,-7.85
FR1,2026,1158,FC Lorient,4.85,15,16.4,14,11.55
FR1,2026,1095,ESTAC Troyes,4.2,13,31.15,14,26.95
FR1,2026,1420,Angers SCO,2.25,10,25.25,12,23.0
FR1,2026,3911,Stade Brestois 29,2.0,13,3.9,13,1.9
FR1,2026,417,OGC Nice,1.7,22,46.75,22,45.05
FR1,2026,738,Le Havre AC,1.5,16,2.5,19,1.0
FR1,2026,1164,Le Mans FC,1.0,12,,9,-1.0
IT1,1998,398,SS Lazio,103.47,16,33.35,16,-70.12
IT1,1998,46,Inter Milan,64.35,15,6.75,15,-57.6
IT1,1998,5,AC Milan,46.22,26,29.05,28,-17.17
IT1,1998,130,AC Parma,45.05,16,9.25,16,-35.8
IT1,1998,12,AS Roma,37.88,9,,10,-37.88
IT1,1998,1038,UC Sampdoria,32.8,22,45.5,20,12.7
IT1,1998,506,Juventus FC,32.45,19,11.08,19,-21.37
IT1,1998,430,AC Fiorentina,27.5,13,28.76,11,1.26
IT1,1998,380,US Salernitana,21.9,20,6.75,22,-15.15
IT1,1998,607,AC Venezia 1907,14.25,24,7.95,16,-6.3
IT1,1998,1390,Cagliari Calcio,12.5,14,0.25,13,-12.25
IT1,1998,1025,Bologna FC 1909,6.38,18,11.25,14,4.88
IT1,1998,410,Udinese Calcio,5.1,14,21.45,16,16.35
IT1,1998,332,AS Bari,5.0,11,24.0,14,19.0
IT1,1998,839,AC Perugia,4.72,32,4.5,33,-0.223
IT1,1998,749,FC Empoli,3.6,28,3.0,23,-0.6
IT1,1998,2655,Vicenza Calcio,3.25,16,1.0,14,-2.25
IT1,1998,1408,Piacenza FC,1.0,10,3.3,13,2.3
IT1,1999,46,Inter Milan,153.73,24,40.39,23,-113.33
IT1,1999,5,AC Milan,86.95,27,12.02,27,-74.94
IT1,1999,130,AC Parma,83.84,21,70.35,16,-13.49
IT1,1999,12,AS Roma,74.42,18,26.82,21,-47.6
IT1,1999,398,SS Lazio,71.93,12,53.98,13,-17.94
IT1,1999,506,Juventus FC,54.0,16,48.5,18,-5.5
IT1,1999,430,AC Fiorentina,52.46,14,8.75,14,-43.71
IT1,1999,410,Udinese Calcio,47.64,26,44.43,21,-3.21
IT1,1999,1025,Bologna FC 1909,19.05,17,24.35,18,5.3
IT1,1999,1005,US Lecce,16.92,20,5.89,25,-11.03
IT1,1999,607,AC Venezia 1907,14.4,23,11.5,24,-2.9
IT1,1999,1386,Reggina Calcio,11.85,21,0.4,18,-11.45
IT1,1999,1408,Piacenza FC,11.5,9,18.85,9,7.35
IT1,1999,332,AS Bari,11.2,19,13.0,12,1.8
IT1,1999,276,Hellas Verona,9.38,16,1.0,14,-8.38
IT1,1999,839,AC Perugia,9.0,28,35.1,32,26.1
IT1,1999,416,Torino Calcio,7.35,23,4.4,24,-2.95
IT1,1999,1390,Cagliari Calcio,5.35,15,17.25,15,11.9
IT1,2000,398,SS Lazio,122.32,21,45.7,16,-76.62
IT1,2000,130,AC Parma,101.2,20,93.47,28,-7.74
IT1,2000,12,AS Roma,98.3,23,12.04,19,-86.26
IT1,2000,46,Inter Milan,94.24,37,73.38,35,-20.86
IT1,2000,5,AC Milan,57.8,26,18.83,25,-38.97
IT1,2000,506,Juventus FC,54.05,21,26.64,20,-27.41
IT1,2000,6195,SSC Napoli,35.17,29,8.8,28,-26.36
IT1,2000,1025,Bologna FC 1909,29.44,21,30.78,23,1.34
IT1,2000,430,AC Fiorentina,27.45,11,41.15,15,13.7
IT1,2000,276,Hellas Verona,19.55,25,8.2,19,-11.35
IT1,2000,1386,Reggina Calcio,14.25,22,14.0,21,-0.25
IT1,2000,410,Udinese Calcio,10.85,23,10.3,23,-0.55
IT1,2000,839,AC Perugia,9.13,25,10.75,27,1.62
IT1,2000,1005,US Lecce,6.92,22,12.75,18,5.83
IT1,2000,2655,Vicenza Calcio,5.35,21,13.9,17,8.55
IT1,2000,19,Brescia Calcio,4.55,22,8.93,19,4.38
IT1,2000,332,AS Bari,2.5,17,,14,-2.5
IT1,2000,800,Atalanta BC,1.5,14,3.0,14,1.5
IT1,2001,506,Juventus FC,182.14,19,153.96,22,-28.17
IT1,2001,5,AC Milan,160.13,30,57.71,29,-102.42
IT1,2001,398,SS Lazio,139.25,14,119.2,17,-20.05
IT1,2001,46,Inter Milan,119.39,33,49.8,37,-69.59
IT1,2001,130,AC Parma,118.52,33,163.82,33,45.29
IT1,2001,12,AS Roma,77.68,24,81.58,26,3.9
IT1,2001,800,Atalanta BC,36.3,21,44.0,21,7.7
IT1,2001,410,Udinese Calcio,27.8,37,40.47,33,12.67
IT1,2001,19,Brescia Calcio,25.02,23,3.0,20,-22.02
IT1,2001,1005,US Lecce,24.48,16,16.72,14,-7.75
IT1,2001,416,Torino Calcio,23.13,17,2.5,24,-20.63
IT1,2001,1408,Piacenza FC,14.95,15,8.5,17,-6.45
IT1,2001,607,AC Venezia 1907,13.2,25,2.73,24,-10.48
IT1,2001,1025,Bologna FC 1909,12.35,13,12.95,15,0.6
IT1,2001,839,AC Perugia,11.11,29,36.3,20,25.19
IT1,2001,862,Chievo Verona,5.47,25,1.0,28,-4.47
IT1,2001,430,AC Fiorentina,5.34,14,77.57,10,72.23
IT1,2001,276,Hellas Verona,1.5,18,9.3,19,7.8
IT1,2002,46,Inter Milan,116.18,31,119.25,27,3.07
IT1,2002,130,AC Parma,89.85,34,80.15,36,-9.7
IT1,2002,5,AC Milan,71.1,23,45.6,27,-25.5
IT1,2002,506,Juventus FC,47.9,30,20.9,29,-27.0
IT1,2002,12,AS Roma,30.56,24,25.75,19,-4.81
IT1,2002,398,SS Lazio,18.21,11,80.0,16,61.79
IT1,2002,839,AC Perugia,8.0,26,24.9,35,16.9
IT1,2002,1386,Reggina Calcio,6.8,21,3.0,21,-3.8
IT1,2002,1408,Piacenza FC,6.75,23,5.15,24,-1.6
IT1,2002,1047,Como Calcio,6.2,29,0.83,32,-5.37
IT1,2002,410,Udinese Calcio,6.0,20,2.7,30,-3.3
IT1,2002,1385,Modena FC,5.84,18,1.0,14,-4.84
IT1,2002,19,Brescia Calcio,5.2,24,17.5,34,12.3
IT1,2002,862,Chievo Verona,4.05,34,12.82,26,8.77
IT1,2002,416,Torino Calcio,2.8,28,,23,-2.8
IT1,2002,1025,Bologna FC 1909,1.5,15,0.5,15,-1.0
IT1,2002,749,FC Empoli,1.15,19,17.02,17,15.87
IT1,2002,800,Atalanta BC,0.7,15,3.71,19,3.01
IT1,2003,46,Inter Milan,64.2,44,51.42,42,-12.79
IT1,2003,506,Juventus FC,35.79,29,6.3,32,-29.49
IT1,2003,12,AS Roma,27.1,20,,20,-27.1
IT1,2003,130,AC Parma,24.02,33,85.4,31,61.39
IT1,2003,398,SS Lazio,18.58,19,8.85,22,-9.73
IT1,2003,5,AC Milan,17.12,25,18.85,29,1.73
IT1,2003,1038,UC Sampdoria,7.5,20,,18,-7.5
IT1,2003,862,Chievo Verona,5.45,38,8.45,44,3.0
IT1,2003,1386,Reggina Calcio,4.75,19,,21,-4.75
IT1,2003,1385,Modena FC,3.66,19,,17,-3.66
IT1,2003,1387,AC Siena,2.9,20,,27,-2.9
IT1,2003,1025,Bologna FC 1909,0.485,20,9.7,17,9.22
IT1,2003,1388,Ancona Calcio,0.115,42,2.12,47,2.0
IT1,2003,19,Brescia Calcio,,26,16.0,24,16.0
IT1,2003,410,Udinese Calcio,,21,3.4,24,3.4
IT1,2003,749,FC Empoli,,15,4.99,17,4.99
IT1,2003,839,AC Perugia,,42,2.5,34,2.5
IT1,2003,1005,US Lecce,,19,,17,0.0
IT1,2004,506,Juventus FC,71.12,30,47.12,30,-24.0
IT1,2004,430,ACF Fiorentina,49.5,19,2.2,24,-47.3
IT1,2004,12,AS Roma,43.21,25,62.5,28,19.29
IT1,2004,458,US Palermo,20.55,23,4.0,30,-16.55
IT1,2004,46,Inter Milan,17.55,44,31.37,47,13.82
IT1,2004,398,SS Lazio,14.21,23,37.5,16,23.29
IT1,2004,5,AC Milan,10.5,27,12.2,25,1.7
IT1,2004,800,Atalanta BC,7.5,21,7.88,21,0.38
IT1,2004,1386,Reggina Calcio,4.55,24,6.7,26,2.15
IT1,2004,1025,Bologna FC 1909,4.22,19,2.4,21,-1.82
IT1,2004,1038,UC Sampdoria,3.7,20,1.5,24,-2.2
IT1,2004,130,Parma FC,3.18,32,25.31,31,22.13
IT1,2004,1210,AS Livorno,2.7,16,6.5,18,3.8
IT1,2004,862,Chievo Verona,1.55,34,12.7,34,11.15
IT1,2004,1104,FC Messina Peloro,0.9,24,,20,-0.9
IT1,2004,1390,Cagliari Calcio,0.7,12,,13,-0.7
IT1,2004,1005,US Lecce,0.65,18,27.71,18,27.06
IT1,2004,1387,AC Siena,0.4,25,1.3,22,0.9
IT1,2004,410,Udinese Calcio,0.1,22,2.2,22,2.1
IT1,2004,19,Brescia Calcio,,22,19.75,22,19.75
IT1,2005,430,ACF Fiorentina,34.5,21,10.19,28,-24.31
IT1,2005,5,AC Milan,33.5,26,12.0,26,-21.5
IT1,2005,46,Inter Milan,30.4,41,23.14,39,-7.26
IT1,2005,506,Juventus FC,30.39,28,14.03,28,-16.36
IT1,2005,458,US Palermo,27.7,24,11.4,26,-16.3
IT1,2005,130,Parma FC,11.65,20,26.25,23,14.6
IT1,2005,410,Udinese Calcio,10.15,40,35.2,31,25.05
IT1,2005,398,SS Lazio,7.25,21,2.0,24,-5.25
IT1,2005,1386,Reggina Calcio,5.05,29,15.13,31,10.08
IT1,2005,1390,Cagliari Calcio,5.0,17,2.0,18,-3.0
IT1,2005,2251,Treviso FBC 1993,3.11,33,5.8,29,2.69
IT1,2005,1387,AC Siena,1.95,24,,25,-1.95
IT1,2005,862,Chievo Verona,0.6,31,1.35,31,0.75
IT1,2005,12,AS Roma,0.518,22,7.15,23,6.63
IT1,2005,1038,UC Sampdoria,0.5,22,,24,-0.5
IT1,2005,1210,AS Livorno,0.3,18,0.62,18,0.32
IT1,2005,408,Ascoli Calcio 1898,0.2,37,,34,-0.2
IT1,2005,749,FC Empoli,,14,,20,0.0
IT1,2005,1005,US Lecce,,22,1.5,19,1.5
IT1,2005,1104,FC Messina Peloro,,22,0.4,25,0.4
IT1,2006,46,Inter Milan,48.4,33,31.89,36,-16.51
IT1,2006,458,US Palermo,48.0,30,29.04,27,-18.96
IT1,2006,5,AC Milan,41.6,27,57.63,25,16.03
IT1,2006,430,ACF Fiorentina,31.85,20,4.33,20,-27.53
IT1,2006,398,SS Lazio,24.16,19,8.75,23,-15.41
IT1,2006,12,AS Roma,21.22,26,20.22,24,-1.0
IT1,2006,410,Udinese Calcio,15.14,32,13.43,34,-1.72
IT1,2006,1038,UC Sampdoria,14.59,34,17.11,33,2.52
IT1,2006,416,Torino FC,12.67,21,0.9,19,-11.77
IT1,2006,1386,Reggina Calcio,4.9,31,8.3,28,3.4
IT1,2006,862,Chievo Verona,4.72,30,8.75,23,4.03
IT1,2006,130,Parma FC,4.42,18,22.3,20,17.88
IT1,2006,800,Atalanta BC,4.22,19,3.25,23,-0.97
IT1,2006,1387,AC Siena,4.0,29,4.08,25,0.08
IT1,2006,749,FC Empoli,2.5,19,12.32,17,9.82
IT1,2006,1210,AS Livorno,2.35,23,2.72,23,0.37
IT1,2006,408,Ascoli Calcio 1898,1.18,30,5.1,35,3.93
IT1,2006,1104,FC Messina Peloro,0.8,34,2.53,28,1.73
IT1,2006,1390,Cagliari Calcio,0.7,14,,12,-0.7
IT1,2006,1627,Calcio Catania,0.33,21,3.2,19,2.87
IT1,2007,506,Juventus FC,69.45,36,33.08,39,-36.37
IT1,2007,12,AS Roma,51.0,23,22.92,27,-28.09
IT1,2007,6195,SSC Napoli,44.06,19,1.12,19,-42.95
IT1,2007,46,Inter Milan,43.3,31,14.65,32,-28.65
IT1,2007,430,ACF Fiorentina,36.85,25,44.07,20,7.22
IT1,2007,5,AC Milan,29.0,22,11.11,22,-17.89
IT1,2007,458,US Palermo,26.85,20,20.63,24,-6.22
IT1,2007,252,Genoa CFC,25.25,26,14.46,30,-10.79
IT1,2007,410,Udinese Calcio,23.66,34,33.11,37,9.46
IT1,2007,130,Parma FC,18.9,26,6.9,26,-12.0
IT1,2007,1038,UC Sampdoria,14.5,28,19.85,27,5.35
IT1,2007,1387,AC Siena,12.85,29,5.28,31,-7.58
IT1,2007,416,Torino FC,12.71,22,3.25,24,-9.46
IT1,2007,800,Atalanta BC,11.62,29,15.65,28,4.03
IT1,2007,1390,Cagliari Calcio,11.45,26,18.3,22,6.85
IT1,2007,1210,AS Livorno,11.27,19,11.71,17,0.445
IT1,2007,1386,Reggina Calcio,8.08,31,18.0,29,9.92
IT1,2007,1627,Calcio Catania,7.89,21,5.54,21,-2.35
IT1,2007,398,SS Lazio,7.14,21,3.53,18,-3.61
IT1,2007,749,FC Empoli,1.48,11,11.4,12,9.93
IT1,2008,46,Inter Milan,76.1,34,10.18,32,-65.92
IT1,2008,5,AC Milan,73.88,35,48.01,36,-25.88
IT1,2008,458,US Palermo,57.3,31,63.95,29,6.65
IT1,2008,252,Genoa CFC,55.91,40,40.35,42,-15.56
IT1,2008,430,ACF Fiorentina,49.2,23,18.32,25,-30.88
IT1,2008,506,Juventus FC,40.5,35,31.8,36,-8.7
IT1,2008,1038,UC Sampdoria,38.24,35,10.8,38,-27.44
IT1,2008,12,AS Roma,32.55,38,18.0,34,-14.55
IT1,2008,6195,SSC Napoli,30.8,18,10.65,19,-20.15
IT1,2008,398,SS Lazio,24.55,24,12.7,25,-11.85
IT1,2008,1025,Bologna FC 1909,24.4,20,6.4,16,-18.0
IT1,2008,416,Torino FC,22.2,18,11.4,19,-10.8
IT1,2008,410,Udinese Calcio,20.1,49,35.5,52,15.4
IT1,2008,1390,Cagliari Calcio,19.01,17,7.15,22,-11.86
IT1,2008,1387,AC Siena,16.4,35,7.55,35,-8.85
IT1,2008,800,Atalanta BC,16.05,30,16.7,30,0.65
IT1,2008,1005,US Lecce,9.1,25,2.45,28,-6.65
IT1,2008,1386,Reggina Calcio,7.35,33,10.18,33,2.83
IT1,2008,1627,Calcio Catania,5.5,23,12.3,22,6.8
IT1,2008,862,Chievo Verona,3.5,31,1.6,28,-1.9
IT1,2009,46,Inter Milan,97.2,40,109.1,43,11.9
IT1,2009,252,Genoa CFC,78.99,61,69.75,54,-9.24
IT1,2009,506,Juventus FC,59.3,29,14.3,28,-45.0
IT1,2009,6195,SSC Napoli,55.15,17,4.75,22,-50.4
IT1,2009,430,ACF Fiorentina,38.65,32,45.07,32,6.42
IT1,2009,398,SS Lazio,31.2,31,13.2,25,-18.0
IT1,2009,130,Parma FC,27.47,42,32.48,42,5.0
IT1,2009,5,AC Milan,22.1,22,80.66,23,58.56
IT1,2009,1627,Calcio Catania,21.5,37,1.15,32,-20.35
IT1,2009,1387,AC Siena,19.43,43,27.2,43,7.77
IT1,2009,332,AS Bari,19.14,45,1.79,40,-17.34
IT1,2009,410,Udinese Calcio,18.33,55,36.4,51,18.07
IT1,2009,458,US Palermo,17.3,35,12.79,32,-4.51
IT1,2009,1390,Cagliari Calcio,12.75,16,1.05,14,-11.7
IT1,2009,800,Atalanta BC,11.5,33,22.22,32,10.72
IT1,2009,1025,Bologna FC 1909,10.49,24,6.2,24,-4.29
IT1,2009,1038,UC Sampdoria,8.96,40,20.2,39,11.24
IT1,2009,12,AS Roma,3.5,28,22.08,32,18.58
IT1,2009,1210,AS Livorno,2.87,28,7.7,22,4.83
IT1,2009,862,Chievo Verona,2.52,38,4.96,40,2.44
IT1,2010,252,Genoa CFC,80.05,62,62.0,67,-18.05
IT1,2010,506,Juventus FC,59.44,46,37.23,42,-22.22
IT1,2010,5,AC Milan,51.9,43,25.93,39,-25.97
IT1,2010,46,Inter Milan,38.14,37,66.53,38,28.39
IT1,2010,458,US Palermo,33.21,40,23.85,42,-9.36
IT1,2010,130,Parma FC,30.78,54,18.66,52,-12.12
IT1,2010,398,SS Lazio,29.5,19,27.03,22,-2.47
IT1,2010,1038,UC Sampdoria,25.81,37,27.0,36,1.2
IT1,2010,430,ACF Fiorentina,22.97,28,5.75,24,-17.22
IT1,2010,1025,Bologna FC 1909,22.36,23,8.2,24,-14.16
IT1,2010,6195,SSC Napoli,19.8,30,12.9,24,-6.9
IT1,2010,410,Udinese Calcio,15.05,56,30.29,59,15.24
IT1,2010,332,AS Bari,12.25,45,16.5,44,4.25
IT1,2010,12,AS Roma,11.2,30,10.65,28,-0.55
IT1,2010,19,Brescia Calcio,8.25,25,7.75,24,-0.5
IT1,2010,1390,Cagliari Calcio,7.85,16,8.96,21,1.11
IT1,2010,862,Chievo Verona,7.58,50,1.1,51,-6.48
IT1,2010,1429,AC Cesena,6.57,41,6.35,48,-0.215
IT1,2010,1005,US Lecce,5.15,30,1.84,34,-3.31
IT1,2010,1627,Calcio Catania,4.2,23,19.0,29,14.8
IT1,2011,506,Juventus FC,101.91,45,20.7,50,-81.21
IT1,2011,12,AS Roma,91.25,34,26.13,32,-65.13
IT1,2011,6195,SSC Napoli,74.2,36,23.79,41,-50.41
IT1,2011,5,AC Milan,65.15,48,22.3,43,-42.85
IT1,2011,252,Genoa CFC,53.13,71,81.95,71,28.81
IT1,2011,458,US Palermo,46.03,49,69.65,48,23.63
IT1,2011,46,Inter Milan,41.7,37,55.95,37,14.25
IT1,2011,398,SS Lazio,22.84,25,26.35,25,3.51
IT1,2011,410,Udinese Calcio,22.41,63,70.63,62,48.22
IT1,2011,1025,Bologna FC 1909,20.78,27,21.21,24,0.428
IT1,2011,430,ACF Fiorentina,20.24,36,20.11,35,-0.128
IT1,2011,800,Atalanta BC,15.0,29,11.9,32,-3.1
IT1,2011,1387,AC Siena,14.33,54,3.43,54,-10.9
IT1,2011,130,Parma FC,12.36,69,31.5,70,19.15
IT1,2011,862,Chievo Verona,11.75,60,13.27,56,1.52
IT1,2011,1429,AC Cesena,10.47,55,12.25,54,1.78
IT1,2011,1390,Cagliari Calcio,8.2,21,25.7,17,17.5
IT1,2011,6692,Novara Calcio 1908,5.65,28,2.14,27,-3.51
IT1,2011,1627,Calcio Catania,4.14,24,13.08,25,8.94
IT1,2011,1005,US Lecce,1.4,29,7.57,26,6.17
IT1,2012,46,Inter Milan,76.55,47,65.8,44,-10.75
IT1,2012,506,Juventus FC,72.8,47,23.3,43,-49.5
IT1,2012,5,AC Milan,59.6,44,88.5,53,28.9
IT1,2012,12,AS Roma,44.17,46,21.56,45,-22.6
IT1,2012,430,ACF Fiorentina,41.67,38,29.15,39,-12.52
IT1,2012,252,Genoa CFC,34.48,74,81.87,72,47.39
IT1,2012,410,Udinese Calcio,33.52,52,67.25,57,33.73
IT1,2012,6195,SSC Napoli,31.05,29,34.85,28,3.8
IT1,2012,130,Parma FC,29.95,110,25.25,105,-4.7
IT1,2012,458,US Palermo,26.0,43,25.08,44,-0.925
IT1,2012,1038,UC Sampdoria,21.0,48,6.2,47,-14.8
IT1,2012,416,Torino FC,20.73,29,4.38,32,-16.35
IT1,2012,800,Atalanta BC,19.35,31,19.74,30,0.39
IT1,2012,2921,Delfino Pescara 1936,18.98,42,15.5,37,-3.48
IT1,2012,862,Chievo Verona,11.8,54,13.13,54,1.33
IT1,2012,1390,Cagliari Calcio,11.6,22,2.7,23,-8.9
IT1,2012,1387,AC Siena,11.42,66,29.16,65,17.73
IT1,2012,1025,Bologna FC 1909,10.29,32,18.05,33,7.76
IT1,2012,1627,Calcio Catania,9.03,33,4.58,36,-4.45
IT1,2012,398,SS Lazio,1.53,28,0.95,28,-0.58
IT1,2013,6195,SSC Napoli,107.45,40,74.2,39,-33.25
IT1,2013,12,AS Roma,75.39,45,118.61,48,43.22
IT1,2013,46,Inter Milan,63.49,39,11.0,42,-52.49
IT1,2013,430,ACF Fiorentina,53.3,32,45.2,33,-8.1
IT1,2013,506,Juventus FC,49.5,42,59.06,46,9.56
IT1,2013,6574,US Sassuolo,48.4,36,5.0,29,-43.4
IT1,2013,5,AC Milan,43.13,50,17.4,48,-25.73
IT1,2013,398,SS Lazio,26.83,27,28.45,26,1.62
IT1,2013,410,Udinese Calcio,26.82,59,49.7,54,22.88
IT1,2013,252,Genoa CFC,23.44,66,32.13,65,8.7
IT1,2013,1038,UC Sampdoria,22.6,49,25.45,55,2.85
IT1,2013,130,Parma FC,13.68,234,40.32,233,26.64
IT1,2013,416,Torino FC,13.5,27,21.84,27,8.34
IT1,2013,800,Atalanta BC,11.33,39,6.2,39,-5.13
IT1,2013,1627,Calcio Catania,8.37,41,11.09,40,2.72
IT1,2013,276,Hellas Verona,8.1,49,9.5,48,1.4
IT1,2013,1025,Bologna FC 1909,6.59,44,18.0,47,11.41
IT1,2013,1210,AS Livorno,4.82,34,1.8,33,-3.02
IT1,2013,862,Chievo Verona,3.9,61,5.86,65,1.96
IT1,2013,1390,Cagliari Calcio,1.8,20,7.3,19,5.5
IT1,2014,12,AS Roma,101.41,47,41.6,44,-59.81
IT1,2014,506,Juventus FC,55.6,64,33.91,63,-21.69
IT1,2014,6195,SSC Napoli,34.8,40,20.45,39,-14.35
IT1,2014,416,Torino FC,31.2,39,33.86,41,2.66
IT1,2014,410,Udinese Calcio,29.2,54,25.4,59,-3.8
IT1,2014,1038,UC Sampdoria,26.35,57,26.52,52,0.17
IT1,2014,1390,Cagliari Calcio,22.6,29,21.93,28,-0.675
IT1,2014,276,Hellas Verona,22.26,59,32.05,57,9.79
IT1,2014,130,Parma FC,19.74,218,20.7,215,0.965
IT1,2014,458,US Palermo,19.7,41,18.5,41,-1.2
IT1,2014,6574,US Sassuolo,19.3,29,12.6,31,-6.7
IT1,2014,46,Inter Milan,18.2,56,23.6,52,5.4
IT1,2014,5,AC Milan,16.9,61,28.2,60,11.3
IT1,2014,398,SS Lazio,12.75,33,0.15,32,-12.6
IT1,2014,800,Atalanta BC,11.99,49,20.0,54,8.01
IT1,2014,1429,AC Cesena,9.85,54,14.65,56,4.8
IT1,2014,430,ACF Fiorentina,9.1,39,38.0,36,28.9
IT1,2014,862,Chievo Verona,8.6,74,5.04,76,-3.56
IT1,2014,252,Genoa CFC,7.45,57,25.95,60,18.5
IT1,2014,749,FC Empoli,1.41,33,0.358,34,-1.05
IT1,2015,506,Juventus FC,154.5,82,81.28,83,-73.22
IT1,2015,46,Inter Milan,102.45,59,115.32,71,12.87
IT1,2015,5,AC Milan,102.28,51,11.16,57,-91.12
IT1,2015,12,AS Roma,60.85,61,102.25,61,41.4
IT1,2015,6195,SSC Napoli,42.7,34,18.29,36,-24.41
IT1,2015,1038,UC Sampdoria,34.67,59,17.82,59,-16.85
IT1,2015,398,SS Lazio,31.25,35,2.37,37,-28.88
IT1,2015,6574,US Sassuolo,30.7,21,25.0,28,-5.7
IT1,2015,416,Torino FC,28.05,42,19.75,43,-8.3
IT1,2015,800,Atalanta BC,26.68,74,37.95,73,11.27
IT1,2015,1025,Bologna FC 1909,26.63,45,0.8,45,-25.83
IT1,2015,430,ACF Fiorentina,24.4,43,26.85,52,2.45
IT1,2015,410,Udinese Calcio,21.42,62,74.12,62,52.7
IT1,2015,252,Genoa CFC,16.7,51,43.15,50,26.45
IT1,2015,458,US Palermo,12.25,40,52.9,40,40.65
IT1,2015,749,FC Empoli,6.35,33,11.5,33,5.15
IT1,2015,276,Hellas Verona,6.3,49,2.05,54,-4.25
IT1,2015,862,Chievo Verona,6.13,71,15.4,71,9.27
IT1,2015,8970,Frosinone Calcio,0.4,22,0.2,23,-0.2
IT1,2015,4102,Carpi FC 1909,0.3,41,0.275,40,-0.025
IT1,2016,506,Juventus FC,202.23,81,176.93,82,-25.3
IT1,2016,46,Inter Milan,164.63,60,18.5,56,-146.13
IT1,2016,12,AS Roma,102.5,55,77.43,61,-25.07
IT1,2016,6195,SSC Napoli,99.09,39,116.81,38,17.72
IT1,2016,1038,UC Sampdoria,39.65,52,80.7,54,41.05
IT1,2016,398,SS Lazio,36.3,28,28.7,35,-7.6
IT1,2016,1025,Bologna FC 1909,32.4,37,16.98,41,-15.42
IT1,2016,5,AC Milan,29.56,32,25.15,30,-4.41
IT1,2016,416,Torino FC,28.77,48,26.52,49,-2.25
IT1,2016,6574,US Sassuolo,27.51,25,27.8,22,0.292
IT1,2016,252,Genoa CFC,27.2,54,50.3,56,23.1
IT1,2016,410,Udinese Calcio,26.5,60,33.1,61,6.6
IT1,2016,430,ACF Fiorentina,16.23,44,31.05,44,14.82
IT1,2016,800,Atalanta BC,15.94,68,41.33,69,25.39
IT1,2016,2921,Delfino Pescara 1936,14.29,69,22.27,66,7.98
IT1,2016,862,Chievo Verona,12.57,55,6.28,57,-6.29
IT1,2016,1390,Cagliari Calcio,9.72,39,12.12,37,2.4
IT1,2016,458,US Palermo,8.48,37,29.25,38,20.78
IT1,2016,749,FC Empoli,7.0,32,15.0,32,8.0
IT1,2016,4083,FC Crotone,5.95,37,7.75,39,1.8
IT1,2017,5,AC Milan,186.48,35,39.7,34,-146.78
IT1,2017,506,Juventus FC,179.8,69,145.65,70,-34.15
IT1,2017,46,Inter Milan,147.23,58,79.24,66,-67.99
IT1,2017,12,AS Roma,91.3,59,166.1,59,74.8
IT1,2017,430,ACF Fiorentina,79.5,45,95.03,42,15.53
IT1,2017,6195,SSC Napoli,68.0,34,17.45,33,-50.55
IT1,2017,800,Atalanta BC,66.59,77,87.64,80,21.05
IT1,2017,1038,UC Sampdoria,51.0,41,71.46,43,20.46
IT1,2017,6574,US Sassuolo,46.7,33,19.25,34,-27.45
IT1,2017,1390,Cagliari Calcio,31.09,34,19.88,34,-11.22
IT1,2017,398,SS Lazio,28.25,29,73.92,23,45.67
IT1,2017,416,Torino FC,26.38,38,79.8,39,53.42
IT1,2017,4171,Benevento Calcio,23.48,36,3.98,34,-19.5
IT1,2017,410,Udinese Calcio,22.59,35,17.7,37,-4.89
IT1,2017,252,Genoa CFC,14.17,58,46.72,55,32.55
IT1,2017,1025,Bologna FC 1909,13.0,37,,34,-13.0
IT1,2017,2722,SPAL 2013,8.74,33,0.574,31,-8.16
IT1,2017,276,Hellas Verona,3.05,37,8.05,34,5.0
IT1,2017,4083,FC Crotone,3.0,34,,34,-3.0
IT1,2017,862,Chievo Verona,2.95,60,17.67,59,14.72
IT1,2018,506,Juventus FC,265.3,41,112.54,35,-152.76
IT1,2018,5,AC Milan,194.64,26,88.1,28,-106.54
IT1,2018,12,AS Roma,166.35,45,160.47,46,-5.88
IT1,2018,46,Inter Milan,97.6,52,91.17,54,-6.43
IT1,2018,6195,SSC Napoli,71.0,31,100.8,35,29.8
IT1,2018,800,Atalanta BC,60.8,77,25.06,80,-35.74
IT1,2018,430,ACF Fiorentina,59.97,42,43.39,43,-16.58
IT1,2018,252,Genoa CFC,59.07,69,86.46,71,27.39
IT1,2018,1038,UC Sampdoria,56.7,45,90.12,44,33.42
IT1,2018,6574,US Sassuolo,53.97,42,50.38,40,-3.59
IT1,2018,416,Torino FC,53.15,47,17.2,48,-35.95
IT1,2018,410,Udinese Calcio,52.9,44,13.53,43,-39.37
IT1,2018,398,SS Lazio,51.28,27,38.6,30,-12.68
IT1,2018,1025,Bologna FC 1909,31.22,38,45.0,38,13.79
IT1,2018,130,Parma Calcio 1913,23.8,50,0.596,48,-23.21
IT1,2018,1390,Cagliari Calcio,22.5,32,7.85,31,-14.65
IT1,2018,2722,SPAL,21.9,39,1.85,41,-20.05
IT1,2018,749,FC Empoli,17.3,43,22.9,43,5.6
IT1,2018,8970,Frosinone Calcio,9.56,25,0.8,24,-8.76
IT1,2018,862,Chievo Verona,6.97,52,16.2,52,9.23
IT1,2019,506,Juventus FC,235.3,23,208.14,24,-27.16
IT1,2019,6195,SSC Napoli,217.12,47,48.72,43,-168.4
IT1,2019,46,Inter Milan,191.92,51,66.74,48,-125.18
IT1,2019,5,AC Milan,144.08,25,59.23,29,-84.85
IT1,2019,12,AS Roma,121.0,39,107.18,37,-13.83
IT1,2019,1025,Bologna FC 1909,69.54,39,28.68,42,-40.86
IT1,2019,6574,US Sassuolo,66.87,53,51.95,52,-14.91
IT1,2019,1038,UC Sampdoria,65.25,49,74.59,45,9.34
IT1,2019,800,Atalanta BC,60.06,79,112.7,78,52.64
IT1,2019,430,ACF Fiorentina,56.54,49,15.32,47,-41.22
IT1,2019,252,Genoa CFC,55.37,74,59.25,75,3.88
IT1,2019,398,SS Lazio,49.95,38,35.35,36,-14.6
IT1,2019,1390,Cagliari Calcio,40.1,34,18.86,32,-21.24
IT1,2019,416,Torino FC,28.8,41,24.4,41,-4.4
IT1,2019,2722,SPAL,26.15,40,39.7,36,13.55
IT1,2019,130,Parma Calcio 1913,23.31,73,18.46,73,-4.85
IT1,2019,276,Hellas Verona,22.61,57,44.77,57,22.16
IT1,2019,19,Brescia Calcio (- 2025),18.65,18,0.1,20,-18.55
IT1,2019,410,Udinese Calcio,17.85,38,60.27,41,42.42
IT1,2019,1005,US Lecce,5.9,35,0.45,37,-5.45
IT1,2020,506,Juventus FC,162.81,20,110.56,20,-52.25
IT1,2020,46,Inter Milan,132.75,35,82.95,41,-49.8
IT1,2020,130,Parma Calcio 1913,104.33,59,4.0,52,-100.33
IT1,2020,6195,SSC Napoli,81.15,37,123.06,38,41.91
IT1,2020,12,AS Roma,75.1,33,49.0,32,-26.1
IT1,2020,252,Genoa CFC,65.43,60,71.79,63,6.36
IT1,2020,800,Atalanta BC,62.54,61,84.4,60,21.87
IT1,2020,430,ACF Fiorentina,59.8,44,59.89,44,0.09
IT1,2020,416,Torino FC,46.7,34,26.13,30,-20.58
IT1,2020,398,SS Lazio,42.3,27,7.85,28,-34.45
IT1,2020,1390,Cagliari Calcio,34.18,31,48.66,34,14.48
IT1,2020,5,AC Milan,32.02,28,51.65,26,19.63
IT1,2020,6574,US Sassuolo,29.66,37,62.36,40,32.7
IT1,2020,410,Udinese Calcio,23.0,32,31.55,28,8.55
IT1,2020,276,Hellas Verona,18.95,53,5.4,51,-13.55
IT1,2020,1038,UC Sampdoria,17.75,34,12.1,37,-5.65
IT1,2020,4171,Benevento Calcio,11.6,26,1.0,23,-10.6
IT1,2020,4083,FC Crotone,5.49,34,,32,-5.49
IT1,2020,3522,Spezia Calcio,5.14,35,1.96,29,-3.18
IT1,2020,1025,Bologna FC 1909,3.15,28,5.15,27,2.0
IT1,2021,506,Juventus FC,143.55,20,64.03,18,-79.52
IT1,2021,12,AS Roma,132.23,38,17.24,39,-115.0
IT1,2021,5,AC Milan,100.44,28,5.12,27,-95.32
IT1,2021,800,Atalanta BC,72.1,68,51.92,66,-20.19
IT1,2021,430,ACF Fiorentina,70.12,43,116.0,44,45.88
IT1,2021,46,Inter Milan,42.55,34,208.15,35,165.6
IT1,2021,276,Hellas Verona,42.27,37,38.02,42,-4.26
IT1,2021,252,Genoa CFC,41.74,73,21.54,66,-20.2
IT1,2021,6574,US Sassuolo,40.12,49,23.4,46,-16.73
IT1,2021,1025,Bologna FC 1909,32.31,36,27.2,35,-5.11
IT1,2021,3522,Spezia Calcio,30.19,36,5.2,40,-24.98
IT1,2021,6195,SSC Napoli,24.4,27,3.2,27,-21.2
IT1,2021,607,Venezia FC,20.39,36,0.2,35,-20.19
IT1,2021,380,US Salernitana 1919,14.57,54,,50,-14.57
IT1,2021,1038,UC Sampdoria,14.51,41,8.86,41,-5.65
IT1,2021,1390,Cagliari Calcio,13.83,29,7.37,28,-6.46
IT1,2021,398,SS Lazio,13.8,33,8.9,35,-4.9
IT1,2021,416,Torino FC,13.4,31,16.75,29,3.35
IT1,2021,749,FC Empoli,10.5,41,28.2,38,17.7
IT1,2021,410,Udinese Calcio,9.4,26,79.63,29,70.23
IT1,2022,506,Juventus FC,129.35,25,111.59,24,-17.76
IT1,2022,800,Atalanta BC,113.7,77,139.15,78,25.45
IT1,2022,6195,SSC Napoli,79.3,34,86.18,32,6.88
IT1,2022,410,Udinese Calcio,71.46,30,62.6,28,-8.86
IT1,2022,46,Inter Milan,65.68,50,24.75,46,-40.93
IT1,2022,5,AC Milan,61.79,30,11.11,28,-50.68
IT1,2022,398,SS Lazio,56.65,37,46.23,38,-10.42
IT1,2022,1025,Bologna FC 1909,54.7,34,43.95,31,-10.75
IT1,2022,6574,US Sassuolo,51.28,46,79.36,51,28.08
IT1,2022,2919,AC Monza,50.9,33,0.185,34,-50.72
IT1,2022,380,US Salernitana 1919,48.37,46,24.52,52,-23.85
IT1,2022,276,Hellas Verona,46.46,45,36.56,42,-9.91
IT1,2022,430,ACF Fiorentina,37.61,36,55.98,37,18.37
IT1,2022,2239,US Cremonese,36.65,41,0.5,41,-36.15
IT1,2022,416,Torino FC,32.68,34,61.62,35,28.94
IT1,2022,3522,Spezia Calcio,18.32,33,32.97,33,14.66
IT1,2022,749,FC Empoli,15.85,52,30.61,51,14.76
IT1,2022,12,AS Roma,9.4,29,81.76,30,72.36
IT1,2022,1038,UC Sampdoria,6.77,53,35.6,50,28.83
IT1,2022,1005,US Lecce,6.63,33,3.6,28,-3.03
IT1,2023,5,AC Milan,132.68,27,80.62,30,-52.06
IT1,2023,6195,SSC Napoli,119.81,29,102.56,30,-17.25
IT1,2023,1025,Bologna FC 1909,97.22,31,25.49,35,-71.73
IT1,2023,506,Juventus FC,96.95,27,66.73,28,-30.22
IT1,2023,800,Atalanta BC,81.36,46,164.37,44,83.01
IT1,2023,46,Inter Milan,79.5,48,127.08,53,47.58
IT1,2023,6574,US Sassuolo,63.11,47,109.34,46,46.23
IT1,2023,252,Genoa CFC,53.63,50,38.58,54,-15.05
IT1,2023,430,ACF Fiorentina,52.85,43,68.28,42,15.43
IT1,2023,416,Torino FC,45.4,30,18.57,33,-26.83
IT1,2023,2919,AC Monza,45.3,32,0.35,31,-44.95
IT1,2023,398,SS Lazio,43.88,27,48.8,26,4.92
IT1,2023,410,Udinese Calcio,36.25,27,34.6,25,-1.65
IT1,2023,380,US Salernitana 1919,28.55,33,4.96,31,-23.59
IT1,2023,1005,US Lecce,27.72,29,27.3,33,-0.42
IT1,2023,1390,Cagliari Calcio,26.44,26,19.05,26,-7.39
IT1,2023,12,AS Roma,24.6,21,81.48,25,56.88
IT1,2023,276,Hellas Verona,14.1,44,101.56,45,87.46
IT1,2023,749,FC Empoli,13.4,42,66.2,44,52.8
IT1,2023,8970,Frosinone Calcio,12.66,45,9.75,42,-2.91
IT1,2024,506,Juventus FC,201.4,26,121.0,26,-80.4
IT1,2024,1047,Como 1907,160.67,44,4.11,42,-156.57
IT1,2024,6195,SSC Napoli,155.01,29,94.61,30,-60.4
IT1,2024,12,AS Roma,142.25,28,29.35,28,-112.9
IT1,2024,5,AC Milan,139.0,29,53.66,30,-85.34
IT1,2024,800,Atalanta BC,122.1,26,119.91,25,-2.19
IT1,2024,46,Inter Milan,73.8,36,19.43,35,-54.37
IT1,2024,430,ACF Fiorentina,71.97,45,37.55,46,-34.42
IT1,2024,398,SS Lazio,57.97,30,25.75,27,-32.22
IT1,2024,1025,Bologna FC 1909,56.43,31,102.75,30,46.32
IT1,2024,130,Parma Calcio 1913,56.18,28,8.1,26,-48.08
IT1,2024,416,Torino FC,41.33,37,66.15,33,24.82
IT1,2024,252,Genoa CFC,36.16,49,51.39,46,15.23
IT1,2024,410,Udinese Calcio,25.85,29,30.48,28,4.63
IT1,2024,607,Venezia FC,22.1,40,17.2,32,-4.9
IT1,2024,276,Hellas Verona,17.44,51,45.02,48,27.58
IT1,2024,2919,AC Monza,13.68,31,51.86,31,38.19
IT1,2024,1005,US Lecce,12.7,35,61.28,30,48.58
IT1,2024,1390,Cagliari Calcio,11.76,26,19.59,30,7.83
IT1,2024,749,FC Empoli,0.1,42,10.78,39,10.68
IT1,2025,5,AC Milan,170.0,27,176.0,30,6.0
IT1,2025,6195,SSC Napoli,149.5,43,132.15,42,-17.35
IT1,2025,800,Atalanta BC,148.7,22,139.97,24,-8.73
IT1,2025,506,Juventus FC,137.15,24,88.4,26,-48.75
IT1,2025,1047,Como 1907,127.29,42,16.38,45,-110.91
IT1,2025,46,Inter Milan,96.6,21,48.25,22,-48.35
IT1,2025,430,ACF Fiorentina,93.39,49,64.18,47,-29.21
IT1,2025,12,AS Roma,89.6,29,65.15,28,-24.45
IT1,2025,398,SS Lazio,72.08,25,78.68,27,6.6
IT1,2025,1025,Bologna FC 1909,58.0,40,86.43,42,28.43
IT1,2025,6574,US Sassuolo,57.22,38,5.09,38,-52.13
IT1,2025,130,Parma Calcio 1913,47.32,23,89.6,29,42.29
IT1,2025,410,Udinese Calcio,47.2,29,95.35,33,48.15
IT1,2025,1390,Cagliari Calcio,42.68,39,43.5,34,0.825
IT1,2025,276,Hellas Verona,30.2,47,37.5,50,7.3
IT1,2025,4172,Pisa Sporting Club,30.2,47,0.3,46,-29.9
IT1,2025,2239,US Cremonese,23.65,52,5.9,52,-17.75
IT1,2025,1005,US Lecce,21.56,27,30.18,33,8.62
IT1,2025,416,Torino FC,20.76,36,42.6,35,21.84
IT1,2025,252,Genoa CFC,10.7,43,58.63,47,47.93
IT1,2026,5,AC Milan,165.05,19,87.0,14,-78.05
IT1,2026,506,Juventus FC,164.35,19,26.5,15,-137.85
IT1,2026,430,ACF Fiorentina,150.3,41,26.48,42,-123.82
IT1,2026,12,AS Roma,124.5,22,17.8,24,-106.7
IT1,2026,46,Inter Milan,101.0,14,33.5,12,-67.5
IT1,2026,6195,SSC Napoli,71.5,30,54.55,29,-16.95
IT1,2026,1047,Como 1907,64.0,32,20.45,32,-43.55
IT1,2026,607,Venezia FC,44.5,39,31.78,31,-12.72
IT1,2026,252,Genoa CFC,36.05,35,36.05,28,0.0
IT1,2026,410,Udinese Calcio,32.45,24,33.6,23,1.15
IT1,2026,8970,Frosinone Calcio,30.6,21,1.0,20,-29.6
IT1,2026,130,Parma Calcio 1913,30.0,26,77.2,22,47.2
IT1,2026,1025,Bologna FC 1909,29.8,31,86.6,31,56.8
IT1,2026,416,Torino FC,27.3,38,22.55,37,-4.75
IT1,2026,398,SS Lazio,22.3,21,43.0,16,20.7
IT1,2026,800,Atalanta BC,19.0,15,72.5,14,53.5
IT1,2026,2919,AC Monza,17.8,21,1.3,18,-16.5
IT1,2026,6574,US Sassuolo,13.5,35,43.5,32,30.0
IT1,2026,1390,Cagliari Calcio,7.85,28,14.5,27,6.65
IT1,2026,1005,US Lecce,7.4,25,4.35,18,-3.05
ES1,1998,150,Real Betis Balompié,60.6,9,8.7,10,-51.9
ES1,1998,131,FC Barcelona,41.4,9,25.7,7,-15.7
ES1,1998,13,Atlético de Madrid,38.2,16,44.16,16,5.96
ES1,1998,897,Deportivo de La Coruña,24.9,12,0.42,8,-24.48
ES1,1998,1049,Valencia CF,20.0,13,20.62,15,0.62
ES1,1998,418,Real Madrid,18.0,14,15.01,12,-2.99
ES1,1998,237,RCD Mallorca,11.0,19,22.8,17,11.8
ES1,1998,630,Racing Santander,9.3,17,10.0,14,0.702
ES1,1998,940,Celta de Vigo,9.2,12,5.7,13,-3.5
ES1,1998,2497,Real Oviedo,7.8,10,2.48,7,-5.32
ES1,1998,1087,UD Salamanca,7.48,14,12.0,14,4.52
ES1,1998,648,CD Tenerife,7.27,12,6.0,10,-1.27
ES1,1998,1050,Villarreal CF,6.3,15,1.0,14,-5.3
ES1,1998,621,Athletic Bilbao,6.0,3,,4,-6.0
ES1,1998,714,RCD Espanyol Barcelona,4.5,19,12.25,21,7.75
ES1,1998,142,Real Zaragoza,4.0,6,0.35,10,-3.65
ES1,1998,366,Real Valladolid CF,3.3,10,10.65,10,7.35
ES1,1998,1108,Deportivo Alavés,1.15,17,2.1,20,0.95
ES1,1998,811,CF Extremadura,0.45,17,3.0,16,2.55
ES1,1998,681,Real Sociedad,,4,1.8,7,1.8
ES1,1999,418,Real Madrid,82.6,19,62.2,17,-20.4
ES1,1999,897,Deportivo de La Coruña,41.61,13,24.6,15,-17.01
ES1,1999,940,Celta de Vigo,35.42,15,12.0,13,-23.42
ES1,1999,131,FC Barcelona,33.0,10,40.65,13,7.65
ES1,1999,13,Atlético de Madrid,24.5,12,38.5,11,14.0
ES1,1999,237,RCD Mallorca,15.3,17,23.5,9,8.2
ES1,1999,1049,Valencia CF,14.72,13,14.55,12,-0.166
ES1,1999,368,Sevilla FC,10.95,15,6.6,19,-4.35
ES1,1999,150,Real Betis Balompié,10.48,11,7.57,9,-2.91
ES1,1999,681,Real Sociedad,5.9,8,17.0,6,11.1
ES1,1999,714,RCD Espanyol Barcelona,4.95,15,14.55,15,9.6
ES1,1999,630,Racing Santander,4.73,8,7.6,9,2.88
ES1,1999,1084,Málaga CF,4.1,9,,13,-4.1
ES1,1999,621,Athletic Bilbao,4.05,8,3.0,7,-1.05
ES1,1999,1108,Deportivo Alavés,3.25,12,2.34,11,-0.91
ES1,1999,367,Rayo Vallecano,1.95,13,0.24,11,-1.71
ES1,1999,2497,Real Oviedo,1.47,10,7.4,9,5.93
ES1,1999,366,Real Valladolid CF,0.481,12,1.8,10,1.32
ES1,1999,142,Real Zaragoza,0.42,7,6.3,6,5.88
ES1,1999,2296,CD Numancia,,21,,21,0.0
ES1,2000,418,Real Madrid,121.95,14,66.55,15,-55.4
ES1,2000,131,FC Barcelona,102.4,13,72.7,13,-29.7
ES1,2000,1049,Valencia CF,75.5,13,64.85,15,-10.65
ES1,2000,897,Deportivo de La Coruña,66.45,18,39.74,16,-26.71
ES1,2000,940,Celta de Vigo,34.12,15,19.0,13,-15.12
ES1,2000,1050,Villarreal CF,25.2,12,,13,-25.2
ES1,2000,681,Real Sociedad,15.71,14,5.94,14,-9.77
ES1,2000,472,UD Las Palmas,15.71,14,,14,-15.71
ES1,2000,142,Real Zaragoza,7.46,10,26.25,8,18.79
ES1,2000,2497,Real Oviedo,6.21,14,0.885,13,-5.33
ES1,2000,237,RCD Mallorca,5.4,6,35.31,14,29.91
ES1,2000,714,RCD Espanyol Barcelona,4.2,10,3.0,7,-1.2
ES1,2000,367,Rayo Vallecano,4.1,17,2.4,15,-1.7
ES1,2000,1084,Málaga CF,2.9,11,14.42,5,11.52
ES1,2000,621,Athletic Bilbao,2.4,6,1.8,6,-0.6
ES1,2000,366,Real Valladolid CF,2.1,12,15.25,14,13.15
ES1,2000,630,Racing Santander,1.99,13,15.9,4,13.91
ES1,2000,331,CA Osasuna,1.7,19,2.4,12,0.7
ES1,2000,2296,CD Numancia,1.29,17,,17,-1.29
ES1,2000,1108,Deportivo Alavés,0.424,7,0.6,6,0.176
ES1,2001,131,FC Barcelona,77.5,9,39.41,8,-38.09
ES1,2001,418,Real Madrid,77.5,10,,13,-77.5
ES1,2001,1049,Valencia CF,34.8,14,53.8,12,19.0
ES1,2001,142,Real Zaragoza,26.65,8,,7,-26.65
ES1,2001,897,Deportivo de La Coruña,19.8,12,1.0,12,-18.8
ES1,2001,681,Real Sociedad,16.6,12,2.4,14,-14.2
ES1,2001,150,Real Betis Balompié,12.51,13,0.2,14,-12.31
ES1,2001,1050,Villarreal CF,10.27,7,4.95,8,-5.32
ES1,2001,1084,Málaga CF,9.75,9,25.3,10,15.55
ES1,2001,940,Celta de Vigo,8.0,13,11.12,16,3.12
ES1,2001,648,CD Tenerife,6.6,19,,16,-6.6
ES1,2001,237,RCD Mallorca,4.82,11,12.9,12,8.08
ES1,2001,331,CA Osasuna,2.5,14,0.45,20,-2.05
ES1,2001,368,Sevilla FC,1.86,15,,14,-1.86
ES1,2001,1108,Deportivo Alavés,1.76,10,23.0,8,21.24
ES1,2001,367,Rayo Vallecano,1.0,16,4.44,14,3.44
ES1,2001,472,UD Las Palmas,0.84,14,6.0,15,5.16
ES1,2001,366,Real Valladolid CF,,9,8.3,10,8.3
ES1,2001,621,Athletic Bilbao,,5,,4,0.0
ES1,2001,714,RCD Espanyol Barcelona,,12,17.97,12,17.97
ES1,2002,418,Real Madrid,45.0,15,5.2,14,-39.8
ES1,2002,897,Deportivo de La Coruña,42.66,15,9.7,14,-32.96
ES1,2002,13,Atlético de Madrid,35.0,20,8.1,19,-26.9
ES1,2002,131,FC Barcelona,20.0,11,11.55,10,-8.45
ES1,2002,150,Real Betis Balompié,12.2,9,2.9,8,-9.3
ES1,2002,940,Celta de Vigo,11.5,13,0.05,15,-11.45
ES1,2002,714,RCD Espanyol Barcelona,11.48,18,,15,-11.48
ES1,2002,1050,Villarreal CF,6.85,12,0.06,15,-6.79
ES1,2002,1108,Deportivo Alavés,4.4,9,,12,-4.4
ES1,2002,368,Sevilla FC,2.83,10,,13,-2.83
ES1,2002,681,Real Sociedad,1.6,15,,16,-1.6
ES1,2002,367,Rayo Vallecano,0.75,12,,15,-0.75
ES1,2002,2867,Recreativo Huelva,0.45,19,0.07,16,-0.38
ES1,2002,237,RCD Mallorca,0.2,14,15.0,10,14.8
ES1,2002,331,CA Osasuna,,10,,12,0.0
ES1,2002,366,Real Valladolid CF,,9,2.23,9,2.23
ES1,2002,621,Athletic Bilbao,,8,,6,0.0
ES1,2002,630,Racing Santander,,14,1.81,7,1.81
ES1,2002,1049,Valencia CF,,9,1.5,11,1.5
ES1,2002,1084,Málaga CF,,4,,8,0.0
ES1,2003,131,FC Barcelona,43.85,13,2.9,14,-40.95
ES1,2003,418,Real Madrid,37.5,13,35.8,17,-1.7
ES1,2003,13,Atlético de Madrid,12.8,23,0.25,24,-12.55
ES1,2003,1050,Villarreal CF,12.05,12,4.0,12,-8.05
ES1,2003,150,Real Betis Balompié,8.5,10,,11,-8.5
ES1,2003,1049,Valencia CF,8.5,11,4.5,10,-4.0
ES1,2003,368,Sevilla FC,8.2,13,20.0,10,11.8
ES1,2003,237,RCD Mallorca,6.5,17,11.8,17,5.3
ES1,2003,142,Real Zaragoza,5.8,9,,8,-5.8
ES1,2003,714,RCD Espanyol Barcelona,3.2,14,,17,-3.2
ES1,2003,171,Real Murcia CF,2.7,18,1.5,15,-1.2
ES1,2003,331,CA Osasuna,2.6,10,,9,-2.6
ES1,2003,897,Deportivo de La Coruña,2.5,13,19.75,13,17.25
ES1,2003,940,Celta de Vigo,2.5,15,4.0,9,1.5
ES1,2003,630,Racing Santander,0.5,13,,15,-0.5
ES1,2003,681,Real Sociedad,0.5,8,,12,-0.5
ES1,2003,1532,Albacete Balompié,0.3,14,,15,-0.3
ES1,2003,366,Real Valladolid CF,,13,,12,0.0
ES1,2003,621,Athletic Bilbao,,2,,7,0.0
ES1,2003,1084,Málaga CF,,9,7.7,11,7.7
ES1,2004,131,FC Barcelona,78.5,15,14.75,16,-63.75
ES1,2004,418,Real Madrid,58.7,11,9.25,12,-49.45
ES1,2004,1049,Valencia CF,40.0,16,8.0,19,-32.0
ES1,2004,13,Atlético de Madrid,17.6,21,,23,-17.6
ES1,2004,1050,Villarreal CF,15.8,12,9.73,10,-6.08
ES1,2004,368,Sevilla FC,11.53,14,,11,-11.53
ES1,2004,150,Real Betis Balompié,11.0,10,,11,-11.0
ES1,2004,681,Real Sociedad,6.75,17,16.8,14,10.05
ES1,2004,897,Deportivo de La Coruña,5.0,11,2.2,15,-2.8
ES1,2004,237,RCD Mallorca,3.9,21,27.0,23,23.1
ES1,2004,142,Real Zaragoza,3.85,11,,14,-3.85
ES1,2004,3368,Levante UD,3.4,11,,11,-3.4
ES1,2004,714,RCD Espanyol Barcelona,3.05,16,0.19,19,-2.86
ES1,2004,630,Racing Santander,1.14,19,,15,-1.14
ES1,2004,1084,Málaga CF,0.75,7,3.7,9,2.95
ES1,2004,2296,CD Numancia,0.72,20,0.63,20,-0.09
ES1,2004,331,CA Osasuna,,10,,11,0.0
ES1,2004,621,Athletic Bilbao,,6,,3,0.0
ES1,2004,1532,Albacete Balompié,,20,3.0,18,3.0
ES1,2004,3709,Getafe CF,,13,,11,0.0
ES1,2005,418,Real Madrid,89.5,16,43.1,10,-46.4
ES1,2005,13,Atlético de Madrid,25.0,18,5.3,18,-19.7
ES1,2005,1049,Valencia CF,24.81,25,13.9,19,-10.91
ES1,2005,368,Sevilla FC,23.0,9,48.2,15,25.2
ES1,2005,1050,Villarreal CF,19.9,10,13.35,8,-6.55
ES1,2005,714,RCD Espanyol Barcelona,15.63,16,6.1,18,-9.53
ES1,2005,237,RCD Mallorca,9.75,20,5.0,21,-4.75
ES1,2005,142,Real Zaragoza,7.0,11,14.5,14,7.5
ES1,2005,150,Real Betis Balompié,6.55,13,0.48,14,-6.07
ES1,2005,630,Racing Santander,5.3,20,6.45,23,1.15
ES1,2005,897,Deportivo de La Coruña,5.0,14,24.18,8,19.18
ES1,2005,940,Celta de Vigo,4.25,15,,14,-4.25
ES1,2005,681,Real Sociedad,3.5,16,4.8,12,1.3
ES1,2005,2687,Cádiz CF,3.3,12,,5,-3.3
ES1,2005,621,Athletic Bilbao,3.0,8,12.0,12,9.0
ES1,2005,3709,Getafe CF,1.8,13,0.6,14,-1.2
ES1,2005,1084,Málaga CF,1.52,17,2.0,10,0.48
ES1,2005,1108,Deportivo Alavés,1.4,17,,20,-1.4
ES1,2005,331,CA Osasuna,1.0,8,5.4,8,4.4
ES1,2005,131,FC Barcelona,,8,11.0,9,11.0
ES1,2006,418,Real Madrid,103.0,13,15.35,17,-87.65
ES1,2006,13,Atlético de Madrid,58.43,20,7.0,21,-51.43
ES1,2006,1049,Valencia CF,49.8,18,20.83,18,-28.97
ES1,2006,1050,Villarreal CF,31.04,14,5.3,11,-25.74
ES1,2006,131,FC Barcelona,31.0,8,13.2,8,-17.8
ES1,2006,150,Real Betis Balompié,24.94,16,40.2,11,15.26
ES1,2006,368,Sevilla FC,18.7,13,1.5,13,-17.2
ES1,2006,142,Real Zaragoza,16.8,13,17.58,12,0.78
ES1,2006,621,Athletic Bilbao,13.9,13,0.3,9,-13.6
ES1,2006,237,RCD Mallorca,13.0,16,3.6,19,-9.4
ES1,2006,897,Deportivo de La Coruña,12.57,22,7.05,26,-5.52
ES1,2006,630,Racing Santander,9.0,15,1.9,17,-7.1
ES1,2006,681,Real Sociedad,8.45,13,6.25,16,-2.2
ES1,2006,940,Celta de Vigo,4.75,13,,17,-4.75
ES1,2006,3709,Getafe CF,4.7,12,12.94,14,8.24
ES1,2006,3368,Levante UD,3.85,15,,14,-3.85
ES1,2006,714,RCD Espanyol Barcelona,2.83,13,0.45,12,-2.38
ES1,2006,5648,Gimnàstic de Tarragona,2.15,19,0.075,23,-2.08
ES1,2006,2867,Recreativo Huelva,0.525,16,,18,-0.525
ES1,2006,331,CA Osasuna,0.4,7,0.4,6,0.0
ES1,2007,418,Real Madrid,118.0,19,42.4,19,-75.6
ES1,2007,13,Atlético de Madrid,80.5,17,52.1,16,-28.4
ES1,2007,1049,Valencia CF,72.15,21,7.6,22,-64.55
ES1,2007,131,FC Barcelona,68.5,11,14.0,8,-54.5
ES1,2007,1050,Villarreal CF,40.0,22,50.45,25,10.45
ES1,2007,368,Sevilla FC,29.0,19,21.1,16,-7.9
ES1,2007,142,Real Zaragoza,27.1,17,25.3,14,-1.8
ES1,2007,150,Real Betis Balompié,24.3,13,1.23,15,-23.08
ES1,2007,3709,Getafe CF,18.0,14,13.0,11,-5.0
ES1,2007,630,Racing Santander,13.53,20,16.9,19,3.37
ES1,2007,621,Athletic Bilbao,13.3,12,1.0,10,-12.3
ES1,2007,331,CA Osasuna,10.8,18,23.9,15,13.1
ES1,2007,3302,UD Almería,10.25,14,,17,-10.25
ES1,2007,171,Real Murcia CF,9.73,19,2.2,18,-7.53
ES1,2007,2867,Recreativo Huelva,8.54,22,1.2,17,-7.34
ES1,2007,897,Deportivo de La Coruña,7.95,15,22.0,14,14.05
ES1,2007,237,RCD Mallorca,7.5,12,11.97,12,4.47
ES1,2007,3368,Levante UD,5.3,22,1.0,23,-4.3
ES1,2007,714,RCD Espanyol Barcelona,5.1,13,6.85,11,1.75
ES1,2007,366,Real Valladolid CF,1.9,11,,14,-1.9
ES1,2008,131,FC Barcelona,96.0,9,54.59,11,-41.41
ES1,2008,418,Real Madrid,82.2,12,71.0,11,-11.2
ES1,2008,368,Sevilla FC,37.7,14,60.55,15,22.85
ES1,2008,150,Real Betis Balompié,34.2,14,11.5,13,-22.7
ES1,2008,13,Atlético de Madrid,26.5,13,3.45,15,-23.05
ES1,2008,1050,Villarreal CF,26.17,16,24.5,17,-1.67
ES1,2008,3709,Getafe CF,17.5,13,8.0,13,-9.5
ES1,2008,3302,UD Almería,14.5,12,8.0,10,-6.5
ES1,2008,714,RCD Espanyol Barcelona,14.3,12,18.6,13,4.3
ES1,2008,237,RCD Mallorca,10.23,18,32.4,19,22.17
ES1,2008,897,Deportivo de La Coruña,9.2,17,20.18,19,10.98
ES1,2008,1049,Valencia CF,6.6,22,11.3,21,4.7
ES1,2008,331,CA Osasuna,5.05,14,4.75,14,-0.3
ES1,2008,2867,Recreativo Huelva,4.99,15,14.3,15,9.31
ES1,2008,630,Racing Santander,3.8,16,17.5,19,13.7
ES1,2008,366,Real Valladolid CF,1.25,13,5.5,13,4.25
ES1,2008,1084,Málaga CF,1.1,15,,16,-1.1
ES1,2008,621,Athletic Bilbao,0.325,10,6.0,12,5.68
ES1,2008,2296,CD Numancia,0.3,13,2.0,12,1.7
ES1,2008,2448,Sporting Gijón,0.1,8,,10,-0.1
ES1,2009,418,Real Madrid,258.5,10,88.5,14,-170.0
ES1,2009,131,FC Barcelona,113.5,8,24.5,10,-89.0
ES1,2009,368,Sevilla FC,27.5,11,12.8,11,-14.7
ES1,2009,1050,Villarreal CF,22.9,11,11.75,15,-11.15
ES1,2009,13,Atlético de Madrid,17.25,15,17.9,15,0.65
ES1,2009,142,Real Zaragoza,14.9,20,10.92,17,-3.99
ES1,2009,3709,Getafe CF,12.25,11,11.4,13,-0.85
ES1,2009,366,Real Valladolid CF,6.68,21,9.5,18,2.83
ES1,2009,630,Racing Santander,6.5,20,8.5,19,2.0
ES1,2009,714,RCD Espanyol Barcelona,5.8,19,8.15,16,2.35
ES1,2009,3302,UD Almería,5.2,10,7.5,9,2.3
ES1,2009,1049,Valencia CF,5.0,16,20.63,18,15.63
ES1,2009,331,CA Osasuna,2.46,12,4.0,15,1.54
ES1,2009,621,Athletic Bilbao,2.3,9,,9,-2.3
ES1,2009,897,Deportivo de La Coruña,2.1,12,2.7,14,0.6
ES1,2009,1084,Málaga CF,1.6,22,1.15,19,-0.45
ES1,2009,2448,Sporting Gijón,1.4,10,3.3,10,1.9
ES1,2009,648,CD Tenerife,0.6,7,,7,-0.6
ES1,2009,134,Xerez CD,0.5,12,,15,-0.5
ES1,2009,237,RCD Mallorca,0.4,15,9.95,14,9.55
ES1,2010,418,Real Madrid,93.0,7,10.5,6,-82.5
ES1,2010,131,FC Barcelona,72.5,9,52.7,9,-19.8
ES1,2010,13,Atlético de Madrid,34.05,10,23.9,12,-10.15
ES1,2010,1049,Valencia CF,27.85,16,84.35,16,56.5
ES1,2010,1084,Málaga CF,25.04,23,,24,-25.04
ES1,2010,368,Sevilla FC,17.1,16,29.6,16,12.5
ES1,2010,714,RCD Espanyol Barcelona,11.25,16,24.5,21,13.25
ES1,2010,7971,Hércules CF,6.21,11,0.4,12,-5.81
ES1,2010,142,Real Zaragoza,4.35,16,2.0,19,-2.35
ES1,2010,1050,Villarreal CF,4.25,18,15.82,14,11.57
ES1,2010,681,Real Sociedad,4.2,9,,10,-4.2
ES1,2010,3709,Getafe CF,3.9,11,22.1,10,18.2
ES1,2010,3302,UD Almería,3.2,12,5.0,14,1.8
ES1,2010,331,CA Osasuna,2.79,11,10.25,11,7.46
ES1,2010,621,Athletic Bilbao,2.72,10,,11,-2.72
ES1,2010,630,Racing Santander,1.47,15,10.0,16,8.54
ES1,2010,897,Deportivo de La Coruña,1.05,18,16.4,12,15.35
ES1,2010,2448,Sporting Gijón,0.8,8,,10,-0.8
ES1,2010,237,RCD Mallorca,,18,6.4,19,6.4
ES1,2010,3368,Levante UD,,14,,14,0.0
ES1,2011,13,Atlético de Madrid,85.2,21,85.35,20,0.15
ES1,2011,131,FC Barcelona,60.0,12,46.95,12,-13.05
ES1,2011,1084,Málaga CF,59.25,16,,16,-59.25
ES1,2011,418,Real Madrid,56.0,6,8.0,7,-48.0
ES1,2011,1049,Valencia CF,34.0,15,32.9,15,-1.1
ES1,2011,1050,Villarreal CF,31.3,16,26.85,14,-4.45
ES1,2011,368,Sevilla FC,19.0,18,15.7,20,-3.3
ES1,2011,16795,Granada CF,12.19,34,0.15,32,-12.04
ES1,2011,142,Real Zaragoza,11.5,19,15.8,21,4.3
ES1,2011,621,Athletic Bilbao,7.5,6,,7,-7.5
ES1,2011,714,RCD Espanyol Barcelona,6.5,20,25.0,18,18.5
ES1,2011,237,RCD Mallorca,3.6,12,9.75,12,6.15
ES1,2011,150,Real Betis Balompié,3.44,14,4.5,15,1.07
ES1,2011,3709,Getafe CF,3.3,17,18.58,16,15.28
ES1,2011,331,CA Osasuna,2.6,15,8.3,15,5.7
ES1,2011,3368,Levante UD,1.55,16,8.0,20,6.45
ES1,2011,681,Real Sociedad,1.5,8,,10,-1.5
ES1,2011,2448,Sporting Gijón,1.5,10,4.5,6,3.0
ES1,2011,630,Racing Santander,0.35,13,2.1,15,1.75
ES1,2011,367,Rayo Vallecano,0.34,16,1.8,18,1.46
ES1,2012,418,Real Madrid,38.5,8,33.5,8,-5.0
ES1,2012,131,FC Barcelona,33.0,7,0.5,5,-32.5
ES1,2012,1049,Valencia CF,23.2,10,30.0,14,6.8
ES1,2012,368,Sevilla FC,14.0,15,12.2,15,-1.8
ES1,2012,681,Real Sociedad,14.0,8,0.5,8,-13.5
ES1,2012,16795,Granada CF,13.07,42,7.25,43,-5.82
ES1,2012,3709,Getafe CF,5.7,15,5.0,15,-0.7
ES1,2012,940,Celta de Vigo,5.15,13,,10,-5.15
ES1,2012,13,Atlético de Madrid,4.5,14,21.35,16,16.85
ES1,2012,237,RCD Mallorca,3.8,16,6.0,13,2.2
ES1,2012,714,RCD Espanyol Barcelona,3.35,14,5.7,17,2.35
ES1,2012,150,Real Betis Balompié,2.65,15,,15,-2.65
ES1,2012,621,Athletic Bilbao,2.5,10,40.0,11,37.5
ES1,2012,142,Real Zaragoza,2.3,24,1.67,19,-0.626
ES1,2012,897,Deportivo de La Coruña,0.75,14,,12,-0.75
ES1,2012,3368,Levante UD,0.65,21,7.94,20,7.29
ES1,2012,331,CA Osasuna,0.6,18,5.7,16,5.1
ES1,2012,366,Real Valladolid CF,,9,,13,0.0
ES1,2012,367,Rayo Vallecano,,20,2.57,20,2.57
ES1,2012,1084,Málaga CF,,14,41.6,18,41.6
ES1,2013,418,Real Madrid,175.5,10,113.5,10,-62.0
ES1,2013,131,FC Barcelona,101.0,9,28.1,7,-72.9
ES1,2013,13,Atlético de Madrid,36.1,21,70.7,18,34.61
ES1,2013,368,Sevilla FC,35.3,27,90.98,28,55.68
ES1,2013,1049,Valencia CF,22.47,15,47.1,14,24.63
ES1,2013,1050,Villarreal CF,17.45,14,10.5,17,-6.95
ES1,2013,621,Athletic Bilbao,15.4,12,,11,-15.4
ES1,2013,3709,Getafe CF,10.0,15,14.5,17,4.5
ES1,2013,150,Real Betis Balompié,7.45,23,10.03,20,2.58
ES1,2013,681,Real Sociedad,6.5,5,32.0,5,25.5
ES1,2013,940,Celta de Vigo,6.4,16,10.8,18,4.4
ES1,2013,16795,Granada CF,5.98,34,6.7,38,0.721
ES1,2013,1084,Málaga CF,5.23,21,37.65,20,32.42
ES1,2013,331,CA Osasuna,3.1,12,4.0,15,0.9
ES1,2013,1531,Elche CF,2.23,16,,17,-2.23
ES1,2013,366,Real Valladolid CF,1.05,10,1.8,9,0.75
ES1,2013,714,RCD Espanyol Barcelona,0.75,15,12.9,14,12.15
ES1,2013,3368,Levante UD,0.3,16,4.62,15,4.32
ES1,2013,367,Rayo Vallecano,,21,7.0,16,7.0
ES1,2013,3302,UD Almería,,16,1.0,14,1.0
ES1,2014,131,FC Barcelona,166.72,13,81.8,15,-84.92
ES1,2014,13,Atlético de Madrid,144.35,25,89.3,25,-55.05
ES1,2014,418,Real Madrid,126.0,8,112.1,8,-13.9
ES1,2014,1049,Valencia CF,55.05,23,55.45,25,0.4
ES1,2014,368,Sevilla FC,20.95,25,50.55,22,29.6
ES1,2014,1050,Villarreal CF,18.7,14,22.5,15,3.8
ES1,2014,681,Real Sociedad,12.0,11,69.2,12,57.2
ES1,2014,16795,Granada CF,7.92,44,21.0,36,13.08
ES1,2014,940,Celta de Vigo,3.9,12,1.5,11,-2.4
ES1,2014,714,RCD Espanyol Barcelona,2.5,15,11.0,17,8.5
ES1,2014,1084,Málaga CF,1.5,14,18.99,13,17.49
ES1,2014,897,Deportivo de La Coruña,1.4,18,,14,-1.4
ES1,2014,1531,Elche CF,1.35,15,6.0,18,4.66
ES1,2014,621,Athletic Bilbao,1.0,11,36.0,11,35.0
ES1,2014,3368,Levante UD,0.8,14,10.0,14,9.2
ES1,2014,993,Córdoba CF,0.75,25,,22,-0.75
ES1,2014,367,Rayo Vallecano,0.5,22,0.65,24,0.15
ES1,2014,1533,SD Eibar,0.162,21,0.6,20,0.438
ES1,2014,3302,UD Almería,,16,3.0,17,3.0
ES1,2014,3709,Getafe CF,,10,8.0,12,8.0
ES1,2015,1049,Valencia CF,143.9,20,50.0,16,-93.9
ES1,2015,13,Atlético de Madrid,119.0,22,152.0,23,33.0
ES1,2015,418,Real Madrid,100.4,12,24.15,12,-76.25
ES1,2015,131,FC Barcelona,51.0,11,38.3,10,-12.7
ES1,2015,1050,Villarreal CF,47.2,19,37.56,18,-9.64
ES1,2015,368,Sevilla FC,44.0,23,61.45,21,17.45
ES1,2015,681,Real Sociedad,26.1,17,1.0,14,-25.1
ES1,2015,940,Celta de Vigo,16.3,10,18.5,12,2.2
ES1,2015,621,Athletic Bilbao,10.0,13,,16,-10.0
ES1,2015,150,Real Betis Balompié,8.85,22,1.05,18,-7.8
ES1,2015,1084,Málaga CF,8.65,20,46.8,20,38.15
ES1,2015,897,Deportivo de La Coruña,8.21,19,,21,-8.21
ES1,2015,3368,Levante UD,6.55,16,,15,-6.55
ES1,2015,472,UD Las Palmas,6.4,17,,17,-6.4
ES1,2015,714,RCD Espanyol Barcelona,4.45,24,15.2,19,10.75
ES1,2015,16795,Granada CF,3.85,39,11.17,41,7.32
ES1,2015,1533,SD Eibar,3.7,27,,27,-3.7
ES1,2015,367,Rayo Vallecano,0.4,18,,17,-0.4
ES1,2015,3709,Getafe CF,0.27,14,4.1,12,3.83
ES1,2015,2448,Sporting Gijón,,9,,7,0.0
ES1,2016,131,FC Barcelona,124.75,11,33.8,13,-90.95
ES1,2016,368,Sevilla FC,81.7,17,93.45,19,11.75
ES1,2016,13,Atlético de Madrid,78.8,22,44.0,21,-34.8
ES1,2016,1050,Villarreal CF,55.95,23,67.25,22,11.3
ES1,2016,1049,Valencia CF,36.0,16,121.9,18,85.9
ES1,2016,418,Real Madrid,30.0,14,37.5,12,7.5
ES1,2016,681,Real Sociedad,21.63,13,11.0,12,-10.63
ES1,2016,150,Real Betis Balompié,20.9,21,8.0,24,-12.9
ES1,2016,714,RCD Espanyol Barcelona,18.4,20,6.0,22,-12.4
ES1,2016,1084,Málaga CF,13.04,19,,16,-13.04
ES1,2016,16795,Granada CF,11.58,38,31.6,39,20.03
ES1,2016,1533,SD Eibar,8.6,22,5.0,24,-3.6
ES1,2016,940,Celta de Vigo,8.4,11,19.8,7,11.4
ES1,2016,897,Deportivo de La Coruña,7.0,23,20.0,24,13.0
ES1,2016,1108,Deportivo Alavés,6.33,19,,18,-6.33
ES1,2016,1244,CD Leganés,5.45,22,0.2,19,-5.25
ES1,2016,472,UD Las Palmas,2.9,15,0.2,17,-2.7
ES1,2016,331,CA Osasuna,2.2,15,3.75,9,1.55
ES1,2016,2448,Sporting Gijón,1.0,16,,14,-1.0
ES1,2016,621,Athletic Bilbao,,16,,14,0.0
ES1,2017,131,FC Barcelona,388.1,13,232.5,12,-155.6
ES1,2017,13,Atlético de Madrid,95.6,17,104.0,21,8.4
ES1,2017,368,Sevilla FC,78.05,17,81.6,15,3.55
ES1,2017,1049,Valencia CF,55.0,23,16.55,23,-38.45
ES1,2017,1050,Villarreal CF,46.1,17,68.0,15,21.9
ES1,2017,418,Real Madrid,40.5,9,132.5,10,92.0
ES1,2017,150,Real Betis Balompié,38.5,21,27.07,22,-11.43
ES1,2017,621,Athletic Bilbao,32.0,9,65.0,9,33.0
ES1,2017,940,Celta de Vigo,26.8,15,13.2,20,-13.6
ES1,2017,681,Real Sociedad,25.5,14,53.0,14,27.5
ES1,2017,1084,Málaga CF,17.5,25,33.4,25,15.9
ES1,2017,714,RCD Espanyol Barcelona,17.05,17,10.5,17,-6.55
ES1,2017,3709,Getafe CF,12.9,26,1.6,24,-11.3
ES1,2017,1108,Deportivo Alavés,12.7,21,7.5,21,-5.2
ES1,2017,1533,SD Eibar,10.25,22,10.0,20,-0.25
ES1,2017,3368,Levante UD,10.0,23,13.85,17,3.85
ES1,2017,897,Deportivo de La Coruña,9.5,21,5.5,19,-4.0
ES1,2017,12321,Girona FC,8.75,20,,22,-8.75
ES1,2017,1244,CD Leganés,6.55,21,0.13,23,-6.42
ES1,2017,472,UD Las Palmas,0.35,23,25.7,22,25.35
ES1,2018,13,Atlético de Madrid,168.0,22,57.9,19,-110.1
ES1,2018,418,Real Madrid,164.75,16,136.1,14,-28.65
ES1,2018,131,FC Barcelona,141.1,19,146.05,19,4.95
ES1,2018,1049,Valencia CF,129.2,22,68.8,22,-60.4
ES1,2018,1050,Villarreal CF,92.9,24,54.8,24,-38.1
ES1,2018,368,Sevilla FC,81.05,20,93.8,22,12.75
ES1,2018,150,Real Betis Balompié,47.0,19,49.3,20,2.3
ES1,2018,621,Athletic Bilbao,33.65,11,80.0,9,46.35
ES1,2018,940,Celta de Vigo,30.0,23,35.7,18,5.7
ES1,2018,3709,Getafe CF,27.25,28,5.0,28,-22.25
ES1,2018,3368,Levante UD,26.3,17,41.5,22,15.2
ES1,2018,714,RCD Espanyol Barcelona,22.1,13,30.8,13,8.7
ES1,2018,1244,CD Leganés,18.9,30,24.6,28,5.7
ES1,2018,367,Rayo Vallecano,12.3,28,13.0,27,0.7
ES1,2018,681,Real Sociedad,12.0,12,32.8,14,20.8
ES1,2018,12321,Girona FC,10.2,11,3.3,11,-6.9
ES1,2018,366,Real Valladolid CF,10.1,21,,22,-10.1
ES1,2018,1108,Deportivo Alavés,10.0,28,9.0,28,-1.0
ES1,2018,5358,SD Huesca,9.0,22,0.4,23,-8.6
ES1,2018,1533,SD Eibar,8.0,15,7.75,17,-0.25
ES1,2019,418,Real Madrid,361.3,23,136.8,22,-224.5
ES1,2019,131,FC Barcelona,304.0,22,154.4,23,-149.6
ES1,2019,13,Atlético de Madrid,247.35,20,316.3,19,68.95
ES1,2019,368,Sevilla FC,188.73,30,131.4,33,-57.33
ES1,2019,150,Real Betis Balompié,96.45,21,72.0,19,-24.45
ES1,2019,1049,Valencia CF,75.0,24,56.3,21,-18.7
ES1,2019,714,RCD Espanyol Barcelona,61.5,19,61.0,15,-0.5
ES1,2019,1050,Villarreal CF,45.8,19,69.3,20,23.5
ES1,2019,681,Real Sociedad,31.75,13,9.5,14,-22.25
ES1,2019,940,Celta de Vigo,24.6,18,43.65,17,19.05
ES1,2019,3709,Getafe CF,21.5,21,11.25,19,-10.25
ES1,2019,1244,CD Leganés,18.45,32,40.82,35,22.37
ES1,2019,1533,SD Eibar,17.3,19,27.0,17,9.7
ES1,2019,3368,Levante UD,14.6,21,14.9,21,0.3
ES1,2019,331,CA Osasuna,14.45,21,0.3,16,-14.15
ES1,2019,1108,Deportivo Alavés,11.77,29,22.5,27,10.73
ES1,2019,16795,Granada CF,11.24,20,0.3,17,-10.94
ES1,2019,237,RCD Mallorca,7.5,31,,29,-7.5
ES1,2019,366,Real Valladolid CF,1.4,21,8.0,22,6.6
ES1,2019,621,Athletic Bilbao,,10,,12,0.0
ES1,2020,131,FC Barcelona,111.94,18,154.4,15,42.46
ES1,2020,13,Atlético de Madrid,92.0,14,83.3,15,-8.7
ES1,2020,368,Sevilla FC,74.35,22,19.68,19,-54.67
ES1,2020,1050,Villarreal CF,37.84,24,26.65,20,-11.19
ES1,2020,16795,Granada CF,23.5,13,,13,-23.5
ES1,2020,3709,Getafe CF,22.05,21,9.75,24,-12.3
ES1,2020,621,Athletic Bilbao,11.13,12,,9,-11.13
ES1,2020,2687,Cádiz CF,10.1,30,,31,-10.1
ES1,2020,681,Real Sociedad,10.0,11,28.25,7,18.25
ES1,2020,366,Real Valladolid CF,9.85,28,12.1,24,2.25
ES1,2020,331,CA Osasuna,9.15,15,3.45,15,-5.7
ES1,2020,3368,Levante UD,8.0,15,5.0,14,-3.0
ES1,2020,1531,Elche CF,6.1,21,7.3,19,1.2
ES1,2020,5358,SD Huesca,4.65,21,,18,-4.65
ES1,2020,940,Celta de Vigo,3.0,10,2.5,12,-0.5
ES1,2020,1533,SD Eibar,2.0,13,0.15,13,-1.85
ES1,2020,1049,Valencia CF,0.05,14,88.85,13,88.8
ES1,2020,150,Real Betis Balompié,,16,43.7,14,43.7
ES1,2020,418,Real Madrid,,15,108.2,19,108.2
ES1,2020,1108,Deportivo Alavés,,23,4.88,24,4.88
ES1,2021,13,Atlético de Madrid,85.7,19,22.75,19,-62.95
ES1,2021,131,FC Barcelona,69.5,20,95.36,18,25.86
ES1,2021,1050,Villarreal CF,54.5,20,15.34,23,-39.16
ES1,2021,368,Sevilla FC,41.5,17,28.5,17,-13.0
ES1,2021,418,Real Madrid,31.0,10,78.0,7,47.0
ES1,2021,16795,Granada CF,19.04,20,3.0,18,-16.04
ES1,2021,1049,Valencia CF,16.35,16,2.7,16,-13.65
ES1,2021,3709,Getafe CF,15.16,22,21.0,19,5.84
ES1,2021,940,Celta de Vigo,10.02,13,1.8,16,-8.22
ES1,2021,237,RCD Mallorca,10.0,21,9.0,23,-1.0
ES1,2021,331,CA Osasuna,8.7,14,,15,-8.7
ES1,2021,1531,Elche CF,8.2,19,0.2,18,-8.0
ES1,2021,2687,Cádiz CF,6.1,24,,22,-6.1
ES1,2021,714,RCD Espanyol Barcelona,6.0,11,,8,-6.0
ES1,2021,367,Rayo Vallecano,4.3,16,2.2,19,-2.1
ES1,2021,150,Real Betis Balompié,4.21,9,14.0,8,9.79
ES1,2021,681,Real Sociedad,2.5,7,0.96,9,-1.54
ES1,2021,1108,Deportivo Alavés,1.6,25,3.5,23,1.9
ES1,2021,3368,Levante UD,0.875,13,,10,-0.875
ES1,2021,621,Athletic Bilbao,,6,,9,0.0
ES1,2022,131,FC Barcelona,159.0,16,39.5,22,-119.5
ES1,2022,418,Real Madrid,80.0,12,101.5,13,21.5
ES1,2022,681,Real Sociedad,55.0,17,88.0,15,33.0
ES1,2022,3302,UD Almería,37.08,23,22.2,24,-14.88
ES1,2022,368,Sevilla FC,30.4,23,91.5,24,61.1
ES1,2022,13,Atlético de Madrid,29.5,23,28.25,23,-1.25
ES1,2022,150,Real Betis Balompié,27.4,10,14.75,12,-12.65
ES1,2022,940,Celta de Vigo,25.73,20,17.2,17,-8.53
ES1,2022,12321,Girona FC,25.0,24,0.75,22,-24.25
ES1,2022,714,RCD Espanyol Barcelona,20.6,27,17.8,26,-2.8
ES1,2022,237,RCD Mallorca,17.3,19,5.3,21,-12.0
ES1,2022,3709,Getafe CF,15.75,21,20.5,21,4.75
ES1,2022,367,Rayo Vallecano,14.3,17,0.2,15,-14.1
ES1,2022,1531,Elche CF,13.16,20,9.4,18,-3.76
ES1,2022,1049,Valencia CF,12.5,14,54.6,15,42.1
ES1,2022,2687,Cádiz CF,12.38,27,1.0,24,-11.38
ES1,2022,366,Real Valladolid CF,12.3,26,1.3,28,-11.0
ES1,2022,1050,Villarreal CF,6.48,17,31.6,18,25.12
ES1,2022,331,CA Osasuna,2.0,11,0.25,14,-1.75
ES1,2022,621,Athletic Bilbao,,15,,13,0.0
ES1,2023,418,Real Madrid,161.5,9,13.0,10,-148.5
ES1,2023,13,Atlético de Madrid,56.5,25,103.1,22,46.6
ES1,2023,3302,UD Almería,54.75,22,56.7,23,1.95
ES1,2023,150,Real Betis Balompié,33.7,21,70.5,20,36.8
ES1,2023,131,FC Barcelona,33.4,22,131.7,19,98.3
ES1,2023,368,Sevilla FC,32.0,25,27.4,21,-4.6
ES1,2023,940,Celta de Vigo,31.2,23,46.2,20,15.0
ES1,2023,237,RCD Mallorca,28.7,15,22.0,15,-6.7
ES1,2023,367,Rayo Vallecano,22.3,16,5.7,16,-16.6
ES1,2023,12321,Girona FC,22.25,19,17.9,20,-4.35
ES1,2023,681,Real Sociedad,20.4,15,17.8,15,-2.6
ES1,2023,16795,Granada CF,19.19,24,10.45,25,-8.74
ES1,2023,1050,Villarreal CF,12.5,17,113.0,14,100.5
ES1,2023,3709,Getafe CF,11.0,20,7.04,24,-3.96
ES1,2023,1049,Valencia CF,10.4,16,28.9,18,18.5
ES1,2023,1108,Deportivo Alavés,10.4,19,2.5,19,-7.9
ES1,2023,331,CA Osasuna,7.0,9,5.0,9,-2.0
ES1,2023,2687,Cádiz CF,6.0,23,10.0,23,4.0
ES1,2023,472,UD Las Palmas,4.8,17,,17,-4.8
ES1,2023,621,Athletic Bilbao,,12,,13,0.0
ES1,2024,13,Atlético de Madrid,188.0,18,114.98,20,-73.03
ES1,2024,1050,Villarreal CF,69.0,23,76.7,26,7.7
ES1,2024,131,FC Barcelona,66.5,19,66.8,17,0.3
ES1,2024,12321,Girona FC,50.2,24,70.4,22,20.2
ES1,2024,418,Real Madrid,49.0,12,82.0,11,33.0
ES1,2024,681,Real Sociedad,45.2,15,71.35,16,26.15
ES1,2024,150,Real Betis Balompié,41.05,21,61.32,23,20.27
ES1,2024,368,Sevilla FC,20.0,19,32.85,25,12.85
ES1,2024,621,Athletic Bilbao,18.0,16,9.25,17,-8.75
ES1,2024,366,Real Valladolid CF,16.68,25,19.1,24,2.43
ES1,2024,940,Celta de Vigo,11.2,20,20.5,21,9.3
ES1,2024,1108,Deportivo Alavés,11.0,26,19.37,23,8.37
ES1,2024,3709,Getafe CF,9.2,20,33.9,18,24.7
ES1,2024,331,CA Osasuna,8.55,6,8.95,5,0.4
ES1,2024,472,UD Las Palmas,4.0,20,8.23,21,4.23
ES1,2024,1244,CD Leganés,3.93,22,4.0,21,0.075
ES1,2024,1049,Valencia CF,2.87,16,30.0,13,27.13
ES1,2024,237,RCD Mallorca,2.35,13,14.0,13,11.65
ES1,2024,714,RCD Espanyol Barcelona,0.9,18,1.55,16,0.65
ES1,2024,367,Rayo Vallecano,,10,2.0,10,2.0
ES1,2025,13,Atlético de Madrid,230.95,20,145.5,19,-85.45
ES1,2025,418,Real Madrid,167.5,9,39.5,8,-128.0
ES1,2025,1050,Villarreal CF,105.5,22,108.0,20,2.5
ES1,2025,150,Real Betis Balompié,65.5,23,61.63,21,-3.88
ES1,2025,331,CA Osasuna,30.5,9,12.0,8,-18.5
ES1,2025,131,FC Barcelona,27.5,9,31.2,12,3.7
ES1,2025,12321,Girona FC,27.35,23,58.5,22,31.15
ES1,2025,621,Athletic Bilbao,22.0,15,4.2,10,-17.8
ES1,2025,681,Real Sociedad,21.5,12,85.0,12,63.5
ES1,2025,1531,Elche CF,21.1,23,31.5,24,10.4
ES1,2025,714,RCD Espanyol Barcelona,16.75,24,25.0,25,8.25
ES1,2025,1049,Valencia CF,16.5,19,26.13,18,9.63
ES1,2025,940,Celta de Vigo,15.0,23,58.7,20,43.7
ES1,2025,237,RCD Mallorca,13.6,14,9.6,12,-4.0
ES1,2025,1108,Deportivo Alavés,11.12,23,32.0,24,20.88
ES1,2025,367,Rayo Vallecano,7.1,12,,11,-7.1
ES1,2025,3368,Levante UD,5.83,21,5.5,17,-0.325
ES1,2025,2497,Real Oviedo,4.0,23,0.05,22,-3.95
ES1,2025,3709,Getafe CF,1.8,18,12.6,17,10.8
ES1,2025,368,Sevilla FC,0.25,17,55.0,12,54.75
ES1,2026,418,Real Madrid,225.0,10,58.5,9,-166.5
ES1,2026,131,FC Barcelona,184.0,21,89.5,17,-94.5
ES1,2026,13,Atlético de Madrid,123.0,11,59.0,11,-64.0
ES1,2026,150,Real Betis Balompié,30.5,11,31.63,12,1.13
ES1,2026,897,Deportivo A Coruña,26.0,14,0.5,13,-25.5
ES1,2026,1531,Elche CF,23.25,20,37.0,17,13.75
ES1,2026,3709,Getafe CF,19.5,20,14.1,20,-5.4
ES1,2026,630,Racing Santander,16.8,18,20.6,19,3.8
ES1,2026,1050,Villarreal CF,16.5,14,2.9,15,-13.6
ES1,2026,368,Sevilla FC,15.5,14,41.0,16,25.5
ES1,2026,1108,Deportivo Alavés,13.0,16,7.2,15,-5.8
ES1,2026,940,Celta de Vigo,11.8,10,0.35,13,-11.45
ES1,2026,367,Rayo Vallecano,10.78,13,42.4,12,31.62
ES1,2026,1049,Valencia CF,9.0,15,1.75,13,-7.25
ES1,2026,681,Real Sociedad,8.5,9,6.0,8,-2.5
ES1,2026,331,CA Osasuna,8.0,7,41.02,5,33.02
ES1,2026,714,RCD Espanyol Barcelona,5.55,17,0.5,15,-5.05
ES1,2026,3368,Levante UD,5.1,16,37.0,18,31.9
ES1,2026,1084,Málaga CF,0.3,8,,10,-0.3
ES1,2026,621,Athletic Bilbao,,8,11.0,10,11.0
GB3,2004,3008,Hull City,1.08,18,,14,-1.08
GB3,2004,1031,Luton Town,0.6,11,,11,-0.6
GB3,2004,698,Bristol City,0.4,31,0.155,27,-0.245
GB3,2004,1060,Colchester United,0.15,22,0.8,16,0.65
GB3,2004,1035,Sheffield Wednesday,0.148,30,,32,-0.148
GB3,2004,349,Barnsley FC,0.13,27,,29,-0.13
GB3,2004,352,Swindon Town,0.13,17,,20,-0.13
GB3,2004,1218,Torquay United,0.1,22,0.3,24,0.2
GB3,2004,1098,Stockport County,0.065,21,0.49,25,0.425
GB3,2004,2454,Doncaster Rovers,0.045,22,0.015,23,-0.03
GB3,2004,1072,Peterborough United,0.038,28,0.1,31,0.063
GB3,2004,1211,Port Vale FC,0.028,18,0.225,14,0.197
GB3,2004,989,AFC Bournemouth,0.015,10,0.475,9,0.46
GB3,2004,899,Walsall FC,,28,,31,0.0
GB3,2004,991,Milton Keynes Dons,,38,,8,0.0
GB3,2004,1027,Bradford City,,23,,20,0.0
GB3,2004,1074,Tranmere Rovers,,9,,9,0.0
GB3,2004,1078,Oldham Athletic,,27,,26,0.0
GB3,2004,1110,Huddersfield Town,,8,,11,0.0
GB3,2004,1112,Wrexham AFC,,12,,9,0.0
GB3,2004,1148,Brentford FC,,29,,23,0.0
GB3,2004,1181,Blackpool FC,,26,0.15,22,0.15
GB3,2004,1219,Chesterfield FC,,12,,16,0.0
GB3,2004,2577,Hartlepool United,,14,,13,0.0
GB3,2005,703,Nottingham Forest,3.95,28,0.65,24,-3.3
GB3,2005,2288,Swansea City,1.02,12,0.06,14,-0.963
GB3,2005,2454,Doncaster Rovers,0.675,31,,29,-0.675
GB3,2005,991,Milton Keynes Dons,0.525,14,,25,-0.525
GB3,2005,698,Bristol City,0.45,32,2.48,37,2.03
GB3,2005,1148,Brentford FC,0.225,25,0.76,26,0.535
GB3,2005,349,Barnsley FC,0.2,16,0.1,11,-0.1
GB3,2005,2964,Scunthorpe United,0.15,15,,15,-0.15
GB3,2005,2793,Southend United,0.13,8,,9,-0.13
GB3,2005,1078,Oldham Athletic,0.125,22,0.175,27,0.05
GB3,2005,1194,Rotherham United,0.042,20,0.56,18,0.518
GB3,2005,2577,Hartlepool United,0.04,16,,15,-0.04
GB3,2005,2814,Gillingham FC,0.04,17,0.75,31,0.71
GB3,2005,989,AFC Bournemouth,0.03,16,0.233,16,0.203
GB3,2005,972,Yeovil Town,0.01,30,0.24,30,0.23
GB3,2005,899,Walsall FC,0.006,34,0.15,33,0.145
GB3,2005,352,Swindon Town,,31,1.1,32,1.1
GB3,2005,1027,Bradford City,,17,,18,0.0
GB3,2005,1060,Colchester United,,16,,19,0.0
GB3,2005,1074,Tranmere Rovers,,14,1.05,23,1.05
GB3,2005,1110,Huddersfield Town,,10,,12,0.0
GB3,2005,1181,Blackpool FC,,25,,27,0.0
GB3,2005,1211,Port Vale FC,,15,0.325,14,0.325
GB3,2005,1219,Chesterfield FC,,13,0.225,15,0.225
GB3,2006,2288,Swansea City,1.56,19,1.0,15,-0.555
GB3,2006,703,Nottingham Forest,0.9,32,,36,-0.9
GB3,2006,1181,Blackpool FC,0.465,34,0.29,35,-0.175
GB3,2006,1028,Millwall FC,0.425,35,0.75,31,0.325
GB3,2006,698,Bristol City,0.375,28,3.2,29,2.83
GB3,2006,2964,Scunthorpe United,0.375,17,0.9,20,0.525
GB3,2006,1220,Carlisle United,0.285,21,0.64,17,0.355
GB3,2006,2454,Doncaster Rovers,0.2,28,0.875,30,0.675
GB3,2006,1042,Crewe Alexandra,0.195,28,0.075,32,-0.12
GB3,2006,1074,Tranmere Rovers,0.1,15,,13,-0.1
GB3,2006,1150,Leyton Orient,0.09,19,1.53,17,1.44
GB3,2006,1194,Rotherham United,0.09,19,1.78,19,1.69
GB3,2006,1211,Port Vale FC,0.075,18,0.525,18,0.45
GB3,2006,3371,Cheltenham Town,0.03,10,0.15,11,0.12
GB3,2006,1237,Brighton & Hove Albion,0.025,24,1.73,27,1.7
GB3,2006,972,Yeovil Town,,35,0.315,33,0.315
GB3,2006,989,AFC Bournemouth,,28,0.35,25,0.35
GB3,2006,1027,Bradford City,,31,0.75,32,0.75
GB3,2006,1078,Oldham Athletic,,26,,26,0.0
GB3,2006,1110,Huddersfield Town,,15,0.23,12,0.23
GB3,2006,1148,Brentford FC,,26,0.825,31,0.825
GB3,2006,1219,Chesterfield FC,,19,0.75,20,0.75
GB3,2006,1302,Northampton Town,,21,0.2,25,0.2
GB3,2006,2814,Gillingham FC,,25,,19,0.0
GB3,2007,399,Leeds United,2.31,34,5.28,32,2.97
GB3,2007,352,Swindon Town,1.03,27,0.9,23,-0.125
GB3,2007,703,Nottingham Forest,0.83,31,,28,-0.83
GB3,2007,2793,Southend United,0.648,26,2.94,24,2.29
GB3,2007,1237,Brighton & Hove Albion,0.632,21,0.652,21,0.02
GB3,2007,2814,Gillingham FC,0.605,41,0.75,41,0.145
GB3,2007,2455,Bristol Rovers,0.475,15,,11,-0.475
GB3,2007,1028,Millwall FC,0.45,31,1.1,25,0.65
GB3,2007,972,Yeovil Town,0.36,38,0.235,41,-0.125
GB3,2007,1110,Huddersfield Town,0.214,20,0.125,15,-0.089
GB3,2007,1074,Tranmere Rovers,0.175,15,0.125,15,-0.05
GB3,2007,2288,Swansea City,0.175,19,1.78,16,1.61
GB3,2007,2577,Hartlepool United,0.175,16,0.175,21,0.0
GB3,2007,1042,Crewe Alexandra,0.1,31,4.59,35,4.49
GB3,2007,1078,Oldham Athletic,0.1,30,0.75,36,0.65
GB3,2007,1220,Carlisle United,0.075,17,,20,-0.075
GB3,2007,1150,Leyton Orient,0.035,17,0.18,17,0.145
GB3,2007,899,Walsall FC,,25,0.75,29,0.75
GB3,2007,989,AFC Bournemouth,,23,,25,0.0
GB3,2007,1031,Luton Town,,24,5.28,28,5.28
GB3,2007,1211,Port Vale FC,,34,0.165,32,0.165
GB3,2007,1302,Northampton Town,,19,0.275,21,0.275
GB3,2007,2454,Doncaster Rovers,,23,,25,0.0
GB3,2007,3371,Cheltenham Town,,18,0.3,17,0.3
GB3,2008,1110,Huddersfield Town,1.22,31,0.23,32,-0.992
GB3,2008,1003,Leicester City,1.17,32,5.03,36,3.86
GB3,2008,1072,Peterborough United,1.08,28,,27,-1.08
GB3,2008,1060,Colchester United,1.03,25,1.08,28,0.05
GB3,2008,1042,Crewe Alexandra,0.545,29,3.37,29,2.83
GB3,2008,399,Leeds United,0.5,29,0.065,33,-0.435
GB3,2008,2964,Scunthorpe United,0.49,19,1.9,17,1.41
GB3,2008,1098,Stockport County,0.48,26,1.88,27,1.4
GB3,2008,1237,Brighton & Hove Albion,0.35,38,0.25,37,-0.1
GB3,2008,1078,Oldham Athletic,0.135,26,0.21,27,0.075
GB3,2008,1220,Carlisle United,0.135,30,2.47,26,2.34
GB3,2008,991,Milton Keynes Dons,0.13,22,0.93,28,0.8
GB3,2008,352,Swindon Town,0.09,21,,18,-0.09
GB3,2008,1028,Millwall FC,0.075,22,0.13,29,0.055
GB3,2008,972,Yeovil Town,0.05,31,0.15,32,0.1
GB3,2008,3064,Hereford United (- 2014),0.035,29,,28,-0.035
GB3,2008,899,Walsall FC,,17,,18,0.0
GB3,2008,1074,Tranmere Rovers,,21,0.425,18,0.425
GB3,2008,1150,Leyton Orient,,25,,26,0.0
GB3,2008,1302,Northampton Town,,26,0.45,23,0.45
GB3,2008,2455,Bristol Rovers,,26,,23,0.0
GB3,2008,2577,Hartlepool United,,12,0.03,16,0.03
GB3,2008,2793,Southend United,,31,1.32,31,1.32
GB3,2008,3371,Cheltenham Town,,42,0.425,41,0.425
GB3,2009,180,Southampton FC,3.4,32,5.08,31,1.68
GB3,2009,1110,Huddersfield Town,1.73,26,,26,-1.73
GB3,2009,1123,Norwich City,1.41,32,0.9,26,-0.51
GB3,2009,1148,Brentford FC,0.83,32,0.06,33,-0.77
GB3,2009,1060,Colchester United,0.805,40,1.1,29,0.295
GB3,2009,1028,Millwall FC,0.515,17,0.21,21,-0.305
GB3,2009,399,Leeds United,0.475,26,9.5,27,9.03
GB3,2009,1237,Brighton & Hove Albion,0.43,33,,33,-0.43
GB3,2009,1220,Carlisle United,0.295,24,0.21,28,-0.085
GB3,2009,991,Milton Keynes Dons,0.25,34,,29,-0.25
GB3,2009,352,Swindon Town,0.115,21,2.25,33,2.14
GB3,2009,6699,Exeter City,0.1,24,1.02,18,0.92
GB3,2009,358,Charlton Athletic,0.09,39,1.25,42,1.16
GB3,2009,2814,Gillingham FC,0.085,29,,26,-0.085
GB3,2009,2577,Hartlepool United,0.01,17,,13,-0.01
GB3,2009,899,Walsall FC,,15,0.45,15,0.45
GB3,2009,972,Yeovil Town,,26,,27,0.0
GB3,2009,1074,Tranmere Rovers,,24,0.525,30,0.525
GB3,2009,1078,Oldham Athletic,,43,0.585,34,0.585
GB3,2009,1098,Stockport County,,25,1.57,23,1.57
GB3,2009,1150,Leyton Orient,,20,,23,0.0
GB3,2009,2455,Bristol Rovers,,25,1.2,31,1.2
GB3,2009,2793,Southend United,,20,,29,0.0
GB3,2009,2805,Wycombe Wanderers,,35,0.06,37,0.06
GB3,2010,180,Southampton FC,2.82,25,,29,-2.82
GB3,2010,1035,Sheffield Wednesday,1.48,24,1.8,21,0.325
GB3,2010,1237,Brighton & Hove Albion,1.13,26,0.485,21,-0.645
GB3,2010,352,Swindon Town,1.07,25,2.06,20,0.995
GB3,2010,1110,Huddersfield Town,0.865,29,1.15,34,0.28
GB3,2010,1045,Notts County,0.7,33,0.445,29,-0.255
GB3,2010,358,Charlton Athletic,0.605,30,4.35,37,3.75
GB3,2010,1072,Peterborough United,0.583,46,2.33,48,1.74
GB3,2010,1148,Brentford FC,0.5,41,0.2,37,-0.3
GB3,2010,2262,Plymouth Argyle,0.225,26,1.84,30,1.62
GB3,2010,1088,Rochdale AFC,0.22,29,0.3,30,0.08
GB3,2010,989,AFC Bournemouth,0.14,25,2.08,21,1.94
GB3,2010,1220,Carlisle United,0.025,34,1.42,38,1.39
GB3,2010,899,Walsall FC,,26,0.725,29,0.725
GB3,2010,972,Yeovil Town,,34,0.375,34,0.375
GB3,2010,991,Milton Keynes Dons,,22,0.82,28,0.82
GB3,2010,1060,Colchester United,,25,0.765,30,0.765
GB3,2010,1074,Tranmere Rovers,,30,0.315,25,0.315
GB3,2010,1078,Oldham Athletic,,34,0.27,39,0.27
GB3,2010,1150,Leyton Orient,,31,,29,0.0
GB3,2010,2455,Bristol Rovers,,31,0.095,28,0.095
GB3,2010,2577,Hartlepool United,,12,,14,0.0
GB3,2010,3696,Dagenham & Redbridge FC,,49,0.315,47,0.315
GB3,2010,6699,Exeter City,,24,,21,0.0
GB3,2011,1110,Huddersfield Town,2.09,32,3.1,26,1.01
GB3,2011,989,AFC Bournemouth,1.7,39,2.22,35,0.523
GB3,2011,358,Charlton Athletic,0.91,45,1.28,39,0.365
GB3,2011,1035,Sheffield Wednesday,0.64,33,0.225,30,-0.415
GB3,2011,350,Sheffield United,0.17,27,2.65,31,2.48
GB3,2011,466,Preston North End,0.165,37,1.73,35,1.56
GB3,2011,991,Milton Keynes Dons,0.11,22,2.8,27,2.69
GB3,2011,2413,Bury FC,0.06,32,0.18,28,0.12
GB3,2011,2964,Scunthorpe United,0.045,29,0.485,31,0.44
GB3,2011,899,Walsall FC,,22,,23,0.0
GB3,2011,972,Yeovil Town,,43,,43,0.0
GB3,2011,1045,Notts County,,38,,34,0.0
GB3,2011,1060,Colchester United,,18,,20,0.0
GB3,2011,1074,Tranmere Rovers,,19,0.875,22,0.875
GB3,2011,1078,Oldham Athletic,,31,0.39,30,0.39
GB3,2011,1088,Rochdale AFC,,34,0.495,37,0.495
GB3,2011,1148,Brentford FC,,36,0.11,39,0.11
GB3,2011,1150,Leyton Orient,,35,0.225,35,0.225
GB3,2011,1219,Chesterfield FC,,31,0.78,28,0.78
GB3,2011,1220,Carlisle United,,16,,16,0.0
GB3,2011,2577,Hartlepool United,,20,,16,0.0
GB3,2011,2805,Wycombe Wanderers,,32,0.78,36,0.78
GB3,2011,3684,Stevenage FC,,27,0.072,29,0.072
GB3,2011,6699,Exeter City,,26,0.125,32,0.125
GB3,2012,989,AFC Bournemouth,1.57,34,0.94,32,-0.63
GB3,2012,352,Swindon Town,0.24,29,0.56,35,0.32
GB3,2012,3684,Stevenage FC,0.09,40,1.14,41,1.05
GB3,2012,1042,Crewe Alexandra,0.05,16,10.0,18,9.95
GB3,2012,350,Sheffield United,,25,5.15,23,5.15
GB3,2012,466,Preston North End,,32,0.19,37,0.19
GB3,2012,899,Walsall FC,,32,0.03,30,0.03
GB3,2012,972,Yeovil Town,,34,,35,0.0
GB3,2012,990,Coventry City,,33,2.55,28,2.55
GB3,2012,991,Milton Keynes Dons,,26,,26,0.0
GB3,2012,1020,Portsmouth FC,,62,2.52,64,2.52
GB3,2012,1045,Notts County,,28,,32,0.0
GB3,2012,1060,Colchester United,,39,0.115,38,0.115
GB3,2012,1074,Tranmere Rovers,,26,,28,0.0
GB3,2012,1078,Oldham Athletic,,27,,30,0.0
GB3,2012,1148,Brentford FC,,35,,33,0.0
GB3,2012,1150,Leyton Orient,,23,0.115,25,0.115
GB3,2012,1220,Carlisle United,,19,,18,0.0
GB3,2012,2413,Bury FC,,40,,39,0.0
GB3,2012,2454,Doncaster Rovers,,30,0.64,38,0.64
GB3,2012,2577,Hartlepool United,,12,,15,0.0
GB3,2012,2964,Scunthorpe United,,31,,34,0.0
GB3,2012,3054,Shrewsbury Town,,32,,31,0.0
GB3,2012,3537,Crawley Town,,36,1.72,34,1.72
GB3,2013,1072,Peterborough United,3.11,31,5.42,31,2.31
GB3,2013,543,Wolverhampton Wanderers,1.85,29,6.1,34,4.26
GB3,2013,350,Sheffield United,0.842,36,0.9,40,0.058
GB3,2013,352,Swindon Town,0.59,46,0.582,38,-0.008
GB3,2013,1148,Brentford FC,0.485,42,0.175,37,-0.31
GB3,2013,698,Bristol City,0.465,33,0.58,39,0.115
GB3,2013,1194,Rotherham United,0.159,35,,29,-0.159
GB3,2013,3537,Crawley Town,0.115,23,0.1,31,-0.015
GB3,2013,466,Preston North End,,32,,26,0.0
GB3,2013,899,Walsall FC,,20,1.29,18,1.29
GB3,2013,990,Coventry City,,26,,35,0.0
GB3,2013,991,Milton Keynes Dons,,23,,23,0.0
GB3,2013,1027,Bradford City,,24,1.8,28,1.8
GB3,2013,1042,Crewe Alexandra,,23,1.17,24,1.17
GB3,2013,1045,Notts County,,37,,37,0.0
GB3,2013,1060,Colchester United,,25,,27,0.0
GB3,2013,1074,Tranmere Rovers,,32,,28,0.0
GB3,2013,1078,Oldham Athletic,,39,0.41,44,0.41
GB3,2013,1150,Leyton Orient,,29,,26,0.0
GB3,2013,1211,Port Vale FC,,29,,25,0.0
GB3,2013,1220,Carlisle United,,43,,44,0.0
GB3,2013,2814,Gillingham FC,,30,,28,0.0
GB3,2013,3054,Shrewsbury Town,,33,,32,0.0
GB3,2013,3684,Stevenage FC,,32,,29,0.0
GB3,2014,350,Sheffield United,2.42,53,3.15,43,0.73
GB3,2014,1072,Peterborough United,0.945,32,9.11,38,8.17
GB3,2014,698,Bristol City,0.94,23,2.5,26,1.56
GB3,2014,991,Milton Keynes Dons,0.44,30,6.63,26,6.19
GB3,2014,2964,Scunthorpe United,0.3,42,,43,-0.3
GB3,2014,349,Barnsley FC,0.282,42,,46,-0.282
GB3,2014,352,Swindon Town,0.25,28,0.76,34,0.51
GB3,2014,1078,Oldham Athletic,0.13,38,,38,-0.13
GB3,2014,1219,Chesterfield FC,0.125,32,1.75,32,1.63
GB3,2014,466,Preston North End,0.095,32,,34,-0.095
GB3,2014,899,Walsall FC,,26,,27,0.0
GB3,2014,972,Yeovil Town,,36,,34,0.0
GB3,2014,990,Coventry City,,34,3.81,35,3.81
GB3,2014,1027,Bradford City,,29,,32,0.0
GB3,2014,1042,Crewe Alexandra,,32,,29,0.0
GB3,2014,1045,Notts County,,50,,47,0.0
GB3,2014,1060,Colchester United,,44,0.135,38,0.135
GB3,2014,1088,Rochdale AFC,,20,0.95,22,0.95
GB3,2014,1150,Leyton Orient,,27,1.25,23,1.25
GB3,2014,1211,Port Vale FC,,33,0.03,37,0.03
GB3,2014,2454,Doncaster Rovers,,19,0.63,21,0.63
GB3,2014,2814,Gillingham FC,,29,,33,0.0
GB3,2014,3537,Crawley Town,,44,0.315,37,0.315
GB3,2014,11177,Fleetwood Town,,35,,32,0.0
GB3,2015,1071,Wigan Athletic,4.36,44,6.03,40,1.68
GB3,2015,350,Sheffield United,0.705,29,2.1,34,1.4
GB3,2015,1181,Blackpool FC,0.61,30,,35,-0.61
GB3,2015,1072,Peterborough United,0.353,42,3.3,34,2.95
GB3,2015,349,Barnsley FC,0.2,44,1.4,41,1.2
GB3,2015,1028,Millwall FC,0.2,27,,31,-0.2
GB3,2015,11177,Fleetwood Town,0.1,36,,38,-0.1
GB3,2015,352,Swindon Town,0.07,31,6.34,34,6.27
GB3,2015,2963,Burton Albion,0.05,33,0.46,31,0.41
GB3,2015,990,Coventry City,0.034,36,2.65,28,2.62
GB3,2015,899,Walsall FC,,20,,23,0.0
GB3,2015,1027,Bradford City,,28,0.45,25,0.45
GB3,2015,1042,Crewe Alexandra,,24,,24,0.0
GB3,2015,1060,Colchester United,,22,,24,0.0
GB3,2015,1078,Oldham Athletic,,42,0.1,40,0.1
GB3,2015,1088,Rochdale AFC,,18,,14,0.0
GB3,2015,1211,Port Vale FC,,29,,26,0.0
GB3,2015,1219,Chesterfield FC,,30,2.99,24,2.99
GB3,2015,2413,Bury FC,,32,,29,0.0
GB3,2015,2454,Doncaster Rovers,,29,,34,0.0
GB3,2015,2793,Southend United,,19,,18,0.0
GB3,2015,2814,Gillingham FC,,26,,26,0.0
GB3,2015,2964,Scunthorpe United,,23,,30,0.0
GB3,2015,3054,Shrewsbury Town,,33,2.2,31,2.2
GB3,2016,358,Charlton Athletic,1.3,25,15.42,38,14.12
GB3,2016,988,Oxford United,1.06,32,4.7,33,3.64
GB3,2016,350,Sheffield United,0.755,29,4.94,32,4.19
GB3,2016,352,Swindon Town,0.655,25,1.0,25,0.345
GB3,2016,899,Walsall FC,0.354,23,2.58,22,2.23
GB3,2016,1027,Bradford City,0.29,26,0.175,27,-0.115
GB3,2016,1072,Peterborough United,0.115,31,0.72,36,0.605
GB3,2016,11177,Fleetwood Town,0.08,36,,32,-0.08
GB3,2016,1078,Oldham Athletic,0.06,34,,36,-0.06
GB3,2016,2413,Bury FC,0.035,35,1.0,34,0.965
GB3,2016,355,Bolton Wanderers,,25,6.13,29,6.13
GB3,2016,990,Coventry City,,25,,27,0.0
GB3,2016,991,Milton Keynes Dons,,22,,20,0.0
GB3,2016,1028,Millwall FC,,22,,21,0.0
GB3,2016,1088,Rochdale AFC,,21,,23,0.0
GB3,2016,1211,Port Vale FC,,46,0.405,41,0.405
GB3,2016,1219,Chesterfield FC,,25,,29,0.0
GB3,2016,1302,Northampton Town,,25,,24,0.0
GB3,2016,2455,Bristol Rovers,,24,0.35,26,0.35
GB3,2016,2793,Southend United,,18,,20,0.0
GB3,2016,2814,Gillingham FC,,23,0.175,22,0.175
GB3,2016,2964,Scunthorpe United,,28,,22,0.0
GB3,2016,3054,Shrewsbury Town,,34,,37,0.0
GB3,2016,3884,AFC Wimbledon,,22,0.295,17,0.295
GB3,2017,164,Blackburn Rovers,1.72,22,0.56,19,-1.16
GB3,2017,1071,Wigan Athletic,0.68,33,1.16,34,0.48
GB3,2017,11177,Fleetwood Town,0.625,35,0.3,38,-0.325
GB3,2017,1072,Peterborough United,0.5,26,,23,-0.5
GB3,2017,1027,Bradford City,0.4,31,,23,-0.4
GB3,2017,1078,Oldham Athletic,0.4,36,,29,-0.4
GB3,2017,988,Oxford United,0.225,31,3.43,28,3.21
GB3,2017,1302,Northampton Town,0.17,38,,32,-0.17
GB3,2017,2455,Bristol Rovers,0.17,22,0.45,22,0.28
GB3,2017,2964,Scunthorpe United,0.15,20,0.17,25,0.02
GB3,2017,1088,Rochdale AFC,0.115,16,0.45,22,0.335
GB3,2017,1020,Portsmouth FC,0.11,19,,28,-0.11
GB3,2017,1194,Rotherham United,0.085,27,1.8,30,1.72
GB3,2017,1181,Blackpool FC,0.038,26,0.84,29,0.802
GB3,2017,358,Charlton Athletic,,21,0.45,20,0.45
GB3,2017,899,Walsall FC,,25,0.2,24,0.2
GB3,2017,991,Milton Keynes Dons,,24,0.74,24,0.74
GB3,2017,2262,Plymouth Argyle,,28,,26,0.0
GB3,2017,2413,Bury FC,,37,0.565,38,0.565
GB3,2017,2454,Doncaster Rovers,,31,,25,0.0
GB3,2017,2793,Southend United,,22,0.79,15,0.79
GB3,2017,2814,Gillingham FC,,33,0.85,29,0.85
GB3,2017,3054,Shrewsbury Town,,37,,35,0.0
GB3,2017,3884,AFC Wimbledon,,19,0.17,21,0.17
GB3,2018,289,Sunderland AFC,4.3,30,26.09,26,21.79
GB3,2018,349,Barnsley FC,1.51,17,3.45,21,1.94
GB3,2018,1072,Peterborough United,1.5,40,4.65,45,3.15
GB3,2018,990,Coventry City,0.55,33,1.35,34,0.8
GB3,2018,1020,Portsmouth FC,0.405,21,0.55,18,0.145
GB3,2018,988,Oxford United,0.115,29,,33,-0.115
GB3,2018,3884,AFC Wimbledon,0.035,22,,27,-0.035
GB3,2018,358,Charlton Athletic,,18,4.78,18,4.78
GB3,2018,899,Walsall FC,,36,,33,0.0
GB3,2018,1027,Bradford City,,39,0.675,39,0.675
GB3,2018,1031,Luton Town,,21,,23,0.0
GB3,2018,1088,Rochdale AFC,,24,0.165,26,0.165
GB3,2018,1181,Blackpool FC,,40,,39,0.0
GB3,2018,2262,Plymouth Argyle,,26,,23,0.0
GB3,2018,2454,Doncaster Rovers,,32,,36,0.0
GB3,2018,2455,Bristol Rovers,,28,0.84,26,0.84
GB3,2018,2793,Southend United,,19,,21,0.0
GB3,2018,2805,Wycombe Wanderers,,17,,16,0.0
GB3,2018,2814,Gillingham FC,,24,,28,0.0
GB3,2018,2963,Burton Albion,,23,,27,0.0
GB3,2018,2964,Scunthorpe United,,30,1.62,25,1.62
GB3,2018,3054,Shrewsbury Town,,47,0.13,42,0.13
GB3,2018,3688,Accrington Stanley,,33,1.8,30,1.8
GB3,2018,11177,Fleetwood Town,,32,,36,0.0
GB3,2019,1020,Portsmouth FC,2.15,17,6.6,11,4.45
GB3,2019,1072,Peterborough United,1.87,25,0.815,20,-1.06
GB3,2019,990,Coventry City,0.815,26,6.35,27,5.54
GB3,2019,677,Ipswich Town,0.7,21,0.45,22,-0.25
GB3,2019,1194,Rotherham United,0.68,26,4.0,30,3.32
GB3,2019,11177,Fleetwood Town,0.15,26,,23,-0.15
GB3,2019,289,Sunderland AFC,,16,1.94,22,1.94
GB3,2019,355,Bolton Wanderers,,34,,35,0.0
GB3,2019,988,Oxford United,,21,5.2,22,5.2
GB3,2019,991,Milton Keynes Dons,,23,,24,0.0
GB3,2019,1074,Tranmere Rovers,,27,,23,0.0
GB3,2019,1088,Rochdale AFC,,24,1.44,20,1.44
GB3,2019,1181,Blackpool FC,,41,,41,0.0
GB3,2019,1198,Lincoln City,,26,,24,0.0
GB3,2019,2454,Doncaster Rovers,,38,1.7,41,1.7
GB3,2019,2455,Bristol Rovers,,24,,23,0.0
GB3,2019,2793,Southend United,,22,,26,0.0
GB3,2019,2805,Wycombe Wanderers,,16,,13,0.0
GB3,2019,2814,Gillingham FC,,23,,30,0.0
GB3,2019,2963,Burton Albion,,19,0.195,20,0.195
GB3,2019,3054,Shrewsbury Town,,26,,34,0.0
GB3,2019,3688,Accrington Stanley,,29,,26,0.0
GB3,2019,3884,AFC Wimbledon,,33,0.225,30,0.225
FR2,2006,2580,FC Istres Ouest Provence,1.5,23,,22,-1.5
FR2,2006,667,RC Strasbourg Alsace,1.2,19,19.09,23,17.89
FR2,2006,347,FC Metz,1.1,23,1.68,23,0.575
FR2,2006,1290,Grenoble Foot 38,1.1,10,,10,-1.1
FR2,2006,855,EA Guingamp,0.75,13,,16,-0.75
FR2,2006,1161,Chamois Niortais FC,0.35,12,,10,-0.35
FR2,2006,595,SC Bastia,0.25,8,1.85,14,1.6
FR2,2006,3911,Stade Brestois 29,0.25,13,,15,-0.25
FR2,2006,1175,LB Châteauroux,0.2,15,1.5,25,1.3
FR2,2006,738,Le Havre AC,,7,1.35,9,1.35
FR2,2006,969,Montpellier HSC,,10,,9,0.0
FR2,2006,1147,AC Ajaccio,,15,,19,0.0
FR2,2006,1162,SM Caen,,6,3.5,11,3.5
FR2,2006,1397,FC Gueugnon,,14,0.915,16,0.915
FR2,2006,1416,Amiens SC,,15,1.3,14,1.3
FR2,2006,1421,Stade Reims,,15,0.35,16,0.35
FR2,2006,2067,US Créteil-Lusitanos,,25,0.375,21,0.375
FR2,2006,2968,FC Libourne-Saint-Seurin,,14,0.8,9,0.8
FR2,2006,2969,Dijon FCO,,13,0.35,12,0.35
FR2,2006,3161,Tours FC,,13,0.2,9,0.2
FR2,2007,995,FC Nantes,4.9,26,14.7,25,9.8
FR2,2007,738,Le Havre AC,3.1,22,6.9,18,3.8
FR2,2007,1095,ESTAC Troyes,1.1,15,6.9,16,5.8
FR2,2007,1290,Grenoble Foot 38,1.0,16,0.65,19,-0.35
FR2,2007,855,EA Guingamp,0.65,12,0.825,16,0.175
FR2,2007,1081,CS Sedan-Ardennes,0.6,17,5.0,19,4.4
FR2,2007,2969,Dijon FCO,0.4,15,,15,-0.4
FR2,2007,1416,Amiens SC,0.25,13,0.1,13,-0.15
FR2,2007,1147,AC Ajaccio,0.15,17,2.7,16,2.55
FR2,2007,595,SC Bastia,,9,,10,0.0
FR2,2007,969,Montpellier HSC,,11,0.3,15,0.3
FR2,2007,1161,Chamois Niortais FC,,10,,14,0.0
FR2,2007,1175,LB Châteauroux,,16,0.6,17,0.6
FR2,2007,1397,FC Gueugnon,,21,0.1,20,0.1
FR2,2007,1420,Angers SCO,,15,,18,0.0
FR2,2007,1421,Stade Reims,,13,,19,0.0
FR2,2007,2968,FC Libourne-Saint-Seurin,,18,1.4,17,1.4
FR2,2007,3524,Clermont Foot Auvergne 63,,12,,16,0.0
FR2,2007,3911,Stade Brestois 29,,19,0.35,15,0.35
FR2,2007,7042,US Boulogne,,17,,12,0.0
FR2,2008,826,RC Lens,5.3,15,21.0,19,15.7
FR2,2008,969,Montpellier HSC,1.0,13,,8,-1.0
FR2,2008,2969,Dijon FCO,1.0,12,,13,-1.0
FR2,2008,1421,Stade Reims,0.715,20,1.6,16,0.885
FR2,2008,855,EA Guingamp,0.51,9,,13,-0.51
FR2,2008,667,RC Strasbourg Alsace,0.47,28,10.1,27,9.63
FR2,2008,595,SC Bastia,0.15,15,2.25,10,2.1
FR2,2008,3161,Tours FC,0.15,14,,12,-0.15
FR2,2008,1095,ESTAC Troyes,0.1,11,0.3,11,0.2
FR2,2008,1175,LB Châteauroux,0.1,21,,19,-0.1
FR2,2008,3911,Stade Brestois 29,0.1,9,,11,-0.1
FR2,2008,7042,US Boulogne,0.08,12,,14,-0.08
FR2,2008,347,FC Metz,,20,9.65,21,9.65
FR2,2008,1081,CS Sedan-Ardennes,,18,,18,0.0
FR2,2008,1147,AC Ajaccio,,21,,20,0.0
FR2,2008,1160,Nîmes Olympique,,16,,15,0.0
FR2,2008,1377,Vannes OC,,20,,9,0.0
FR2,2008,1416,Amiens SC,,12,,14,0.0
FR2,2008,1420,Angers SCO,,13,4.85,12,4.85
FR2,2008,3524,Clermont Foot Auvergne 63,,18,0.7,15,0.7
FR2,2009,855,EA Guingamp,4.45,14,3.0,11,-1.45
FR2,2009,738,Le Havre AC,0.6,17,0.475,14,-0.125
FR2,2009,995,FC Nantes,0.5,25,2.0,16,1.5
FR2,2009,1160,Nîmes Olympique,0.3,18,,18,-0.3
FR2,2009,3911,Stade Brestois 29,0.3,11,0.25,11,-0.05
FR2,2009,667,RC Strasbourg Alsace,0.25,19,0.5,18,0.25
FR2,2009,347,FC Metz,,19,3.0,24,3.0
FR2,2009,595,SC Bastia,,15,0.2,16,0.2
FR2,2009,1080,Stade Lavallois,,13,,14,0.0
FR2,2009,1081,CS Sedan-Ardennes,,10,,8,0.0
FR2,2009,1147,AC Ajaccio,,10,0.2,15,0.2
FR2,2009,1162,SM Caen,,9,5.55,9,5.55
FR2,2009,1175,LB Châteauroux,,18,3.5,21,3.5
FR2,2009,1377,Vannes OC,,13,,18,0.0
FR2,2009,1420,Angers SCO,,12,,12,0.0
FR2,2009,2580,FC Istres Ouest Provence,,20,,16,0.0
FR2,2009,2969,Dijon FCO,,18,1.2,15,1.2
FR2,2009,3161,Tours FC,,16,2.5,18,2.5
FR2,2009,3524,Clermont Foot Auvergne 63,,12,,15,0.0
FR2,2009,11300,AC Arles-Avignon,,23,0.15,19,0.15
FR2,2010,3161,Tours FC,1.45,15,2.0,18,0.55
FR2,2010,1290,Grenoble Foot 38,1.0,16,2.2,18,1.2
FR2,2010,14171,FC Évian Thonon Gaillard,0.75,11,,14,-0.75
FR2,2010,738,Le Havre AC,0.3,10,2.5,21,2.2
FR2,2010,1080,Stade Lavallois,0.3,15,1.2,12,0.9
FR2,2010,1160,Nîmes Olympique,0.2,17,2.3,21,2.1
FR2,2010,1081,CS Sedan-Ardennes,0.1,9,1.0,14,0.9
FR2,2010,1377,Vannes OC,0.05,10,0.8,11,0.75
FR2,2010,347,FC Metz,,19,,16,0.0
FR2,2010,995,FC Nantes,,22,3.75,27,3.75
FR2,2010,1095,ESTAC Troyes,,11,,9,0.0
FR2,2010,1147,AC Ajaccio,,14,,15,0.0
FR2,2010,1164,Le Mans FC,,15,7.0,23,7.0
FR2,2010,1175,LB Châteauroux,,14,1.25,16,1.25
FR2,2010,1420,Angers SCO,,16,2.5,17,2.5
FR2,2010,1421,Stade Reims,,11,,14,0.0
FR2,2010,2580,FC Istres Ouest Provence,,12,,15,0.0
FR2,2010,2969,Dijon FCO,,15,,18,0.0
FR2,2010,3524,Clermont Foot Auvergne 63,,15,,17,0.0
FR2,2010,7042,US Boulogne,,13,3.7,21,3.7
FR2,2011,162,AS Monaco,20.0,37,23.0,32,3.0
FR2,2011,1081,CS Sedan-Ardennes,0.9,13,3.1,15,2.2
FR2,2011,826,RC Lens,0.5,20,21.29,21,20.79
FR2,2011,11300,AC Arles-Avignon,0.2,22,0.2,18,0.0
FR2,2011,347,FC Metz,,18,0.5,22,0.5
FR2,2011,595,SC Bastia,,9,0.865,8,0.865
FR2,2011,738,Le Havre AC,,13,3.8,11,3.8
FR2,2011,855,EA Guingamp,,15,2.1,15,2.1
FR2,2011,995,FC Nantes,,23,4.1,26,4.1
FR2,2011,1080,Stade Lavallois,,13,,17,0.0
FR2,2011,1095,ESTAC Troyes,,15,2.2,12,2.2
FR2,2011,1164,Le Mans FC,,20,5.5,16,5.5
FR2,2011,1175,LB Châteauroux,,20,1.25,21,1.25
FR2,2011,1416,Amiens SC,,13,,12,0.0
FR2,2011,1420,Angers SCO,,11,,9,0.0
FR2,2011,1421,Stade Reims,,16,,9,0.0
FR2,2011,2580,FC Istres Ouest Provence,,8,1.5,14,1.5
FR2,2011,3161,Tours FC,,7,1.5,8,1.5
FR2,2011,3524,Clermont Foot Auvergne 63,,15,,12,0.0
FR2,2011,7042,US Boulogne,,16,1.8,15,1.8
FR2,2012,162,AS Monaco,24.65,24,3.5,28,-21.15
FR2,2012,1162,SM Caen,0.8,14,12.6,12,11.8
FR2,2012,1175,LB Châteauroux,0.75,21,0.8,19,0.05
FR2,2012,826,RC Lens,0.4,16,4.5,16,4.1
FR2,2012,738,Le Havre AC,0.25,9,3.4,13,3.15
FR2,2012,3161,Tours FC,0.25,11,0.85,9,0.6
FR2,2012,11300,AC Arles-Avignon,0.1,19,,20,-0.1
FR2,2012,290,AJ Auxerre,,17,13.0,19,13.0
FR2,2012,855,EA Guingamp,,13,0.9,12,0.9
FR2,2012,995,FC Nantes,,15,,18,0.0
FR2,2012,1080,Stade Lavallois,,13,1.0,13,1.0
FR2,2012,1081,CS Sedan-Ardennes,,16,1.6,13,1.6
FR2,2012,1160,Nîmes Olympique,,8,,10,0.0
FR2,2012,1161,Chamois Niortais FC,,15,,10,0.0
FR2,2012,1164,Le Mans FC,,12,0.7,13,0.7
FR2,2012,1420,Angers SCO,,12,1.5,12,1.5
FR2,2012,2580,FC Istres Ouest Provence,,22,1.25,14,1.25
FR2,2012,2969,Dijon FCO,,14,4.7,17,4.7
FR2,2012,3524,Clermont Foot Auvergne 63,,8,4.9,12,4.9
FR2,2012,3558,GFC Ajaccio,,15,,13,0.0
FR2,2013,826,RC Lens,1.5,15,1.75,12,0.25
FR2,2013,1095,ESTAC Troyes,0.5,19,4.32,14,3.82
FR2,2013,1160,Nîmes Olympique,0.15,10,1.5,12,1.35
FR2,2013,290,AJ Auxerre,,16,6.0,18,6.0
FR2,2013,347,FC Metz,,15,,14,0.0
FR2,2013,738,Le Havre AC,,15,6.15,12,6.15
FR2,2013,1080,Stade Lavallois,,16,,15,0.0
FR2,2013,1159,AS Nancy-Lorraine,,11,2.75,12,2.75
FR2,2013,1161,Chamois Niortais FC,,8,,14,0.0
FR2,2013,1162,SM Caen,,11,2.5,16,2.5
FR2,2013,1175,LB Châteauroux,,20,,21,0.0
FR2,2013,1420,Angers SCO,,14,,15,0.0
FR2,2013,2067,US Créteil-Lusitanos,,10,,8,0.0
FR2,2013,2580,FC Istres Ouest Provence,,20,0.81,22,0.81
FR2,2013,2969,Dijon FCO,,13,2.62,10,2.62
FR2,2013,3161,Tours FC,,11,,13,0.0
FR2,2013,3524,Clermont Foot 63,,12,0.5,14,0.5
FR2,2013,3911,Stade Brestois 29,,8,1.3,13,1.3
FR2,2013,11300,AC Arles-Avignon,,14,,17,0.0
FR2,2013,28559,CA Bastia (- 2017),,16,,7,0.0
FR2,2014,750,FC Sochaux-Montbéliard,0.4,22,8.55,30,8.15
FR2,2014,2067,US Créteil-Lusitanos,0.2,12,,11,-0.2
FR2,2014,3911,Stade Brestois 29,0.2,16,0.8,14,0.6
FR2,2014,290,AJ Auxerre,0.15,17,,20,-0.15
FR2,2014,1423,Valenciennes FC,0.1,17,2.0,19,1.9
FR2,2014,738,Le Havre AC,,11,,15,0.0
FR2,2014,1080,Stade Lavallois,,12,,14,0.0
FR2,2014,1095,ESTAC Troyes,,11,0.4,14,0.4
FR2,2014,1147,AC Ajaccio,,19,0.5,17,0.5
FR2,2014,1159,AS Nancy-Lorraine,,16,10.4,13,10.4
FR2,2014,1160,Nîmes Olympique,,15,,17,0.0
FR2,2014,1161,Chamois Niortais FC,,13,0.5,14,0.5
FR2,2014,1175,LB Châteauroux,,19,,19,0.0
FR2,2014,1420,Angers SCO,,15,3.0,16,3.0
FR2,2014,2969,Dijon FCO,,10,2.6,14,2.6
FR2,2014,3161,Tours FC,,16,4.25,14,4.25
FR2,2014,3524,Clermont Foot 63,,12,0.3,9,0.3
FR2,2014,3558,GFC Ajaccio,,8,,9,0.0
FR2,2014,10868,US Orléans,,11,,6,0.0
FR2,2014,11300,AC Arles-Avignon,,32,,27,0.0
GB1,1990,11,Arsenal FC,4.6,16,3.95,13,-0.65
GB1,1990,631,Chelsea FC,4.32,7,0.51,6,-3.81
GB1,1990,31,Liverpool FC,3.77,11,0.32,8,-3.45
GB1,1990,399,Leeds United,3.47,9,1.73,10,-1.74
GB1,1990,29,Everton FC,3.13,6,0.745,7,-2.39
GB1,1990,990,Coventry City,2.93,10,1.76,11,-1.17
GB1,1990,873,Crystal Palace,2.8,9,0.561,8,-2.24
GB1,1990,405,Aston Villa,2.24,11,,6,-2.24
GB1,1990,281,Manchester City,2.05,13,1.33,11,-0.72
GB1,1990,762,Newcastle United,1.94,15,0.275,6,-1.66
GB1,1990,985,Manchester United,1.18,17,0.236,11,-0.944
GB1,1990,289,Sunderland AFC,0.703,7,,4,-0.703
GB1,1990,931,Fulham FC,0.529,18,0.134,15,-0.395
GB1,1990,1237,Brighton & Hove Albion,0.24,11,0.344,9,0.104
GB1,1990,677,Ipswich Town,0.225,8,0.155,11,-0.07
GB1,1990,989,AFC Bournemouth,0.17,10,0.58,7,0.41
GB1,1990,148,Tottenham Hotspur,0.075,10,1.16,14,1.08
GB1,1990,3008,Hull City,0.035,13,0.746,14,0.711
GB1,1990,703,Nottingham Forest,,5,0.676,6,0.676
GB1,1990,1148,Brentford FC,,8,0.1,8,0.1
GB1,1992,164,Blackburn Rovers,11.63,18,4.59,24,-7.04
GB1,1992,148,Tottenham Hotspur,7.69,20,10.6,15,2.91
GB1,1992,631,Chelsea FC,6.92,20,5.43,15,-1.49
GB1,1992,399,Leeds United,5.81,14,2.98,8,-2.83
GB1,1992,405,Aston Villa,4.93,11,1.1,10,-3.83
GB1,1992,281,Manchester City,4.85,11,1.85,10,-3.0
GB1,1992,11,Arsenal FC,4.6,4,3.87,4,-0.73
GB1,1992,31,Liverpool FC,4.43,8,5.2,8,0.765
GB1,1992,985,Manchester United,3.53,17,2.13,11,-1.39
GB1,1992,1035,Sheffield Wednesday,3.5,5,0.14,6,-3.36
GB1,1992,180,Southampton FC,3.29,14,6.94,14,3.65
GB1,1992,641,Middlesbrough FC,3.18,12,2.0,9,-1.18
GB1,1992,990,Coventry City,3.09,17,3.29,14,0.204
GB1,1992,1078,Oldham Athletic,2.78,11,1.24,5,-1.54
GB1,1992,114309,Wimbledon FC (- 2004),2.41,9,3.87,8,1.46
GB1,1992,29,Everton FC,2.02,14,3.45,9,1.44
GB1,1992,873,Crystal Palace,1.87,11,2.23,8,0.36
GB1,1992,703,Nottingham Forest,1.4,7,4.85,5,3.46
GB1,1992,677,Ipswich Town,1.33,8,0.47,6,-0.864
GB1,1992,1123,Norwich City,1.0,10,3.94,10,2.94
GB1,1992,350,Sheffield United,0.39,11,0.227,11,-0.164
GB1,1992,1039,Queens Park Rangers,0.126,6,0.446,5,0.32
GB2,1990,350,Sheffield United,2.72,16,0.103,13,-2.61
GB2,1990,1123,Norwich City,2.55,10,4.87,7,2.32
GB2,1990,180,Southampton FC,2.41,8,,5,-2.41
GB2,1990,1039,Queens Park Rangers,2.14,12,1.62,6,-0.522
GB2,1990,164,Blackburn Rovers,1.64,12,0.035,8,-1.61
GB2,1990,379,West Ham United,1.62,8,,9,-1.62
GB2,1990,543,Wolverhampton Wanderers,1.34,13,,12,-1.34
GB2,1990,641,Middlesbrough FC,1.15,9,1.03,9,-0.118
GB2,1990,1028,Millwall FC,1.07,11,1.3,13,0.235
GB2,1990,1010,Watford FC,0.794,8,3.08,9,2.28
GB2,1990,1020,Portsmouth FC,0.673,5,0.328,6,-0.345
GB2,1990,358,Charlton Athletic,0.353,14,2.53,15,2.18
GB2,1990,984,West Bromwich Albion,0.336,7,0.617,8,0.281
GB2,1990,698,Bristol City,0.265,7,0.177,9,-0.088
GB2,1990,337,Birmingham City,0.205,9,0.5,6,0.295
GB2,1990,2288,Swansea City,0.176,9,0.3,8,0.124
GB2,1990,466,Preston North End,0.167,11,0.265,6,0.098
GB2,1990,355,Bolton Wanderers,0.125,6,,4,-0.125
GB2,1990,1198,Lincoln City,0.059,7,,6,-0.059
GB2,1990,22,Derby County,,3,1.42,4,1.42
GB2,1990,512,Stoke City,,11,,8,0.0
GB2,1990,603,Cardiff City,,9,0.131,11,0.131
GB2,1990,1112,Wrexham AFC,,6,,9,0.0
GB2,1990,1132,Burnley FC,,7,0.041,7,0.041
GB1,1987,31,Liverpool FC,4.0,4,0.938,9,-3.06
GB1,1987,985,Manchester United,3.7,7,,9,-3.7
GB1,1987,762,Newcastle United,2.52,10,2.83,9,0.306
GB1,1987,11,Arsenal FC,2.27,8,1.1,7,-1.17
GB1,1987,29,Everton FC,1.76,10,0.811,10,-0.944
GB1,1987,148,Tottenham Hotspur,1.56,14,4.71,13,3.14
GB1,1987,631,Chelsea FC,1.31,9,0.98,11,-0.328
GB1,1987,990,Coventry City,1.28,5,,3,-1.28
GB1,1987,703,Nottingham Forest,0.894,17,0.573,15,-0.321
GB1,1987,405,Aston Villa,0.842,14,1.94,14,1.1
GB1,1987,399,Leeds United,0.788,10,0.443,13,-0.345
GB1,1987,873,Crystal Palace,0.497,10,0.188,5,-0.309
GB1,1987,677,Ipswich Town,0.398,11,0.973,15,0.575
GB1,1987,931,Fulham FC,0.281,9,0.971,7,0.69
GB1,1987,289,Sunderland AFC,0.227,9,0.343,7,0.116
GB1,1987,281,Manchester City,0.209,9,0.428,17,0.219
GB1,1987,1237,Brighton & Hove Albion,0.149,9,0.352,9,0.203
GB1,1987,989,AFC Bournemouth,0.1,10,0.022,8,-0.078
GB1,1987,3008,Hull City,0.076,6,0.39,4,0.314
GB1,1987,1148,Brentford FC,0.02,12,0.041,10,0.021
GB1,1988,148,Tottenham Hotspur,7.47,14,2.35,16,-5.12
GB1,1988,29,Everton FC,5.5,7,3.3,11,-2.2
GB1,1988,31,Liverpool FC,5.03,6,1.01,4,-4.02
GB1,1988,762,Newcastle United,4.78,16,9.89,19,5.1
GB1,1988,985,Manchester United,2.97,9,2.61,11,-0.358
GB1,1988,631,Chelsea FC,2.04,7,2.07,9,0.025
GB1,1988,281,Manchester City,1.87,10,2.39,7,0.52
GB1,1988,405,Aston Villa,1.84,9,1.49,12,-0.345
GB1,1988,703,Nottingham Forest,1.38,10,0.6,10,-0.775
GB1,1988,873,Crystal Palace,0.844,11,0.247,8,-0.597
GB1,1988,677,Ipswich Town,0.75,8,0.509,5,-0.241
GB1,1988,399,Leeds United,0.715,12,0.798,7,0.083
GB1,1988,11,Arsenal FC,0.595,9,0.35,7,-0.245
GB1,1988,3008,Hull City,0.283,11,0.418,6,0.135
GB1,1988,989,AFC Bournemouth,0.215,8,,6,-0.215
GB1,1988,931,Fulham FC,0.158,8,0.336,8,0.179
GB1,1988,1237,Brighton & Hove Albion,0.145,5,,6,-0.145
GB1,1988,289,Sunderland AFC,,9,0.023,12,0.023
GB1,1988,990,Coventry City,,4,0.145,4,0.145
GB1,1988,1148,Brentford FC,,10,0.695,8,0.695
GB1,1989,985,Manchester United,8.99,12,1.26,7,-7.74
GB1,1989,281,Manchester City,6.0,14,2.38,14,-3.62
GB1,1989,29,Everton FC,4.65,11,3.01,9,-1.64
GB1,1989,405,Aston Villa,3.97,8,3.2,6,-0.771
GB1,1989,399,Leeds United,3.97,16,1.97,16,-2.0
GB1,1989,148,Tottenham Hotspur,3.81,17,6.38,15,2.57
GB1,1989,873,Crystal Palace,3.4,11,0.29,10,-3.11
GB1,1989,703,Nottingham Forest,3.09,19,3.92,15,0.834
GB1,1989,762,Newcastle United,1.38,11,2.62,14,1.24
GB1,1989,11,Arsenal FC,1.28,7,1.1,6,-0.18
GB1,1989,631,Chelsea FC,1.09,9,0.998,7,-0.087
GB1,1989,31,Liverpool FC,0.82,5,1.15,5,0.33
GB1,1989,990,Coventry City,0.665,11,1.69,8,1.03
GB1,1989,677,Ipswich Town,0.645,10,0.73,5,0.085
GB1,1989,989,AFC Bournemouth,0.499,8,0.499,8,0.0
GB1,1989,931,Fulham FC,0.275,13,0.13,15,-0.146
GB1,1989,1148,Brentford FC,0.175,12,,11,-0.175
GB1,1989,289,Sunderland AFC,0.156,8,,11,-0.156
GB1,1989,3008,Hull City,0.069,7,0.047,8,-0.022
GB1,1989,1237,Brighton & Hove Albion,,6,,5,0.0
GB1,1991,31,Liverpool FC,12.98,9,8.1,9,-4.88
GB1,1991,405,Aston Villa,10.09,22,14.32,19,4.23
GB1,1991,399,Leeds United,7.82,24,0.379,22,-7.45
GB1,1991,29,Everton FC,7.82,16,5.76,16,-2.06
GB1,1991,703,Nottingham Forest,5.55,14,5.11,13,-0.444
GB1,1991,11,Arsenal FC,5.33,15,3.87,14,-1.46
GB1,1991,148,Tottenham Hotspur,4.54,21,1.47,18,-3.08
GB1,1991,873,Crystal Palace,4.35,16,7.14,17,2.79
GB1,1991,631,Chelsea FC,4.27,14,6.96,17,2.7
GB1,1991,985,Manchester United,3.75,9,0.058,15,-3.69
GB1,1991,281,Manchester City,3.06,11,3.55,12,0.495
GB1,1991,289,Sunderland AFC,1.95,7,2.76,6,0.806
GB1,1991,762,Newcastle United,0.964,12,0.35,15,-0.614
GB1,1991,990,Coventry City,0.682,12,0.644,12,-0.038
GB1,1991,677,Ipswich Town,0.375,6,1.05,9,0.67
GB1,1991,989,AFC Bournemouth,0.286,11,0.605,10,0.32
GB1,1991,3008,Hull City,0.16,5,1.25,8,1.09
GB1,1991,1148,Brentford FC,0.143,10,,12,-0.143
GB1,1991,931,Fulham FC,0.14,8,0.258,13,0.118
GB1,1991,1237,Brighton & Hove Albion,,8,0.996,10,0.996
GB1,1993,164,Blackburn Rovers,13.2,9,0.725,8,-12.48
GB1,1993,762,Newcastle United,11.35,16,5.53,15,-5.82
GB1,1993,281,Manchester City,9.89,15,3.68,10,-6.22
GB1,1993,31,Liverpool FC,8.0,10,1.02,12,-6.99
GB1,1993,399,Leeds United,7.78,7,8.45,10,0.675
GB1,1993,1035,Sheffield Wednesday,7.39,9,5.49,8,-1.9
GB1,1993,148,Tottenham Hotspur,6.76,14,6.32,16,-0.44
GB1,1993,631,Chelsea FC,5.08,14,5.77,12,0.696
GB1,1993,405,Aston Villa,5.05,14,1.14,12,-3.91
GB1,1993,29,Everton FC,4.63,12,4.55,9,-0.075
GB1,1993,985,Manchester United,4.4,7,0.968,10,-3.43
GB1,1993,180,Southampton FC,3.13,12,3.87,12,0.74
GB1,1993,677,Ipswich Town,2.9,6,2.92,5,0.015
GB1,1993,350,Sheffield United,2.69,16,4.94,13,2.25
GB1,1993,379,West Ham United,2.42,21,3.34,20,0.913
GB1,1993,352,Swindon Town,2.01,13,2.32,12,0.314
GB1,1993,990,Coventry City,1.5,16,0.625,17,-0.87
GB1,1993,1039,Queens Park Rangers,1.42,9,8.4,10,6.98
GB1,1993,1078,Oldham Athletic,1.3,9,1.48,10,0.173
GB1,1993,11,Arsenal FC,1.1,11,2.35,14,1.25
GB1,1993,1123,Norwich City,1.08,9,3.2,10,2.13
GB1,1993,114309,Wimbledon FC (- 2004),0.585,6,0.352,9,-0.233
GB1,1994,29,Everton FC,15.5,17,2.72,18,-12.79
GB1,1994,31,Liverpool FC,12.27,12,3.75,14,-8.52
GB1,1994,985,Manchester United,11.82,13,5.08,12,-6.74
GB1,1994,11,Arsenal FC,11.27,14,0.75,9,-10.52
GB1,1994,164,Blackburn Rovers,10.15,13,4.37,11,-5.78
GB1,1994,148,Tottenham Hotspur,9.35,17,5.11,22,-4.25
GB1,1994,1035,Sheffield Wednesday,9.31,8,9.32,10,0.011
GB1,1994,405,Aston Villa,8.22,12,10.73,14,2.52
GB1,1994,990,Coventry City,8.03,22,6.76,15,-1.27
GB1,1994,379,West Ham United,6.67,19,2.38,17,-4.29
GB1,1994,631,Chelsea FC,6.5,14,2.0,14,-4.5
GB1,1994,762,Newcastle United,6.28,9,11.75,11,5.47
GB1,1994,399,Leeds United,6.05,16,2.0,16,-4.05
GB1,1994,1123,Norwich City,5.24,17,11.01,11,5.77
GB1,1994,677,Ipswich Town,4.29,16,3.01,9,-1.28
GB1,1994,1003,Leicester City,3.75,12,1.06,12,-2.69
GB1,1994,114309,Wimbledon FC (- 2004),3.65,14,4.1,9,0.45
GB1,1994,180,Southampton FC,3.54,8,3.3,13,-0.236
GB1,1994,873,Crystal Palace,2.77,14,0.93,16,-1.84
GB1,1994,703,Nottingham Forest,2.55,10,0.24,10,-2.31
GB1,1994,281,Manchester City,2.54,13,3.28,11,0.739
GB1,1994,1039,Queens Park Rangers,0.65,11,0.139,9,-0.511
GB1,1995,762,Newcastle United,32.89,10,9.19,11,-23.7
GB1,1995,164,Blackburn Rovers,19.78,18,8.06,12,-11.72
GB1,1995,31,Liverpool FC,19.6,10,1.7,9,-17.9
GB1,1995,11,Arsenal FC,18.75,10,6.3,10,-12.45
GB1,1995,990,Coventry City,16.3,23,3.37,25,-12.93
GB1,1995,405,Aston Villa,15.95,11,8.54,15,-7.41
GB1,1995,641,Middlesbrough FC,13.9,11,0.375,11,-13.53
GB1,1995,148,Tottenham Hotspur,13.37,21,14.4,17,1.03
GB1,1995,1035,Sheffield Wednesday,13.2,20,11.49,16,-1.71
GB1,1995,29,Everton FC,12.33,19,0.98,14,-11.35
GB1,1995,281,Manchester City,12.18,19,8.79,23,-3.39
GB1,1995,399,Leeds United,10.5,17,4.6,13,-5.9
GB1,1995,355,Bolton Wanderers,10.49,16,8.38,8,-2.11
GB1,1995,703,Nottingham Forest,10.47,17,14.67,14,4.2
GB1,1995,379,West Ham United,7.26,29,5.82,28,-1.44
GB1,1995,631,Chelsea FC,6.5,18,4.0,17,-2.5
GB1,1995,1039,Queens Park Rangers,5.5,14,12.24,16,6.73
GB1,1995,180,Southampton FC,2.24,7,0.153,5,-2.09
GB1,1995,114309,Wimbledon FC (- 2004),0.895,18,4.53,14,3.64
GB1,1995,985,Manchester United,0.575,14,20.73,18,20.16
GB1,1996,762,Newcastle United,18.0,10,8.96,12,-9.04
GB1,1996,29,Everton FC,17.6,14,14.2,19,-3.41
GB1,1996,399,Leeds United,16.83,12,10.27,14,-6.56
GB1,1996,985,Manchester United,16.53,17,7.48,14,-9.05
GB1,1996,641,Middlesbrough FC,16.28,19,10.8,19,-5.48
GB1,1996,631,Chelsea FC,16.25,14,9.24,16,-7.01
GB1,1996,379,West Ham United,14.55,25,2.61,26,-11.93
GB1,1996,1035,Sheffield Wednesday,14.16,16,8.31,15,-5.86
GB1,1996,148,Tottenham Hotspur,13.25,17,7.04,17,-6.21
GB1,1996,990,Coventry City,12.7,15,1.98,11,-10.72
GB1,1996,703,Nottingham Forest,10.29,22,0.705,18,-9.58
GB1,1996,31,Liverpool FC,8.75,11,3.0,9,-5.75
GB1,1996,1003,Leicester City,8.5,13,1.7,11,-6.79
GB1,1996,405,Aston Villa,7.9,7,4.76,8,-3.15
GB1,1996,289,Sunderland AFC,7.43,15,0.2,9,-7.23
GB1,1996,11,Arsenal FC,6.11,11,7.68,17,1.57
GB1,1996,180,Southampton FC,4.04,18,5.34,18,1.3
GB1,1996,164,Blackburn Rovers,3.8,6,19.2,7,15.4
GB1,1996,22,Derby County,3.32,24,0.591,27,-2.73
GB1,1996,114309,Wimbledon FC (- 2004),2.88,9,5.37,16,2.5
GB1,1997,762,Newcastle United,33.69,30,21.52,15,-12.17
GB1,1997,11,Arsenal FC,21.67,20,9.01,16,-12.66
GB1,1997,873,Crystal Palace,20.4,29,7.04,21,-13.36
GB1,1997,148,Tottenham Hotspur,17.7,13,0.48,16,-17.22
GB1,1997,31,Liverpool FC,16.05,12,13.22,11,-2.84
GB1,1997,631,Chelsea FC,15.35,15,4.15,14,-11.2
GB1,1997,355,Bolton Wanderers,14.71,22,3.06,20,-11.65
GB1,1997,399,Leeds United,13.61,16,6.48,18,-7.14
GB1,1997,379,West Ham United,12.35,20,2.0,16,-10.35
GB1,1997,405,Aston Villa,11.8,6,3.57,6,-8.23
GB1,1997,1035,Sheffield Wednesday,10.99,21,4.9,17,-6.09
GB1,1997,164,Blackburn Rovers,10.59,21,30.34,23,19.75
GB1,1997,180,Southampton FC,9.35,20,5.52,21,-3.84
GB1,1997,29,Everton FC,8.64,25,14.39,22,5.75
GB1,1997,985,Manchester United,8.25,21,4.83,19,-3.42
GB1,1997,114309,Wimbledon FC (- 2004),5.41,5,6.26,6,0.848
GB1,1997,990,Coventry City,5.4,15,5.28,22,-0.125
GB1,1997,349,Barnsley FC,4.98,12,0.19,10,-4.79
GB1,1997,22,Derby County,4.8,13,3.0,12,-1.81
GB1,1997,1003,Leicester City,4.25,16,2.58,17,-1.68
GB2,1987,22,Derby County,1.4,8,0.434,7,-0.964
GB2,1987,1039,Queens Park Rangers,1.36,13,0.508,12,-0.847
GB2,1987,1123,Norwich City,1.33,9,1.23,7,-0.097
GB2,1987,379,West Ham United,0.761,2,0.915,4,0.154
GB2,1987,1020,Portsmouth FC,0.736,11,0.266,14,-0.471
GB2,1987,1028,Millwall FC,0.693,8,0.046,2,-0.647
GB2,1987,1010,Watford FC,0.434,14,1.1,17,0.661
GB2,1987,641,Middlesbrough FC,0.373,5,0.059,3,-0.314
GB2,1987,180,Southampton FC,0.2,12,1.35,14,1.15
GB2,1987,350,Sheffield United,0.19,13,0.199,9,0.01
GB2,1987,984,West Bromwich Albion,0.184,9,0.024,10,-0.16
GB2,1987,466,Preston North End,0.133,9,0.225,10,0.093
GB2,1987,355,Bolton Wanderers,0.09,6,0.052,5,-0.038
GB2,1987,543,Wolverhampton Wanderers,0.087,6,0.043,4,-0.044
GB2,1987,698,Bristol City,0.065,9,0.035,9,-0.03
GB2,1987,164,Blackburn Rovers,0.03,7,0.023,5,-0.008
GB2,1987,337,Birmingham City,0.024,8,0.45,6,0.426
GB2,1987,2288,Swansea City,0.021,5,0.231,5,0.21
GB2,1987,1132,Burnley FC,0.015,9,,6,-0.015
GB2,1987,512,Stoke City,0.012,7,0.682,7,0.67
GB2,1987,1112,Wrexham AFC,0.012,10,0.09,6,0.078
GB2,1987,358,Charlton Athletic,,7,,7,0.0
GB2,1987,603,Cardiff City,,10,0.116,7,0.116
GB2,1987,1198,Lincoln City,,7,0.171,9,0.171
GB2,1988,1039,Queens Park Rangers,2.83,11,0.762,8,-2.07
GB2,1988,180,Southampton FC,2.75,9,0.552,6,-2.2
GB2,1988,1010,Watford FC,2.38,17,0.648,12,-1.73
GB2,1988,22,Derby County,2.36,13,0.134,9,-2.22
GB2,1988,379,West Ham United,2.06,5,3.5,3,1.44
GB2,1988,641,Middlesbrough FC,1.73,6,0.395,4,-1.33
GB2,1988,1028,Millwall FC,0.877,8,0.23,6,-0.647
GB2,1988,1123,Norwich City,0.851,7,0.296,11,-0.555
GB2,1988,1020,Portsmouth FC,0.744,9,1.1,9,0.356
GB2,1988,358,Charlton Athletic,0.5,6,0.063,10,-0.438
GB2,1988,512,Stoke City,0.437,9,0.877,7,0.44
GB2,1988,698,Bristol City,0.363,10,0.106,6,-0.257
GB2,1988,984,West Bromwich Albion,0.284,9,1.9,11,1.62
GB2,1988,350,Sheffield United,0.135,12,0.365,17,0.23
GB2,1988,164,Blackburn Rovers,0.1,8,0.71,6,0.61
GB2,1988,337,Birmingham City,0.089,4,0.6,6,0.511
GB2,1988,1198,Lincoln City,0.072,5,,4,-0.072
GB2,1988,466,Preston North End,0.04,7,0.22,4,0.18
GB2,1988,1132,Burnley FC,0.021,5,,1,-0.021
GB2,1988,355,Bolton Wanderers,0.02,7,,5,-0.02
GB2,1988,2288,Swansea City,0.012,10,0.063,5,0.051
GB2,1988,1112,Wrexham AFC,0.006,4,,4,-0.006
GB2,1988,543,Wolverhampton Wanderers,,5,,4,0.0
GB2,1988,603,Cardiff City,,6,,6,0.0
GB2,1989,379,West Ham United,2.89,10,4.08,9,1.19
GB2,1989,1039,Queens Park Rangers,2.07,7,2.91,13,0.846
GB2,1989,512,Stoke City,1.34,15,1.37,16,0.03
GB2,1989,641,Middlesbrough FC,1.25,5,2.6,4,1.35
GB2,1989,984,West Bromwich Albion,1.19,12,,7,-1.19
GB2,1989,358,Charlton Athletic,0.975,11,1.15,7,0.179
GB2,1989,1028,Millwall FC,0.93,9,2.32,11,1.39
GB2,1989,1123,Norwich City,0.71,11,1.69,8,0.98
GB2,1989,22,Derby County,0.675,3,1.2,5,0.523
GB2,1989,543,Wolverhampton Wanderers,0.59,4,0.1,5,-0.49
GB2,1989,1020,Portsmouth FC,0.5,10,0.956,6,0.456
GB2,1989,350,Sheffield United,0.423,13,0.06,10,-0.363
GB2,1989,337,Birmingham City,0.374,9,,6,-0.374
GB2,1989,698,Bristol City,0.299,12,,11,-0.299
GB2,1989,466,Preston North End,0.223,5,0.361,9,0.138
GB2,1989,355,Bolton Wanderers,0.221,4,0.018,4,-0.203
GB2,1989,603,Cardiff City,0.146,12,0.058,10,-0.088
GB2,1989,1132,Burnley FC,0.035,10,0.057,9,0.022
GB2,1989,1198,Lincoln City,0.029,12,0.004,9,-0.026
GB2,1989,164,Blackburn Rovers,,9,1.1,8,1.1
GB2,1989,180,Southampton FC,,5,1.64,7,1.64
GB2,1989,1010,Watford FC,,7,1.19,11,1.19
GB2,1989,1112,Wrexham AFC,,11,0.203,5,0.203
GB2,1989,2288,Swansea City,,7,0.133,7,0.133
GB2,1991,164,Blackburn Rovers,9.33,19,0.055,12,-9.28
GB2,1991,22,Derby County,8.47,14,8.19,13,-0.284
GB2,1991,180,Southampton FC,1.92,13,4.37,14,2.45
GB2,1991,698,Bristol City,1.91,14,0.54,12,-1.37
GB2,1991,641,Middlesbrough FC,1.75,16,2.63,15,0.876
GB2,1991,379,West Ham United,1.63,7,0.82,10,-0.813
GB2,1991,1039,Queens Park Rangers,1.62,8,4.3,9,2.68
GB2,1991,1028,Millwall FC,1.61,12,2.13,10,0.523
GB2,1991,350,Sheffield United,1.46,19,2.23,16,0.773
GB2,1991,1132,Burnley FC,0.806,8,,7,-0.806
GB2,1991,543,Wolverhampton Wanderers,0.68,10,0.1,5,-0.58
GB2,1991,1020,Portsmouth FC,0.6,6,0.3,6,-0.3
GB2,1991,1010,Watford FC,0.45,13,0.765,11,0.315
GB2,1991,984,West Bromwich Albion,0.4,11,1.23,11,0.833
GB2,1991,512,Stoke City,0.33,16,,14,-0.33
GB2,1991,355,Bolton Wanderers,0.219,9,0.22,7,0.001
GB2,1991,337,Birmingham City,0.21,13,0.329,16,0.119
GB2,1991,2288,Swansea City,0.125,11,0.369,11,0.244
GB2,1991,358,Charlton Athletic,0.056,10,0.525,8,0.469
GB2,1991,1112,Wrexham AFC,0.045,8,0.54,12,0.495
GB2,1991,466,Preston North End,,7,0.464,12,0.464
GB2,1991,603,Cardiff City,,12,,8,0.0
GB2,1991,1123,Norwich City,,4,2.1,6,2.1
GB2,1991,1198,Lincoln City,,6,0.29,6,0.29
GB2,1992,164,Blackburn Rovers,11.63,18,4.59,24,-7.04
GB2,1992,22,Derby County,6.29,7,0.959,3,-5.33
GB2,1992,180,Southampton FC,3.29,14,6.94,14,3.65
GB2,1992,641,Middlesbrough FC,3.18,12,2.0,9,-1.18
GB2,1992,1123,Norwich City,1.0,10,3.94,10,2.94
GB2,1992,337,Birmingham City,0.97,18,0.428,15,-0.541
GB2,1992,1020,Portsmouth FC,0.59,8,4.15,10,3.56
GB2,1992,1010,Watford FC,0.58,9,1.18,8,0.595
GB2,1992,543,Wolverhampton Wanderers,0.528,7,0.135,7,-0.393
GB2,1992,984,West Bromwich Albion,0.513,11,0.03,12,-0.483
GB2,1992,355,Bolton Wanderers,0.494,7,0.256,7,-0.238
GB2,1992,698,Bristol City,0.419,12,2.79,8,2.37
GB2,1992,350,Sheffield United,0.39,11,0.227,11,-0.164
GB2,1992,1028,Millwall FC,0.375,19,2.31,21,1.93
GB2,1992,512,Stoke City,0.304,10,0.469,16,0.165
GB2,1992,379,West Ham United,0.243,14,2.3,9,2.06
GB2,1992,603,Cardiff City,0.214,5,,5,-0.214
GB2,1992,466,Preston North End,0.169,11,0.433,14,0.264
GB2,1992,1132,Burnley FC,0.14,9,,7,-0.14
GB2,1992,1039,Queens Park Rangers,0.126,6,0.446,5,0.32
GB2,1992,358,Charlton Athletic,0.075,7,1.57,7,1.49
GB2,1992,1112,Wrexham AFC,0.05,11,0.018,7,-0.032
GB2,1992,1198,Lincoln City,,6,,6,0.0
GB2,1992,2288,Swansea City,,6,0.375,7,0.375
GB2,1993,164,Blackburn Rovers,13.2,9,0.725,8,-12.48
GB2,1993,543,Wolverhampton Wanderers,3.78,13,0.43,8,-3.35
GB2,1993,337,Birmingham City,3.6,27,0.321,22,-3.28
GB2,1993,180,Southampton FC,3.13,12,3.87,12,0.74
GB2,1993,350,Sheffield United,2.69,16,4.94,13,2.25
GB2,1993,379,West Ham United,2.42,21,3.34,20,0.913
GB2,1993,22,Derby County,2.42,5,1.01,8,-1.41
GB2,1993,355,Bolton Wanderers,1.6,11,0.225,5,-1.37
GB2,1993,1039,Queens Park Rangers,1.42,9,8.4,10,6.98
GB2,1993,1020,Portsmouth FC,1.41,17,3.51,18,2.1
GB2,1993,1123,Norwich City,1.08,9,3.2,10,2.13
GB2,1993,1132,Burnley FC,0.895,11,0.245,9,-0.65
GB2,1993,641,Middlesbrough FC,0.83,6,3.29,11,2.46
GB2,1993,512,Stoke City,0.701,18,2.56,15,1.86
GB2,1993,1028,Millwall FC,0.55,15,3.01,12,2.46
GB2,1993,698,Bristol City,0.488,11,,14,-0.488
GB2,1993,2288,Swansea City,0.414,14,,11,-0.414
GB2,1993,1112,Wrexham AFC,0.34,5,,4,-0.34
GB2,1993,1010,Watford FC,0.303,9,1.78,12,1.48
GB2,1993,358,Charlton Athletic,0.27,8,0.65,8,0.38
GB2,1993,466,Preston North End,0.205,11,0.119,7,-0.086
GB2,1993,984,West Bromwich Albion,0.133,6,0.152,8,0.019
GB2,1993,1198,Lincoln City,0.079,13,0.225,10,0.147
GB2,1993,603,Cardiff City,,10,0.67,15,0.67
GB2,1994,164,Blackburn Rovers,10.15,13,4.37,11,-5.78
GB2,1994,543,Wolverhampton Wanderers,8.28,12,1.66,15,-6.62
GB2,1994,379,West Ham United,6.67,19,2.38,17,-4.29
GB2,1994,641,Middlesbrough FC,5.42,15,0.649,5,-4.77
GB2,1994,1123,Norwich City,5.24,17,11.01,11,5.77
GB2,1994,180,Southampton FC,3.54,8,3.3,13,-0.236
GB2,1994,337,Birmingham City,3.2,16,1.3,20,-1.9
GB2,1994,355,Bolton Wanderers,1.49,11,0.288,14,-1.2
GB2,1994,358,Charlton Athletic,1.15,7,2.3,7,1.15
GB2,1994,1010,Watford FC,1.06,14,4.28,11,3.22
GB2,1994,22,Derby County,0.875,15,8.21,15,7.34
GB2,1994,1132,Burnley FC,0.772,17,0.132,12,-0.64
GB2,1994,512,Stoke City,0.68,23,,18,-0.68
GB2,1994,698,Bristol City,0.679,16,1.68,15,0.998
GB2,1994,1039,Queens Park Rangers,0.65,11,0.139,9,-0.511
GB2,1994,1028,Millwall FC,0.436,18,5.3,22,4.86
GB2,1994,1020,Portsmouth FC,0.315,12,,9,-0.315
GB2,1994,466,Preston North End,0.147,13,0.289,9,0.142
GB2,1994,350,Sheffield United,,15,0.895,17,0.895
GB2,1994,603,Cardiff City,,9,,5,0.0
GB2,1994,984,West Bromwich Albion,,3,0.058,3,0.058
GB2,1994,1112,Wrexham AFC,,2,,4,0.0
GB2,1994,1198,Lincoln City,,8,,11,0.0
GB2,1994,2288,Swansea City,,5,,5,0.0
GB2,1995,164,Blackburn Rovers,19.78,18,8.06,12,-11.72
GB2,1995,641,Middlesbrough FC,13.9,11,0.375,11,-13.53
GB2,1995,355,Bolton Wanderers,10.49,16,8.38,8,-2.11
GB2,1995,22,Derby County,7.72,19,6.56,16,-1.15
GB2,1995,379,West Ham United,7.26,29,5.82,28,-1.44
GB2,1995,1039,Queens Park Rangers,5.5,14,12.24,16,6.73
GB2,1995,350,Sheffield United,3.44,25,2.32,24,-1.12
GB2,1995,337,Birmingham City,3.19,33,4.71,31,1.52
GB2,1995,1028,Millwall FC,2.4,18,3.18,20,0.775
GB2,1995,180,Southampton FC,2.24,7,0.153,5,-2.09
GB2,1995,543,Wolverhampton Wanderers,2.2,17,1.3,12,-0.898
GB2,1995,1020,Portsmouth FC,1.84,12,3.9,14,2.06
GB2,1995,1123,Norwich City,1.41,5,4.32,10,2.91
GB2,1995,698,Bristol City,1.3,16,,13,-1.3
GB2,1995,984,West Bromwich Albion,0.975,23,,17,-0.975
GB2,1995,1010,Watford FC,0.798,11,0.437,8,-0.361
GB2,1995,512,Stoke City,0.62,8,0.87,12,0.25
GB2,1995,358,Charlton Athletic,0.6,12,,10,-0.6
GB2,1995,466,Preston North End,0.306,14,0.258,12,-0.048
GB2,1995,2288,Swansea City,0.255,14,1.12,16,0.868
GB2,1995,1132,Burnley FC,0.238,8,1.12,10,0.884
GB2,1995,1198,Lincoln City,0.166,19,0.841,17,0.675
GB2,1995,1112,Wrexham AFC,0.125,9,0.445,7,0.32
GB2,1995,603,Cardiff City,0.081,15,,22,-0.081
GB2,1996,641,Middlesbrough FC,16.28,19,10.8,19,-5.48
GB2,1996,379,West Ham United,14.55,25,2.61,26,-11.93
GB2,1996,337,Birmingham City,9.07,33,6.11,35,-2.96
GB2,1996,1039,Queens Park Rangers,6.38,14,0.45,16,-5.93
GB2,1996,350,Sheffield United,5.99,18,,17,-5.99
GB2,1996,984,West Bromwich Albion,5.74,14,,15,-5.74
GB2,1996,180,Southampton FC,4.04,18,5.34,18,1.3
GB2,1996,164,Blackburn Rovers,3.8,6,19.2,7,15.4
GB2,1996,355,Bolton Wanderers,3.8,7,11.22,11,7.42
GB2,1996,22,Derby County,3.32,24,0.591,27,-2.73
GB2,1996,543,Wolverhampton Wanderers,2.45,12,0.09,11,-2.36
GB2,1996,358,Charlton Athletic,2.34,12,3.9,10,1.56
GB2,1996,1020,Portsmouth FC,1.34,11,0.925,8,-0.418
GB2,1996,466,Preston North End,1.06,20,2.5,21,1.44
GB2,1996,1123,Norwich City,1.01,18,1.5,19,0.487
GB2,1996,512,Stoke City,1.0,17,1.05,19,0.049
GB2,1996,1132,Burnley FC,0.69,15,,13,-0.69
GB2,1996,1028,Millwall FC,0.671,17,5.79,15,5.11
GB2,1996,1112,Wrexham AFC,0.243,8,2.0,5,1.76
GB2,1996,603,Cardiff City,0.093,19,0.01,16,-0.083
GB2,1996,1198,Lincoln City,0.081,10,,10,-0.081
GB2,1996,1010,Watford FC,0.06,9,0.947,12,0.887
GB2,1996,698,Bristol City,0.05,11,0.058,12,0.008
GB2,1996,2288,Swansea City,,6,0.214,7,0.214
GB2,1997,641,Middlesbrough FC,19.07,16,30.95,16,11.89
GB2,1997,355,Bolton Wanderers,14.71,22,3.06,20,-11.65
GB2,1997,379,West Ham United,12.35,20,2.0,16,-10.35
GB2,1997,164,Blackburn Rovers,10.59,21,30.34,23,19.75
GB2,1997,180,Southampton FC,9.35,20,5.52,21,-3.84
GB2,1997,337,Birmingham City,7.96,17,1.4,17,-6.56
GB2,1997,350,Sheffield United,7.85,32,6.29,26,-1.56
GB2,1997,22,Derby County,4.8,13,3.0,12,-1.81
GB2,1997,543,Wolverhampton Wanderers,3.04,23,5.46,23,2.42
GB2,1997,984,West Bromwich Albion,2.97,19,3.25,14,0.28
GB2,1997,1039,Queens Park Rangers,2.53,20,5.25,16,2.72
GB2,1997,1123,Norwich City,2.5,10,3.75,15,1.25
GB2,1997,358,Charlton Athletic,1.58,10,0.494,9,-1.08
GB2,1997,466,Preston North End,1.32,14,,10,-1.32
GB2,1997,512,Stoke City,1.24,20,2.68,14,1.45
GB2,1997,698,Bristol City,1.14,15,1.68,14,0.543
GB2,1997,1010,Watford FC,0.943,11,2.85,8,1.91
GB2,1997,1028,Millwall FC,0.781,24,0.284,14,-0.497
GB2,1997,1132,Burnley FC,0.779,24,0.16,21,-0.619
GB2,1997,1020,Portsmouth FC,0.5,5,5.83,9,5.33
GB2,1997,2288,Swansea City,0.257,16,0.993,11,0.736
GB2,1997,1198,Lincoln City,0.216,9,0.75,6,0.534
GB2,1997,603,Cardiff City,0.147,17,0.75,13,0.603
GB2,1997,1112,Wrexham AFC,,11,0.225,11,0.225
GB3,1994,1035,Sheffield Wednesday,9.31,8,9.32,10,0.011
GB3,1994,1003,Leicester City,3.75,12,1.06,12,-2.69
GB3,1994,1045,Notts County,1.64,21,2.04,20,0.404
GB3,1994,1027,Bradford City,0.856,18,3.26,17,2.4
GB3,1994,1181,Blackpool FC,0.745,17,,11,-0.745
GB3,1994,1110,Huddersfield Town,0.469,16,,13,-0.469
GB3,1994,2262,Plymouth Argyle,0.393,7,0.189,5,-0.204
GB3,1994,1032,Reading FC,0.355,7,,1,-0.355
GB3,1994,1098,Stockport County,0.355,14,1.44,9,1.08
GB3,1994,1031,Luton Town,0.334,16,3.9,13,3.57
GB3,1994,1072,Peterborough United,0.314,21,0.093,17,-0.221
GB3,1994,988,Oxford United,0.259,9,1.47,10,1.21
GB3,1994,2805,Wycombe Wanderers,0.255,15,0.215,9,-0.04
GB3,1994,3820,Mansfield Town,0.076,13,0.04,9,-0.036
GB3,1994,2454,Doncaster Rovers,0.051,17,0.458,14,0.407
GB3,1994,1071,Wigan Athletic,0.023,8,,8,-0.023
GB3,1994,349,Barnsley FC,,3,,5,0.0
GB3,1994,986,Cambridge United,,6,0.45,10,0.45
GB3,1994,991,Milton Keynes Dons,,0,,0,0.0
GB3,1994,1150,Leyton Orient,,6,0.058,11,0.058
GB3,1994,2963,Burton Albion,,0,,0,0.0
GB3,1994,3684,Stevenage Borough FC,,8,,5,0.0
GB3,1994,3884,AFC Wimbledon,,0,,0,0.0
GB3,1994,8981,Bromley FC,,0,,1,0.0
GB3,1995,1035,Sheffield Wednesday,13.2,20,11.49,16,-1.71
GB3,1995,1003,Leicester City,5.14,13,7.93,14,2.79
GB3,1995,1032,Reading FC,2.47,14,4.17,11,1.7
GB3,1995,1031,Luton Town,2.31,20,2.83,20,0.518
GB3,1995,1045,Notts County,1.3,19,1.3,21,0.001
GB3,1995,1110,Huddersfield Town,0.844,8,0.158,6,-0.686
GB3,1995,1027,Bradford City,0.718,12,0.53,12,-0.188
GB3,1995,349,Barnsley FC,0.618,8,2.25,9,1.63
GB3,1995,1181,Blackpool FC,0.605,18,0.133,15,-0.472
GB3,1995,2262,Plymouth Argyle,0.543,17,1.63,14,1.09
GB3,1995,1072,Peterborough United,0.53,19,0.369,19,-0.161
GB3,1995,2805,Wycombe Wanderers,0.455,13,,13,-0.455
GB3,1995,1071,Wigan Athletic,0.381,13,,8,-0.381
GB3,1995,988,Oxford United,0.267,8,,7,-0.267
GB3,1995,1098,Stockport County,0.23,8,,8,-0.23
GB3,1995,2454,Doncaster Rovers,0.154,12,0.195,15,0.041
GB3,1995,3820,Mansfield Town,0.113,16,0.45,10,0.337
GB3,1995,1150,Leyton Orient,0.073,8,0.19,10,0.117
GB3,1995,986,Cambridge United,,15,0.48,8,0.48
GB3,1995,991,Milton Keynes Dons,,0,,0,0.0
GB3,1995,2963,Burton Albion,,0,,0,0.0
GB3,1995,3684,Stevenage Borough FC,,4,0.005,6,0.005
GB3,1995,3884,AFC Wimbledon,,0,,0,0.0
GB3,1995,8981,Bromley FC,,1,,1,0.0
GB3,1996,1035,Sheffield Wednesday,14.16,16,8.31,15,-5.86
GB3,1996,1003,Leicester City,8.5,13,1.7,11,-6.79
GB3,1996,1110,Huddersfield Town,4.54,13,4.52,15,-0.018
GB3,1996,349,Barnsley FC,2.8,15,0.529,9,-2.27
GB3,1996,1027,Bradford City,2.31,32,3.13,23,0.824
GB3,1996,1071,Wigan Athletic,1.08,12,,6,-1.08
GB3,1996,1181,Blackpool FC,1.05,12,0.75,12,-0.296
GB3,1996,1045,Notts County,0.85,16,1.31,21,0.464
GB3,1996,1032,Reading FC,0.75,8,0.956,9,0.206
GB3,1996,1072,Peterborough United,0.73,25,1.64,22,0.907
GB3,1996,1150,Leyton Orient,0.544,20,0.26,19,-0.284
GB3,1996,1098,Stockport County,0.455,19,0.07,15,-0.385
GB3,1996,2805,Wycombe Wanderers,0.331,19,,15,-0.331
GB3,1996,988,Oxford United,0.22,7,2.98,9,2.76
GB3,1996,2454,Doncaster Rovers,0.03,14,0.042,9,0.012
GB3,1996,986,Cambridge United,,11,0.45,12,0.45
GB3,1996,991,Milton Keynes Dons,,0,,0,0.0
GB3,1996,1031,Luton Town,,8,0.64,8,0.64
GB3,1996,2262,Plymouth Argyle,,4,1.24,8,1.24
GB3,1996,2963,Burton Albion,,2,,0,0.0
GB3,1996,3684,Stevenage Borough FC,,2,,3,0.0
GB3,1996,3820,Mansfield Town,,7,,9,0.0
GB3,1996,3884,AFC Wimbledon,,0,,0,0.0
GB3,1996,8981,Bromley FC,,1,,1,0.0
GB3,1997,1035,Sheffield Wednesday,10.99,21,4.9,17,-6.09
GB3,1997,349,Barnsley FC,4.98,12,0.19,10,-4.79
GB3,1997,1003,Leicester City,4.25,16,2.58,17,-1.68
GB3,1997,1032,Reading FC,3.41,21,0.17,14,-3.24
GB3,1997,1027,Bradford City,1.91,19,3.93,24,2.01
GB3,1997,1031,Luton Town,1.26,13,4.45,14,3.19
GB3,1997,1110,Huddersfield Town,1.24,18,0.295,14,-0.946
GB3,1997,1071,Wigan Athletic,1.1,18,0.067,14,-1.03
GB3,1997,1098,Stockport County,1.02,13,5.63,17,4.61
GB3,1997,1181,Blackpool FC,0.541,17,1.18,17,0.641
GB3,1997,988,Oxford United,0.374,16,1.71,11,1.33
GB3,1997,2262,Plymouth Argyle,0.165,8,0.04,10,-0.125
GB3,1997,3820,Mansfield Town,0.135,10,0.452,13,0.317
GB3,1997,1150,Leyton Orient,0.108,16,0.132,12,0.024
GB3,1997,2805,Wycombe Wanderers,0.1,7,0.17,10,0.07
GB3,1997,986,Cambridge United,0.055,14,0.825,12,0.77
GB3,1997,1072,Peterborough United,0.035,19,1.02,21,0.985
GB3,1997,2454,Doncaster Rovers,0.013,8,0.257,18,0.244
GB3,1997,991,Milton Keynes Dons,,0,,0,0.0
GB3,1997,1045,Notts County,,15,1.56,16,1.56
GB3,1997,2963,Burton Albion,,1,,3,0.0
GB3,1997,3684,Stevenage Borough FC,,12,,10,0.0
GB3,1997,3884,AFC Wimbledon,,0,,0,0.0
GB3,1997,8981,Bromley FC,,0,,1,0.0
GB3,1998,1003,Leicester City,8.9,13,1.0,10,-7.9
GB3,1998,1027,Bradford City,5.95,14,0.36,14,-5.59
GB3,1998,1035,Sheffield Wednesday,4.61,19,3.13,17,-1.49
GB3,1998,349,Barnsley FC,3.1,13,8.66,12,5.56
GB3,1998,1110,Huddersfield Town,2.76,14,0.627,15,-2.13
GB3,1998,1032,Reading FC,2.05,21,0.92,25,-1.13
GB3,1998,1071,Wigan Athletic,1.68,11,0.075,13,-1.6
GB3,1998,1098,Stockport County,1.37,13,,12,-1.37
GB3,1998,988,Oxford United,0.7,12,1.8,16,1.1
GB3,1998,1045,Notts County,0.394,34,0.93,22,0.536
GB3,1998,1072,Peterborough United,0.135,16,0.028,13,-0.107
GB3,1998,2805,Wycombe Wanderers,0.107,13,0.012,10,-0.095
GB3,1998,986,Cambridge United,0.06,9,0.065,11,0.005
GB3,1998,3820,Mansfield Town,0.018,8,0.05,7,0.033
GB3,1998,991,Milton Keynes Dons,,0,,0,0.0
GB3,1998,1031,Luton Town,,10,0.965,11,0.965
GB3,1998,1150,Leyton Orient,,13,0.12,12,0.12
GB3,1998,1181,Blackpool FC,,16,0.255,17,0.255
GB3,1998,2262,Plymouth Argyle,,20,,18,0.0
GB3,1998,2454,Doncaster Rovers,,14,,11,0.0
GB3,1998,2963,Burton Albion,,4,,2,0.0
GB3,1998,3684,Stevenage Borough FC,,9,0.01,11,0.01
GB3,1998,3884,AFC Wimbledon,,0,,0,0.0
GB3,1998,8981,Bromley FC,,1,,0,0.0
GB3,1999,1035,Sheffield Wednesday,8.0,17,4.34,19,-3.66
GB3,1999,1003,Leicester City,6.1,12,16.58,14,10.48
GB3,1999,1110,Huddersfield Town,4.12,19,4.13,13,0.007
GB3,1999,1027,Bradford City,3.82,17,0.829,13,-2.99
GB3,1999,1032,Reading FC,3.17,19,0.3,17,-2.87
GB3,1999,349,Barnsley FC,1.45,21,0.33,23,-1.12
GB3,1999,1071,Wigan Athletic,1.12,16,0.117,12,-1.0
GB3,1999,1072,Peterborough United,0.456,13,1.8,13,1.34
GB3,1999,1098,Stockport County,0.23,24,0.375,21,0.145
GB3,1999,1150,Leyton Orient,0.166,15,,12,-0.166
GB3,1999,988,Oxford United,0.085,15,0.04,16,-0.045
GB3,1999,1181,Blackpool FC,0.08,23,,19,-0.08
GB3,1999,2262,Plymouth Argyle,0.045,13,,6,-0.045
GB3,1999,2454,Doncaster Rovers,0.044,14,,11,-0.044
GB3,1999,986,Cambridge United,,19,1.2,13,1.2
GB3,1999,991,Milton Keynes Dons,,0,,0,0.0
GB3,1999,1031,Luton Town,,10,2.1,12,2.1
GB3,1999,1045,Notts County,,11,0.245,13,0.245
GB3,1999,2805,Wycombe Wanderers,,4,0.3,8,0.3
GB3,1999,2963,Burton Albion,,5,,0,0.0
GB3,1999,3684,Stevenage Borough FC,,9,,2,0.0
GB3,1999,3820,Mansfield Town,,18,0.836,13,0.836
GB3,1999,3884,AFC Wimbledon,,0,,0,0.0
GB3,1999,8981,Bromley FC,,0,,1,0.0
GB3,2000,1003,Leicester City,11.7,20,9.7,18,-2.0
GB3,2000,1027,Bradford City,7.83,19,9.06,22,1.23
GB3,2000,1071,Wigan Athletic,1.63,13,,15,-1.63
GB3,2000,1032,Reading FC,1.51,19,,20,-1.51
GB3,2000,349,Barnsley FC,1.07,22,4.53,20,3.46
GB3,2000,1098,Stockport County,0.945,23,3.87,20,2.92
GB3,2000,1035,Sheffield Wednesday,0.675,21,5.15,34,4.48
GB3,2000,1110,Huddersfield Town,0.6,14,0.438,16,-0.162
GB3,2000,1031,Luton Town,0.593,19,1.0,11,0.407
GB3,2000,1045,Notts County,0.564,17,0.045,18,-0.519
GB3,2000,3820,Mansfield Town,0.181,8,0.035,10,-0.146
GB3,2000,2262,Plymouth Argyle,0.16,18,0.015,14,-0.145
GB3,2000,2454,Doncaster Rovers,0.1,16,,16,-0.1
GB3,2000,2805,Wycombe Wanderers,0.091,9,,4,-0.091
GB3,2000,988,Oxford United,0.05,22,0.15,21,0.1
GB3,2000,1181,Blackpool FC,0.03,14,0.375,17,0.345
GB3,2000,1150,Leyton Orient,0.029,15,,12,-0.029
GB3,2000,3684,Stevenage Borough FC,0.02,17,0.008,14,-0.013
GB3,2000,2963,Burton Albion,0.003,4,,1,-0.003
GB3,2000,986,Cambridge United,,20,2.78,16,2.78
GB3,2000,991,Milton Keynes Dons,,0,,0,0.0
GB3,2000,1072,Peterborough United,,19,0.075,19,0.075
GB3,2000,3884,AFC Wimbledon,,0,,0,0.0
GB3,2000,8981,Bromley FC,,0,,0,0.0
GB3,2001,1003,Leicester City,17.21,23,3.03,21,-14.18
GB3,2001,1071,Wigan Athletic,6.89,23,3.23,22,-3.66
GB3,2001,1035,Sheffield Wednesday,1.65,18,0.11,16,-1.54
GB3,2001,349,Barnsley FC,1.08,23,1.1,19,0.02
GB3,2001,1098,Stockport County,0.46,21,1.5,21,1.04
GB3,2001,2805,Wycombe Wanderers,0.45,16,,14,-0.45
GB3,2001,1032,Reading FC,0.275,16,,18,-0.275
GB3,2001,1181,Blackpool FC,0.245,14,2.65,11,2.41
GB3,2001,1045,Notts County,0.225,19,,21,-0.225
GB3,2001,1031,Luton Town,0.21,23,,21,-0.21
GB3,2001,2454,Doncaster Rovers,0.192,13,0.005,7,-0.187
GB3,2001,986,Cambridge United,0.178,20,,18,-0.178
GB3,2001,988,Oxford United,0.17,19,0.023,17,-0.148
GB3,2001,1027,Bradford City,0.15,16,3.52,17,3.37
GB3,2001,991,Milton Keynes Dons,,0,,0,0.0
GB3,2001,1072,Peterborough United,,11,0.785,9,0.785
GB3,2001,1110,Huddersfield Town,,12,2.33,15,2.33
GB3,2001,1150,Leyton Orient,,16,0.13,24,0.13
GB3,2001,2262,Plymouth Argyle,,16,,18,0.0
GB3,2001,2963,Burton Albion,,4,,1,0.0
GB3,2001,3684,Stevenage Borough FC,,24,0.012,16,0.012
GB3,2001,3820,Mansfield Town,,10,0.081,12,0.081
GB3,2001,3884,AFC Wimbledon,,0,,0,0.0
GB3,2001,8981,Bromley FC,,2,,0,0.0
GB3,2002,1098,Stockport County,1.31,15,0.15,19,-1.16
GB3,2002,1071,Wigan Athletic,0.4,11,,15,-0.4
GB3,2002,1035,Sheffield Wednesday,0.225,19,,20,-0.225
GB3,2002,3820,Mansfield Town,0.175,28,,19,-0.175
GB3,2002,1031,Luton Town,0.15,14,0.6,15,0.45
GB3,2002,3684,Stevenage Borough FC,0.045,23,,26,-0.045
GB3,2002,2262,Plymouth Argyle,0.038,11,,10,-0.038
GB3,2002,1150,Leyton Orient,0.014,21,,16,-0.014
GB3,2002,2963,Burton Albion,0.005,10,,7,-0.005
GB3,2002,349,Barnsley FC,,6,0.95,19,0.95
GB3,2002,986,Cambridge United,,15,0.059,20,0.059
GB3,2002,988,Oxford United,,19,,19,0.0
GB3,2002,991,Milton Keynes Dons,,0,,0,0.0
GB3,2002,1003,Leicester City,,13,12.05,18,12.05
GB3,2002,1027,Bradford City,,23,,19,0.0
GB3,2002,1032,Reading FC,,17,,15,0.0
GB3,2002,1045,Notts County,,6,,11,0.0
GB3,2002,1072,Peterborough United,,19,1.03,21,1.03
GB3,2002,1110,Huddersfield Town,,11,,14,0.0
GB3,2002,1181,Blackpool FC,,20,,19,0.0
GB3,2002,2454,Doncaster Rovers,,16,,18,0.0
GB3,2002,2805,Wycombe Wanderers,,7,,13,0.0
GB3,2002,3884,AFC Wimbledon,,2,,0,0.0
GB3,2002,8981,Bromley FC,,0,,1,0.0
GB3,2003,1071,Wigan Athletic,3.6,18,1.5,10,-2.1
GB3,2003,1032,Reading FC,2.08,16,1.1,20,-0.974
GB3,2003,1003,Leicester City,1.42,30,,32,-1.42
GB3,2003,1035,Sheffield Wednesday,0.18,26,0.015,26,-0.165
GB3,2003,1110,Huddersfield Town,0.175,21,1.88,18,1.7
GB3,2003,1098,Stockport County,0.145,29,0.225,28,0.08
GB3,2003,2805,Wycombe Wanderers,0.14,23,,22,-0.14
GB3,2003,2454,Doncaster Rovers,0.075,18,,13,-0.075
GB3,2003,3820,Mansfield Town,0.05,12,,12,-0.05
GB3,2003,1072,Peterborough United,0.04,33,0.6,29,0.56
GB3,2003,349,Barnsley FC,,25,,22,0.0
GB3,2003,986,Cambridge United,,15,0.225,13,0.225
GB3,2003,988,Oxford United,,19,0.4,14,0.4
GB3,2003,991,Milton Keynes Dons,,0,,0,0.0
GB3,2003,1027,Bradford City,,20,0.378,25,0.378
GB3,2003,1031,Luton Town,,15,0.075,17,0.075
GB3,2003,1045,Notts County,,23,,21,0.0
GB3,2003,1150,Leyton Orient,,15,,16,0.0
GB3,2003,1181,Blackpool FC,,16,,19,0.0
GB3,2003,2262,Plymouth Argyle,,8,,10,0.0
GB3,2003,2963,Burton Albion,,15,,10,0.0
GB3,2003,3684,Stevenage Borough FC,,24,,21,0.0
GB3,2003,3884,AFC Wimbledon,,3,,2,0.0
GB3,2003,8981,Bromley FC,,1,,1,0.0
GB3,2020,1072,Peterborough United,2.5,21,5.6,23,3.1
GB3,2020,3008,Hull City,0.835,22,2.1,25,1.27
GB3,2020,358,Charlton Athletic,0.488,25,2.2,30,1.71
GB3,2020,289,Sunderland AFC,0.338,18,,16,-0.338
GB3,2020,1020,Portsmouth FC,0.275,15,,20,-0.275
GB3,2020,991,Milton Keynes Dons,0.222,24,0.72,28,0.498
GB3,2020,1181,Blackpool FC,0.2,35,,34,-0.2
GB3,2020,1088,Rochdale AFC,0.01,16,,16,-0.01
GB3,2020,352,Swindon Town,,33,,36,0.0
GB3,2020,677,Ipswich Town,,16,,15,0.0
GB3,2020,988,Oxford United,,21,2.7,22,2.7
GB3,2020,1042,Crewe Alexandra,,16,1.06,20,1.06
GB3,2020,1071,Wigan Athletic,,29,8.4,38,8.4
GB3,2020,1198,Lincoln City,,29,,30,0.0
GB3,2020,1302,Northampton Town,,26,1.1,36,1.1
GB3,2020,2262,Plymouth Argyle,,26,,25,0.0
GB3,2020,2454,Doncaster Rovers,,26,1.65,27,1.65
GB3,2020,2455,Bristol Rovers,,28,1.4,26,1.4
GB3,2020,2814,Gillingham FC,,26,,25,0.0
GB3,2020,2963,Burton Albion,,33,,26,0.0
GB3,2020,3054,Shrewsbury Town,,22,,21,0.0
GB3,2020,3688,Accrington Stanley,,22,0.275,28,0.275
GB3,2020,3884,AFC Wimbledon,,30,,27,0.0
GB3,2020,11177,Fleetwood Town,,27,0.57,35,0.57
GB3,2021,677,Ipswich Town,3.21,36,2.85,37,-0.36
GB3,2021,991,Milton Keynes Dons,1.5,30,2.28,30,0.775
GB3,2021,358,Charlton Athletic,1.18,28,1.8,24,0.625
GB3,2021,1071,Wigan Athletic,0.735,22,0.58,16,-0.155
GB3,2021,355,Bolton Wanderers,0.5,30,0.03,30,-0.47
GB3,2021,289,Sunderland AFC,0.24,24,,25,-0.24
GB3,2021,988,Oxford United,0.115,18,1.6,17,1.49
GB3,2021,986,Cambridge United,,25,,21,0.0
GB3,2021,1020,Portsmouth FC,,29,,31,0.0
GB3,2021,1035,Sheffield Wednesday,,23,0.725,27,0.725
GB3,2021,1042,Crewe Alexandra,,24,1.19,24,1.19
GB3,2021,1194,Rotherham United,,19,1.3,22,1.3
GB3,2021,1198,Lincoln City,,22,0.58,20,0.58
GB3,2021,2262,Plymouth Argyle,,21,,21,0.0
GB3,2021,2454,Doncaster Rovers,,33,,28,0.0
GB3,2021,2805,Wycombe Wanderers,,27,0.87,24,0.87
GB3,2021,2814,Gillingham FC,,21,,22,0.0
GB3,2021,2963,Burton Albion,,42,,41,0.0
GB3,2021,3054,Shrewsbury Town,,17,0.41,19,0.41
GB3,2021,3371,Cheltenham Town,,29,0.23,29,0.23
GB3,2021,3688,Accrington Stanley,,23,1.26,19,1.26
GB3,2021,3697,Morecambe FC,,27,0.235,26,0.235
GB3,2021,3884,AFC Wimbledon,,37,0.857,34,0.857
GB3,2021,11177,Fleetwood Town,,27,1.2,25,1.2
GB3,2022,677,Ipswich Town,2.48,25,0.58,21,-1.9
GB3,2022,355,Bolton Wanderers,0.67,15,0.6,22,-0.07
GB3,2022,1072,Peterborough United,0.565,14,3.45,20,2.89
GB3,2022,3455,Forest Green Rovers,0.397,38,,36,-0.397
GB3,2022,1198,Lincoln City,0.37,31,,32,-0.37
GB3,2022,991,Milton Keynes Dons,0.305,31,5.2,26,4.9
GB3,2022,3371,Cheltenham Town,0.108,31,,28,-0.108
GB3,2022,988,Oxford United,0.095,22,1.85,20,1.76
GB3,2022,1035,Sheffield Wednesday,0.06,13,,14,-0.06
GB3,2022,349,Barnsley FC,0.02,28,4.8,30,4.78
GB3,2022,22,Derby County,,20,,22,0.0
GB3,2022,358,Charlton Athletic,,30,,30,0.0
GB3,2022,986,Cambridge United,,35,,27,0.0
GB3,2022,1020,Portsmouth FC,,23,0.7,21,0.7
GB3,2022,1211,Port Vale FC,,17,,21,0.0
GB3,2022,2262,Plymouth Argyle,,24,0.58,20,0.58
GB3,2022,2455,Bristol Rovers,,25,,28,0.0
GB3,2022,2805,Wycombe Wanderers,,25,,25,0.0
GB3,2022,2963,Burton Albion,,39,0.57,42,0.57
GB3,2022,3054,Shrewsbury Town,,15,,18,0.0
GB3,2022,3688,Accrington Stanley,,25,0.28,25,0.28
GB3,2022,3697,Morecambe FC,,23,,24,0.0
GB3,2022,6699,Exeter City,,21,0.58,31,0.58
GB3,2022,11177,Fleetwood Town,,26,,26,0.0
GB3,2023,1072,Peterborough United,2.56,23,7.83,22,5.27
GB3,2023,358,Charlton Athletic,1.98,39,0.35,32,-1.63
GB3,2023,355,Bolton Wanderers,1.18,19,,18,-1.18
GB3,2023,349,Barnsley FC,0.63,33,8.78,30,8.15
GB3,2023,988,Oxford United,0.465,28,,26,-0.465
GB3,2023,22,Derby County,0.35,16,2.88,12,2.53
GB3,2023,2455,Bristol Rovers,0.35,27,0.88,29,0.53
GB3,2023,11177,Fleetwood Town,0.165,21,,24,-0.165
GB3,2023,2805,Wycombe Wanderers,0.14,34,,35,-0.14
GB3,2023,3054,Shrewsbury Town,0.1,26,0.14,19,0.04
GB3,2023,1020,Portsmouth FC,0.09,31,,23,-0.09
GB3,2023,986,Cambridge United,,29,,29,0.0
GB3,2023,1032,Reading FC,,26,4.2,24,4.2
GB3,2023,1071,Wigan Athletic,,27,0.29,32,0.29
GB3,2023,1150,Leyton Orient,,32,,34,0.0
GB3,2023,1181,Blackpool FC,,21,2.8,26,2.8
GB3,2023,1198,Lincoln City,,31,,28,0.0
GB3,2023,1211,Port Vale FC,,27,,25,0.0
GB3,2023,1220,Carlisle United,,27,,26,0.0
GB3,2023,1302,Northampton Town,,21,,20,0.0
GB3,2023,2963,Burton Albion,,32,0.18,34,0.18
GB3,2023,3371,Cheltenham Town,,32,0.755,32,0.755
GB3,2023,3684,Stevenage FC,,27,,23,0.0
GB3,2023,6699,Exeter City,,42,2.27,33,2.27
