Sæson,Liga,Klub,Transfermarkt-id,Køb (mio. euro),Antal tilgange,Salg (mio. euro),Antal afgange,Nettoforbrug (mio. euro),Ligaens gns. nettoforbrug (mio. euro),Gns. indkøb pr. klub i øverste række (mio. euro),Afvigelse fra ligasnit (point)
1998/99,LaLiga,Real Betis Balompié,150,60.6,9,8.7,10,51.9,3.81,14.04,342.5
1998/99,LaLiga,Deportivo de La Coruña,897,24.9,12,0.42,8,24.48,3.81,14.04,147.2
1998/99,LaLiga,FC Barcelona,131,41.4,9,25.7,7,15.7,3.81,14.04,84.7
1998/99,LaLiga,Athletic Bilbao,621,6.0,3,0.0,4,6.0,3.81,14.04,15.6
1998/99,LaLiga,Real Oviedo,2497,7.8,10,2.48,7,5.32,3.81,14.04,10.8
1998/99,LaLiga,Villarreal CF,1050,6.3,15,1.0,14,5.3,3.81,14.04,10.6
1998/99,LaLiga,Real Zaragoza,142,4.0,6,0.35,10,3.65,3.81,14.04,-1.1
1998/99,LaLiga,Celta de Vigo,940,9.2,12,5.7,13,3.5,3.81,14.04,-2.2
1998/99,LaLiga,Real Madrid,418,18.0,14,15.01,12,2.99,3.81,14.04,-5.8
1998/99,LaLiga,CD Tenerife,648,7.27,12,6.0,10,1.27,3.81,14.04,-18.1
1998/99,LaLiga,Valencia CF,1049,20.0,13,20.62,15,-0.62,3.81,14.04,-31.5
1998/99,LaLiga,Racing Santander,630,9.3,17,10.0,14,-0.7,3.81,14.04,-32.1
1998/99,LaLiga,Deportivo Alavés,1108,1.15,17,2.1,20,-0.95,3.81,14.04,-33.9
1998/99,LaLiga,Real Sociedad,681,0.0,4,1.8,7,-1.8,3.81,14.04,-39.9
1998/99,LaLiga,CF Extremadura,811,0.45,17,3.0,16,-2.55,3.81,14.04,-45.3
1998/99,LaLiga,UD Salamanca,1087,7.48,14,12.0,14,-4.52,3.81,14.04,-59.3
1998/99,LaLiga,Atlético de Madrid,13,38.2,16,44.16,16,-5.96,3.81,14.04,-69.5
1998/99,LaLiga,Real Valladolid CF,366,3.3,10,10.65,10,-7.35,3.81,14.04,-79.4
1998/99,LaLiga,RCD Espanyol Barcelona,714,4.5,19,12.25,21,-7.75,3.81,14.04,-82.3
1998/99,LaLiga,RCD Mallorca,237,11.0,19,22.8,17,-11.8,3.81,14.04,-111.1
1999/00,LaLiga,Celta de Vigo,940,35.42,15,12.0,13,23.42,0.47,14.99,153.0
1999/00,LaLiga,Real Madrid,418,82.6,19,62.2,17,20.4,0.47,14.99,132.9
1999/00,LaLiga,Deportivo de La Coruña,897,41.61,13,24.6,15,17.01,0.47,14.99,110.3
1999/00,LaLiga,Sevilla FC,368,10.95,15,6.6,19,4.35,0.47,14.99,25.8
1999/00,LaLiga,Málaga CF,1084,4.1,9,0.0,13,4.1,0.47,14.99,24.2
1999/00,LaLiga,Real Betis Balompié,150,10.48,11,7.57,9,2.91,0.47,14.99,16.2
1999/00,LaLiga,Rayo Vallecano,367,1.95,13,0.24,11,1.71,0.47,14.99,8.2
1999/00,LaLiga,Athletic Bilbao,621,4.05,8,3.0,7,1.05,0.47,14.99,3.8
1999/00,LaLiga,Deportivo Alavés,1108,3.25,12,2.34,11,0.91,0.47,14.99,2.9
1999/00,LaLiga,Valencia CF,1049,14.72,13,14.55,12,0.17,0.47,14.99,-2.0
1999/00,LaLiga,CD Numancia,2296,0.0,21,0.0,21,0.0,0.47,14.99,-3.2
1999/00,LaLiga,Real Valladolid CF,366,0.48,12,1.8,10,-1.32,0.47,14.99,-12.0
1999/00,LaLiga,Racing Santander,630,4.73,8,7.6,9,-2.87,0.47,14.99,-22.3
1999/00,LaLiga,Real Zaragoza,142,0.42,7,6.3,6,-5.88,0.47,14.99,-42.4
1999/00,LaLiga,Real Oviedo,2497,1.47,10,7.4,9,-5.93,0.47,14.99,-42.7
1999/00,LaLiga,FC Barcelona,131,33.0,10,40.65,13,-7.65,0.47,14.99,-54.2
1999/00,LaLiga,RCD Mallorca,237,15.3,17,23.5,9,-8.2,0.47,14.99,-57.8
1999/00,LaLiga,RCD Espanyol Barcelona,714,4.95,15,14.55,15,-9.6,0.47,14.99,-67.2
1999/00,LaLiga,Real Sociedad,681,5.9,8,17.0,6,-11.1,0.47,14.99,-77.2
1999/00,LaLiga,Atlético de Madrid,13,24.5,12,38.5,11,-14.0,0.47,14.99,-96.5
2000/01,LaLiga,Real Madrid,418,121.95,14,66.55,15,55.4,5.51,24.86,200.7
2000/01,LaLiga,FC Barcelona,131,102.4,13,72.7,13,29.7,5.51,24.86,97.3
2000/01,LaLiga,Deportivo de La Coruña,897,66.45,18,39.74,16,26.71,5.51,24.86,85.3
2000/01,LaLiga,Villarreal CF,1050,25.2,12,0.0,13,25.2,5.51,24.86,79.2
2000/01,LaLiga,UD Las Palmas,472,15.71,14,0.0,14,15.71,5.51,24.86,41.0
2000/01,LaLiga,Celta de Vigo,940,34.12,15,19.0,13,15.12,5.51,24.86,38.7
2000/01,LaLiga,Valencia CF,1049,75.5,13,64.85,15,10.65,5.51,24.86,20.7
2000/01,LaLiga,Real Sociedad,681,15.71,14,5.94,14,9.77,5.51,24.86,17.1
2000/01,LaLiga,Real Oviedo,2497,6.21,14,0.88,13,5.32,5.51,24.86,-0.7
2000/01,LaLiga,Rayo Vallecano,367,4.1,17,2.4,15,1.7,5.51,24.86,-15.3
2000/01,LaLiga,CD Numancia,2296,1.29,17,0.0,17,1.29,5.51,24.86,-17.0
2000/01,LaLiga,RCD Espanyol Barcelona,714,4.2,10,3.0,7,1.2,5.51,24.86,-17.3
2000/01,LaLiga,Athletic Bilbao,621,2.4,6,1.8,6,0.6,5.51,24.86,-19.8
2000/01,LaLiga,Deportivo Alavés,1108,0.42,7,0.6,6,-0.18,5.51,24.86,-22.9
2000/01,LaLiga,CA Osasuna,331,1.7,19,2.4,12,-0.7,5.51,24.86,-25.0
2000/01,LaLiga,Málaga CF,1084,2.9,11,14.42,5,-11.52,5.51,24.86,-68.5
2000/01,LaLiga,Real Valladolid CF,366,2.1,12,15.25,14,-13.15,5.51,24.86,-75.1
2000/01,LaLiga,Racing Santander,630,1.99,13,15.9,4,-13.91,5.51,24.86,-78.1
2000/01,LaLiga,Real Zaragoza,142,7.46,10,26.25,8,-18.79,5.51,24.86,-97.7
2000/01,LaLiga,RCD Mallorca,237,5.4,6,35.31,14,-29.91,5.51,24.86,-142.5
2001/02,LaLiga,Real Madrid,418,77.5,10,0.0,13,77.5,5.08,15.64,463.1
2001/02,LaLiga,FC Barcelona,131,77.5,9,39.41,8,38.09,5.08,15.64,211.1
2001/02,LaLiga,Real Zaragoza,142,26.65,8,0.0,7,26.65,5.08,15.64,138.0
2001/02,LaLiga,Deportivo de La Coruña,897,19.8,12,1.0,12,18.8,5.08,15.64,87.8
2001/02,LaLiga,Real Sociedad,681,16.6,12,2.4,14,14.2,5.08,15.64,58.3
2001/02,LaLiga,Real Betis Balompié,150,12.51,13,0.2,14,12.31,5.08,15.64,46.3
2001/02,LaLiga,CD Tenerife,648,6.6,19,0.0,16,6.6,5.08,15.64,9.7
2001/02,LaLiga,Villarreal CF,1050,10.27,7,4.95,8,5.32,5.08,15.64,1.6
2001/02,LaLiga,CA Osasuna,331,2.5,14,0.45,20,2.05,5.08,15.64,-19.4
2001/02,LaLiga,Sevilla FC,368,1.86,15,0.0,14,1.86,5.08,15.64,-20.6
2001/02,LaLiga,Athletic Bilbao,621,0.0,5,0.0,4,0.0,5.08,15.64,-32.5
2001/02,LaLiga,Celta de Vigo,940,8.0,13,11.12,16,-3.12,5.08,15.64,-52.4
2001/02,LaLiga,Rayo Vallecano,367,1.0,16,4.44,14,-3.44,5.08,15.64,-54.5
2001/02,LaLiga,UD Las Palmas,472,0.84,14,6.0,15,-5.16,5.08,15.64,-65.5
2001/02,LaLiga,RCD Mallorca,237,4.82,11,12.9,12,-8.08,5.08,15.64,-84.1
2001/02,LaLiga,Real Valladolid CF,366,0.0,9,8.3,10,-8.3,5.08,15.64,-85.5
2001/02,LaLiga,Málaga CF,1084,9.75,9,25.3,10,-15.55,5.08,15.64,-131.9
2001/02,LaLiga,RCD Espanyol Barcelona,714,0.0,12,17.97,12,-17.97,5.08,15.64,-147.4
2001/02,LaLiga,Valencia CF,1049,34.8,14,53.8,12,-19.0,5.08,15.64,-154.0
2001/02,LaLiga,Deportivo Alavés,1108,1.76,10,23.0,8,-21.24,5.08,15.64,-168.3
2002/03,LaLiga,Real Madrid,418,45.0,15,5.2,14,39.8,6.84,9.75,338.2
2002/03,LaLiga,Deportivo de La Coruña,897,42.66,15,9.7,14,32.96,6.84,9.75,268.0
2002/03,LaLiga,Atlético de Madrid,13,35.0,20,8.1,19,26.9,6.84,9.75,205.9
2002/03,LaLiga,RCD Espanyol Barcelona,714,11.48,18,0.0,15,11.48,6.84,9.75,47.6
2002/03,LaLiga,Celta de Vigo,940,11.5,13,0.05,15,11.45,6.84,9.75,47.3
2002/03,LaLiga,Real Betis Balompié,150,12.2,9,2.9,8,9.3,6.84,9.75,25.3
2002/03,LaLiga,FC Barcelona,131,20.0,11,11.55,10,8.45,6.84,9.75,16.5
2002/03,LaLiga,Villarreal CF,1050,6.85,12,0.06,15,6.79,6.84,9.75,-0.5
2002/03,LaLiga,Deportivo Alavés,1108,4.4,9,0.0,12,4.4,6.84,9.75,-25.0
2002/03,LaLiga,Sevilla FC,368,2.83,10,0.0,13,2.83,6.84,9.75,-41.1
2002/03,LaLiga,Real Sociedad,681,1.6,15,0.0,16,1.6,6.84,9.75,-53.7
2002/03,LaLiga,Rayo Vallecano,367,0.75,12,0.0,15,0.75,6.84,9.75,-62.5
2002/03,LaLiga,Recreativo Huelva,2867,0.45,19,0.07,16,0.38,6.84,9.75,-66.3
2002/03,LaLiga,CA Osasuna,331,0.0,10,0.0,12,0.0,6.84,9.75,-70.2
2002/03,LaLiga,Athletic Bilbao,621,0.0,8,0.0,6,0.0,6.84,9.75,-70.2
2002/03,LaLiga,Málaga CF,1084,0.0,4,0.0,8,0.0,6.84,9.75,-70.2
2002/03,LaLiga,Valencia CF,1049,0.0,9,1.5,11,-1.5,6.84,9.75,-85.5
2002/03,LaLiga,Racing Santander,630,0.0,14,1.81,7,-1.81,6.84,9.75,-88.7
2002/03,LaLiga,Real Valladolid CF,366,0.0,9,2.23,9,-2.23,6.84,9.75,-93.0
2002/03,LaLiga,RCD Mallorca,237,0.2,14,15.0,10,-14.8,6.84,9.75,-222.0
2003/04,LaLiga,FC Barcelona,131,43.85,13,2.9,14,40.95,2.32,7.92,487.5
2003/04,LaLiga,Atlético de Madrid,13,12.8,23,0.25,24,12.55,2.32,7.92,129.1
2003/04,LaLiga,Real Betis Balompié,150,8.5,10,0.0,11,8.5,2.32,7.92,78.0
2003/04,LaLiga,Villarreal CF,1050,12.05,12,4.0,12,8.05,2.32,7.92,72.4
2003/04,LaLiga,Real Zaragoza,142,5.8,9,0.0,8,5.8,2.32,7.92,44.0
2003/04,LaLiga,Valencia CF,1049,8.5,11,4.5,10,4.0,2.32,7.92,21.3
2003/04,LaLiga,RCD Espanyol Barcelona,714,3.2,14,0.0,17,3.2,2.32,7.92,11.2
2003/04,LaLiga,CA Osasuna,331,2.6,10,0.0,9,2.6,2.32,7.92,3.6
2003/04,LaLiga,Real Madrid,418,37.5,13,35.8,17,1.7,2.32,7.92,-7.8
2003/04,LaLiga,Real Murcia CF,171,2.7,18,1.5,15,1.2,2.32,7.92,-14.1
2003/04,LaLiga,Racing Santander,630,0.5,13,0.0,15,0.5,2.32,7.92,-22.9
2003/04,LaLiga,Real Sociedad,681,0.5,8,0.0,12,0.5,2.32,7.92,-22.9
2003/04,LaLiga,Albacete Balompié,1532,0.3,14,0.0,15,0.3,2.32,7.92,-25.4
2003/04,LaLiga,Real Valladolid CF,366,0.0,13,0.0,12,0.0,2.32,7.92,-29.2
2003/04,LaLiga,Athletic Bilbao,621,0.0,2,0.0,7,0.0,2.32,7.92,-29.2
2003/04,LaLiga,Celta de Vigo,940,2.5,15,4.0,9,-1.5,2.32,7.92,-48.1
2003/04,LaLiga,RCD Mallorca,237,6.5,17,11.8,17,-5.3,2.32,7.92,-96.1
2003/04,LaLiga,Málaga CF,1084,0.0,9,7.7,11,-7.7,2.32,7.92,-126.4
2003/04,LaLiga,Sevilla FC,368,8.2,13,20.0,10,-11.8,2.32,7.92,-178.1
2003/04,LaLiga,Deportivo de La Coruña,897,2.5,13,19.75,13,-17.25,2.32,7.92,-246.9
2004/05,LaLiga,FC Barcelona,131,78.5,15,14.75,16,63.75,8.32,13.08,423.6
2004/05,LaLiga,Real Madrid,418,58.7,11,9.25,12,49.45,8.32,13.08,314.3
2004/05,LaLiga,Valencia CF,1049,40.0,16,8.0,19,32.0,8.32,13.08,181.0
2004/05,LaLiga,Atlético de Madrid,13,17.6,21,0.0,23,17.6,8.32,13.08,70.9
2004/05,LaLiga,Sevilla FC,368,11.53,14,0.0,11,11.53,8.32,13.08,24.5
2004/05,LaLiga,Real Betis Balompié,150,11.0,10,0.0,11,11.0,8.32,13.08,20.5
2004/05,LaLiga,Villarreal CF,1050,15.8,12,9.73,10,6.07,8.32,13.08,-17.2
2004/05,LaLiga,Real Zaragoza,142,3.85,11,0.0,14,3.85,8.32,13.08,-34.2
2004/05,LaLiga,Levante UD,3368,3.4,11,0.0,11,3.4,8.32,13.08,-37.6
2004/05,LaLiga,RCD Espanyol Barcelona,714,3.05,16,0.19,19,2.86,8.32,13.08,-41.7
2004/05,LaLiga,Deportivo de La Coruña,897,5.0,11,2.2,15,2.8,8.32,13.08,-42.2
2004/05,LaLiga,Racing Santander,630,1.14,19,0.0,15,1.14,8.32,13.08,-54.9
2004/05,LaLiga,CD Numancia,2296,0.72,20,0.63,20,0.09,8.32,13.08,-62.9
2004/05,LaLiga,CA Osasuna,331,0.0,10,0.0,11,0.0,8.32,13.08,-63.6
2004/05,LaLiga,Athletic Bilbao,621,0.0,6,0.0,3,0.0,8.32,13.08,-63.6
2004/05,LaLiga,Getafe CF,3709,0.0,13,0.0,11,0.0,8.32,13.08,-63.6
2004/05,LaLiga,Málaga CF,1084,0.75,7,3.7,9,-2.95,8.32,13.08,-86.1
2004/05,LaLiga,Albacete Balompié,1532,0.0,20,3.0,18,-3.0,8.32,13.08,-86.5
2004/05,LaLiga,Real Sociedad,681,6.75,17,16.8,14,-10.05,8.32,13.08,-140.4
2004/05,LaLiga,RCD Mallorca,237,3.9,21,27.0,23,-23.1,8.32,13.08,-240.1
2005/06,LaLiga,Real Madrid,418,89.5,16,43.1,10,46.4,1.74,12.56,355.5
2005/06,LaLiga,Atlético de Madrid,13,25.0,18,5.3,18,19.7,1.74,12.56,143.0
2005/06,LaLiga,Valencia CF,1049,24.81,25,13.9,19,10.91,1.74,12.56,73.0
2005/06,LaLiga,RCD Espanyol Barcelona,714,15.63,16,6.1,18,9.53,1.74,12.56,62.0
2005/06,LaLiga,Villarreal CF,1050,19.9,10,13.35,8,6.55,1.74,12.56,38.3
2005/06,LaLiga,Real Betis Balompié,150,6.55,13,0.48,14,6.07,1.74,12.56,34.5
2005/06,LaLiga,RCD Mallorca,237,9.75,20,5.0,21,4.75,1.74,12.56,23.9
2005/06,LaLiga,Celta de Vigo,940,4.25,15,0.0,14,4.25,1.74,12.56,20.0
2005/06,LaLiga,Cádiz CF,2687,3.3,12,0.0,5,3.3,1.74,12.56,12.4
2005/06,LaLiga,Deportivo Alavés,1108,1.4,17,0.0,20,1.4,1.74,12.56,-2.7
2005/06,LaLiga,Getafe CF,3709,1.8,13,0.6,14,1.2,1.74,12.56,-4.3
2005/06,LaLiga,Málaga CF,1084,1.52,17,2.0,10,-0.48,1.74,12.56,-17.7
2005/06,LaLiga,Racing Santander,630,5.3,20,6.45,23,-1.15,1.74,12.56,-23.0
2005/06,LaLiga,Real Sociedad,681,3.5,16,4.8,12,-1.3,1.74,12.56,-24.2
2005/06,LaLiga,CA Osasuna,331,1.0,8,5.4,8,-4.4,1.74,12.56,-48.9
2005/06,LaLiga,Real Zaragoza,142,7.0,11,14.5,14,-7.5,1.74,12.56,-73.6
2005/06,LaLiga,Athletic Bilbao,621,3.0,8,12.0,12,-9.0,1.74,12.56,-85.5
2005/06,LaLiga,FC Barcelona,131,0.0,8,11.0,9,-11.0,1.74,12.56,-101.4
2005/06,LaLiga,Deportivo de La Coruña,897,5.0,14,24.18,8,-19.18,1.74,12.56,-166.6
2005/06,LaLiga,Sevilla FC,368,23.0,9,48.2,15,-25.2,1.74,12.56,-214.5
2006/07,LaLiga,Real Madrid,418,103.0,13,15.35,17,87.65,12.8,20.49,365.3
2006/07,LaLiga,Atlético de Madrid,13,58.43,20,7.0,21,51.43,12.8,20.49,188.5
2006/07,LaLiga,Valencia CF,1049,49.8,18,20.83,18,28.97,12.8,20.49,78.9
2006/07,LaLiga,Villarreal CF,1050,31.04,14,5.3,11,25.74,12.8,20.49,63.2
2006/07,LaLiga,FC Barcelona,131,31.0,8,13.2,8,17.8,12.8,20.49,24.4
2006/07,LaLiga,Sevilla FC,368,18.7,13,1.5,13,17.2,12.8,20.49,21.5
2006/07,LaLiga,Athletic Bilbao,621,13.9,13,0.3,9,13.6,12.8,20.49,3.9
2006/07,LaLiga,RCD Mallorca,237,13.0,16,3.6,19,9.4,12.8,20.49,-16.6
2006/07,LaLiga,Racing Santander,630,9.0,15,1.9,17,7.1,12.8,20.49,-27.8
2006/07,LaLiga,Deportivo de La Coruña,897,12.57,22,7.05,26,5.52,12.8,20.49,-35.5
2006/07,LaLiga,Celta de Vigo,940,4.75,13,0.0,17,4.75,12.8,20.49,-39.3
2006/07,LaLiga,Levante UD,3368,3.85,15,0.0,14,3.85,12.8,20.49,-43.7
2006/07,LaLiga,RCD Espanyol Barcelona,714,2.83,13,0.45,12,2.38,12.8,20.49,-50.8
2006/07,LaLiga,Real Sociedad,681,8.45,13,6.25,16,2.2,12.8,20.49,-51.7
2006/07,LaLiga,Gimnàstic de Tarragona,5648,2.15,19,0.08,23,2.07,12.8,20.49,-52.3
2006/07,LaLiga,Recreativo Huelva,2867,0.52,16,0.0,18,0.52,12.8,20.49,-59.9
2006/07,LaLiga,CA Osasuna,331,0.4,7,0.4,6,0.0,12.8,20.49,-62.4
2006/07,LaLiga,Real Zaragoza,142,16.8,13,17.58,12,-0.78,12.8,20.49,-66.2
2006/07,LaLiga,Getafe CF,3709,4.7,12,12.94,14,-8.24,12.8,20.49,-102.7
2006/07,LaLiga,Real Betis Balompié,150,24.94,16,40.2,11,-15.26,12.8,20.49,-136.9
2007/08,LaLiga,Real Madrid,418,118.0,19,42.4,19,75.6,12.86,28.57,219.6
2007/08,LaLiga,Valencia CF,1049,72.15,21,7.6,22,64.55,12.86,28.57,180.9
2007/08,LaLiga,FC Barcelona,131,68.5,11,14.0,8,54.5,12.86,28.57,145.7
2007/08,LaLiga,Atlético de Madrid,13,80.5,17,52.1,16,28.4,12.86,28.57,54.4
2007/08,LaLiga,Real Betis Balompié,150,24.3,13,1.23,15,23.07,12.86,28.57,35.7
2007/08,LaLiga,Athletic Bilbao,621,13.3,12,1.0,10,12.3,12.86,28.57,-2.0
2007/08,LaLiga,UD Almería,3302,10.25,14,0.0,17,10.25,12.86,28.57,-9.1
2007/08,LaLiga,Sevilla FC,368,29.0,19,21.1,16,7.9,12.86,28.57,-17.4
2007/08,LaLiga,Real Murcia CF,171,9.73,19,2.2,18,7.53,12.86,28.57,-18.7
2007/08,LaLiga,Recreativo Huelva,2867,8.54,22,1.2,17,7.34,12.86,28.57,-19.3
2007/08,LaLiga,Getafe CF,3709,18.0,14,13.0,11,5.0,12.86,28.57,-27.5
2007/08,LaLiga,Levante UD,3368,5.3,22,1.0,23,4.3,12.86,28.57,-30.0
2007/08,LaLiga,Real Valladolid CF,366,1.9,11,0.0,14,1.9,12.86,28.57,-38.4
2007/08,LaLiga,Real Zaragoza,142,27.1,17,25.3,14,1.8,12.86,28.57,-38.7
2007/08,LaLiga,RCD Espanyol Barcelona,714,5.1,13,6.85,11,-1.75,12.86,28.57,-51.1
2007/08,LaLiga,Racing Santander,630,13.53,20,16.9,19,-3.37,12.86,28.57,-56.8
2007/08,LaLiga,RCD Mallorca,237,7.5,12,11.97,12,-4.47,12.86,28.57,-60.7
2007/08,LaLiga,Villarreal CF,1050,40.0,22,50.45,25,-10.45,12.86,28.57,-81.6
2007/08,LaLiga,CA Osasuna,331,10.8,18,23.9,15,-13.1,12.86,28.57,-90.9
2007/08,LaLiga,Deportivo de La Coruña,897,7.95,15,22.0,14,-14.05,12.86,28.57,-94.2
2008/09,LaLiga,FC Barcelona,131,96.0,9,54.59,11,41.41,0.89,19.6,206.7
2008/09,LaLiga,Atlético de Madrid,13,26.5,13,3.45,15,23.05,0.89,19.6,113.0
2008/09,LaLiga,Real Betis Balompié,150,34.2,14,11.5,13,22.7,0.89,19.6,111.2
2008/09,LaLiga,Real Madrid,418,82.2,12,71.0,11,11.2,0.89,19.6,52.6
2008/09,LaLiga,Getafe CF,3709,17.5,13,8.0,13,9.5,0.89,19.6,43.9
2008/09,LaLiga,UD Almería,3302,14.5,12,8.0,10,6.5,0.89,19.6,28.6
2008/09,LaLiga,Villarreal CF,1050,26.17,16,24.5,17,1.67,0.89,19.6,4.0
2008/09,LaLiga,Málaga CF,1084,1.1,15,0.0,16,1.1,0.89,19.6,1.0
2008/09,LaLiga,CA Osasuna,331,5.05,14,4.75,14,0.3,0.89,19.6,-3.0
2008/09,LaLiga,Sporting Gijón,2448,0.1,8,0.0,10,0.1,0.89,19.6,-4.1
2008/09,LaLiga,CD Numancia,2296,0.3,13,2.0,12,-1.7,0.89,19.6,-13.2
2008/09,LaLiga,Real Valladolid CF,366,1.25,13,5.5,13,-4.25,0.89,19.6,-26.2
2008/09,LaLiga,RCD Espanyol Barcelona,714,14.3,12,18.6,13,-4.3,0.89,19.6,-26.5
2008/09,LaLiga,Valencia CF,1049,6.6,22,11.3,21,-4.7,0.89,19.6,-28.5
2008/09,LaLiga,Athletic Bilbao,621,0.32,10,6.0,12,-5.68,0.89,19.6,-33.5
2008/09,LaLiga,Recreativo Huelva,2867,4.99,15,14.3,15,-9.31,0.89,19.6,-52.1
2008/09,LaLiga,Deportivo de La Coruña,897,9.2,17,20.18,19,-10.98,0.89,19.6,-60.6
2008/09,LaLiga,Racing Santander,630,3.8,16,17.5,19,-13.7,0.89,19.6,-74.5
2008/09,LaLiga,RCD Mallorca,237,10.23,18,32.4,19,-22.17,0.89,19.6,-117.7
2008/09,LaLiga,Sevilla FC,368,37.7,14,60.55,15,-22.85,0.89,19.6,-121.1
2009/10,LaLiga,Real Madrid,418,258.5,10,88.5,14,170.0,12.71,25.37,620.1
2009/10,LaLiga,FC Barcelona,131,113.5,8,24.5,10,89.0,12.71,25.37,300.7
2009/10,LaLiga,Sevilla FC,368,27.5,11,12.8,11,14.7,12.71,25.37,7.8
2009/10,LaLiga,Villarreal CF,1050,22.9,11,11.75,15,11.15,12.71,25.37,-6.1
2009/10,LaLiga,Real Zaragoza,142,14.9,20,10.92,17,3.98,12.71,25.37,-34.4
2009/10,LaLiga,Athletic Bilbao,621,2.3,9,0.0,9,2.3,12.71,25.37,-41.0
2009/10,LaLiga,Getafe CF,3709,12.25,11,11.4,13,0.85,12.71,25.37,-46.8
2009/10,LaLiga,CD Tenerife,648,0.6,7,0.0,7,0.6,12.71,25.37,-47.7
2009/10,LaLiga,Xerez CD,134,0.5,12,0.0,15,0.5,12.71,25.37,-48.1
2009/10,LaLiga,Málaga CF,1084,1.6,22,1.15,19,0.45,12.71,25.37,-48.3
2009/10,LaLiga,Deportivo de La Coruña,897,2.1,12,2.7,14,-0.6,12.71,25.37,-52.5
2009/10,LaLiga,Atlético de Madrid,13,17.25,15,17.9,15,-0.65,12.71,25.37,-52.7
2009/10,LaLiga,CA Osasuna,331,2.46,12,4.0,15,-1.54,12.71,25.37,-56.2
2009/10,LaLiga,Sporting Gijón,2448,1.4,10,3.3,10,-1.9,12.71,25.37,-57.6
2009/10,LaLiga,Racing Santander,630,6.5,20,8.5,19,-2.0,12.71,25.37,-58.0
2009/10,LaLiga,UD Almería,3302,5.2,10,7.5,9,-2.3,12.71,25.37,-59.2
2009/10,LaLiga,RCD Espanyol Barcelona,714,5.8,19,8.15,16,-2.35,12.71,25.37,-59.4
2009/10,LaLiga,Real Valladolid CF,366,6.68,21,9.5,18,-2.82,12.71,25.37,-61.2
2009/10,LaLiga,RCD Mallorca,237,0.4,15,9.95,14,-9.55,12.71,25.37,-87.7
2009/10,LaLiga,Valencia CF,1049,5.0,16,20.63,18,-15.63,12.71,25.37,-111.7
2010/11,LaLiga,Real Madrid,418,93.0,7,10.5,6,82.5,0.09,15.79,522.0
2010/11,LaLiga,Málaga CF,1084,25.04,23,0.0,24,25.04,0.09,15.79,158.0
2010/11,LaLiga,FC Barcelona,131,72.5,9,52.7,9,19.8,0.09,15.79,124.9
2010/11,LaLiga,Atlético de Madrid,13,34.05,10,23.9,12,10.15,0.09,15.79,63.7
2010/11,LaLiga,Hércules CF,7971,6.21,11,0.4,12,5.81,0.09,15.79,36.2
2010/11,LaLiga,Real Sociedad,681,4.2,9,0.0,10,4.2,0.09,15.79,26.0
2010/11,LaLiga,Athletic Bilbao,621,2.72,10,0.0,11,2.72,0.09,15.79,16.7
2010/11,LaLiga,Real Zaragoza,142,4.35,16,2.0,19,2.35,0.09,15.79,14.3
2010/11,LaLiga,Sporting Gijón,2448,0.8,8,0.0,10,0.8,0.09,15.79,4.5
2010/11,LaLiga,Levante UD,3368,0.0,14,0.0,14,0.0,0.09,15.79,-0.6
2010/11,LaLiga,UD Almería,3302,3.2,12,5.0,14,-1.8,0.09,15.79,-12.0
2010/11,LaLiga,RCD Mallorca,237,0.0,18,6.4,19,-6.4,0.09,15.79,-41.1
2010/11,LaLiga,CA Osasuna,331,2.79,11,10.25,11,-7.46,0.09,15.79,-47.8
2010/11,LaLiga,Racing Santander,630,1.47,15,10.0,16,-8.53,0.09,15.79,-54.6
2010/11,LaLiga,Villarreal CF,1050,4.25,18,15.82,14,-11.57,0.09,15.79,-73.9
2010/11,LaLiga,Sevilla FC,368,17.1,16,29.6,16,-12.5,0.09,15.79,-79.8
2010/11,LaLiga,RCD Espanyol Barcelona,714,11.25,16,24.5,21,-13.25,0.09,15.79,-84.5
2010/11,LaLiga,Deportivo de La Coruña,897,1.05,18,16.4,12,-15.35,0.09,15.79,-97.8
2010/11,LaLiga,Getafe CF,3709,3.9,11,22.1,10,-18.2,0.09,15.79,-115.9
2010/11,LaLiga,Valencia CF,1049,27.85,16,84.35,16,-56.5,0.09,15.79,-358.5
2011/12,LaLiga,Málaga CF,1084,59.25,16,0.0,16,59.25,4.32,20.03,274.2
2011/12,LaLiga,Real Madrid,418,56.0,6,8.0,7,48.0,4.32,20.03,218.1
2011/12,LaLiga,FC Barcelona,131,60.0,12,46.95,12,13.05,4.32,20.03,43.6
2011/12,LaLiga,Granada CF,16795,12.19,34,0.15,32,12.04,4.32,20.03,38.5
2011/12,LaLiga,Athletic Bilbao,621,7.5,6,0.0,7,7.5,4.32,20.03,15.9
2011/12,LaLiga,Villarreal CF,1050,31.3,16,26.85,14,4.45,4.32,20.03,0.7
2011/12,LaLiga,Sevilla FC,368,19.0,18,15.7,20,3.3,4.32,20.03,-5.1
2011/12,LaLiga,Real Sociedad,681,1.5,8,0.0,10,1.5,4.32,20.03,-14.1
2011/12,LaLiga,Valencia CF,1049,34.0,15,32.9,15,1.1,4.32,20.03,-16.1
2011/12,LaLiga,Atlético de Madrid,13,85.2,21,85.35,20,-0.15,4.32,20.03,-22.3
2011/12,LaLiga,Real Betis Balompié,150,3.44,14,4.5,15,-1.06,4.32,20.03,-26.9
2011/12,LaLiga,Rayo Vallecano,367,0.34,16,1.8,18,-1.46,4.32,20.03,-28.9
2011/12,LaLiga,Racing Santander,630,0.35,13,2.1,15,-1.75,4.32,20.03,-30.3
2011/12,LaLiga,Sporting Gijón,2448,1.5,10,4.5,6,-3.0,4.32,20.03,-36.5
2011/12,LaLiga,Real Zaragoza,142,11.5,19,15.8,21,-4.3,4.32,20.03,-43.0
2011/12,LaLiga,CA Osasuna,331,2.6,15,8.3,15,-5.7,4.32,20.03,-50.0
2011/12,LaLiga,RCD Mallorca,237,3.6,12,9.75,12,-6.15,4.32,20.03,-52.3
2011/12,LaLiga,Levante UD,3368,1.55,16,8.0,20,-6.45,4.32,20.03,-53.8
2011/12,LaLiga,Getafe CF,3709,3.3,17,18.58,16,-15.28,4.32,20.03,-97.8
2011/12,LaLiga,RCD Espanyol Barcelona,714,6.5,20,25.0,18,-18.5,4.32,20.03,-113.9
2012/13,LaLiga,FC Barcelona,131,33.0,7,0.5,5,32.5,-2.69,8.39,419.6
2012/13,LaLiga,Real Sociedad,681,14.0,8,0.5,8,13.5,-2.69,8.39,193.0
2012/13,LaLiga,Granada CF,16795,13.07,42,7.25,43,5.82,-2.69,8.39,101.5
2012/13,LaLiga,Celta de Vigo,940,5.15,13,0.0,10,5.15,-2.69,8.39,93.5
2012/13,LaLiga,Real Madrid,418,38.5,8,33.5,8,5.0,-2.69,8.39,91.7
2012/13,LaLiga,Real Betis Balompié,150,2.65,15,0.0,15,2.65,-2.69,8.39,63.7
2012/13,LaLiga,Sevilla FC,368,14.0,15,12.2,15,1.8,-2.69,8.39,53.5
2012/13,LaLiga,Deportivo de La Coruña,897,0.75,14,0.0,12,0.75,-2.69,8.39,41.0
2012/13,LaLiga,Getafe CF,3709,5.7,15,5.0,15,0.7,-2.69,8.39,40.4
2012/13,LaLiga,Real Zaragoza,142,2.3,24,1.67,19,0.63,-2.69,8.39,39.6
2012/13,LaLiga,Real Valladolid CF,366,0.0,9,0.0,13,0.0,-2.69,8.39,32.1
2012/13,LaLiga,RCD Mallorca,237,3.8,16,6.0,13,-2.2,-2.69,8.39,5.8
2012/13,LaLiga,RCD Espanyol Barcelona,714,3.35,14,5.7,17,-2.35,-2.69,8.39,4.0
2012/13,LaLiga,Rayo Vallecano,367,0.0,20,2.57,20,-2.57,-2.69,8.39,1.4
2012/13,LaLiga,CA Osasuna,331,0.6,18,5.7,16,-5.1,-2.69,8.39,-28.8
2012/13,LaLiga,Valencia CF,1049,23.2,10,30.0,14,-6.8,-2.69,8.39,-49.0
2012/13,LaLiga,Levante UD,3368,0.65,21,7.94,20,-7.29,-2.69,8.39,-54.9
2012/13,LaLiga,Atlético de Madrid,13,4.5,14,21.35,16,-16.85,-2.69,8.39,-168.9
2012/13,LaLiga,Athletic Bilbao,621,2.5,10,40.0,11,-37.5,-2.69,8.39,-415.1
2012/13,LaLiga,Málaga CF,1084,0.0,14,41.6,18,-41.6,-2.69,8.39,-464.0
2013/14,LaLiga,FC Barcelona,131,101.0,9,28.1,7,72.9,-2.58,22.61,333.8
2013/14,LaLiga,Real Madrid,418,175.5,10,113.5,10,62.0,-2.58,22.61,285.6
2013/14,LaLiga,Athletic Bilbao,621,15.4,12,0.0,11,15.4,-2.58,22.61,79.5
2013/14,LaLiga,Villarreal CF,1050,17.45,14,10.5,17,6.95,-2.58,22.61,42.2
2013/14,LaLiga,Elche CF,1531,2.23,16,0.0,17,2.23,-2.58,22.61,21.3
2013/14,LaLiga,Granada CF,16795,5.98,34,6.7,38,-0.72,-2.58,22.61,8.2
2013/14,LaLiga,Real Valladolid CF,366,1.05,10,1.8,9,-0.75,-2.58,22.61,8.1
2013/14,LaLiga,CA Osasuna,331,3.1,12,4.0,15,-0.9,-2.58,22.61,7.4
2013/14,LaLiga,UD Almería,3302,0.0,16,1.0,14,-1.0,-2.58,22.61,7.0
2013/14,LaLiga,Real Betis Balompié,150,7.45,23,10.03,20,-2.58,-2.58,22.61,0.0
2013/14,LaLiga,Levante UD,3368,0.3,16,4.62,15,-4.32,-2.58,22.61,-7.7
2013/14,LaLiga,Celta de Vigo,940,6.4,16,10.8,18,-4.4,-2.58,22.61,-8.0
2013/14,LaLiga,Getafe CF,3709,10.0,15,14.5,17,-4.5,-2.58,22.61,-8.5
2013/14,LaLiga,Rayo Vallecano,367,0.0,21,7.0,16,-7.0,-2.58,22.61,-19.5
2013/14,LaLiga,RCD Espanyol Barcelona,714,0.75,15,12.9,14,-12.15,-2.58,22.61,-42.3
2013/14,LaLiga,Valencia CF,1049,22.47,15,47.1,14,-24.63,-2.58,22.61,-97.5
2013/14,LaLiga,Real Sociedad,681,6.5,5,32.0,5,-25.5,-2.58,22.61,-101.4
2013/14,LaLiga,Málaga CF,1084,5.23,21,37.65,20,-32.42,-2.58,22.61,-132.0
2013/14,LaLiga,Atlético de Madrid,13,36.1,21,70.7,18,-34.6,-2.58,22.61,-141.6
2013/14,LaLiga,Sevilla FC,368,35.3,27,90.98,28,-55.68,-2.58,22.61,-234.8
2014/15,LaLiga,FC Barcelona,131,166.72,13,81.8,15,84.92,-1.6,28.28,306.0
2014/15,LaLiga,Atlético de Madrid,13,144.35,25,89.3,25,55.05,-1.6,28.28,200.4
2014/15,LaLiga,Real Madrid,418,126.0,8,112.1,8,13.9,-1.6,28.28,54.8
2014/15,LaLiga,Celta de Vigo,940,3.9,12,1.5,11,2.4,-1.6,28.28,14.2
2014/15,LaLiga,Deportivo de La Coruña,897,1.4,18,0.0,14,1.4,-1.6,28.28,10.6
2014/15,LaLiga,Córdoba CF,993,0.75,25,0.0,22,0.75,-1.6,28.28,8.3
2014/15,LaLiga,Rayo Vallecano,367,0.5,22,0.65,24,-0.15,-1.6,28.28,5.1
2014/15,LaLiga,Valencia CF,1049,55.05,23,55.45,25,-0.4,-1.6,28.28,4.3
2014/15,LaLiga,SD Eibar,1533,0.16,21,0.6,20,-0.44,-1.6,28.28,4.1
2014/15,LaLiga,UD Almería,3302,0.0,16,3.0,17,-3.0,-1.6,28.28,-4.9
2014/15,LaLiga,Villarreal CF,1050,18.7,14,22.5,15,-3.8,-1.6,28.28,-7.8
2014/15,LaLiga,Elche CF,1531,1.35,15,6.0,18,-4.65,-1.6,28.28,-10.8
2014/15,LaLiga,Getafe CF,3709,0.0,10,8.0,12,-8.0,-1.6,28.28,-22.6
2014/15,LaLiga,RCD Espanyol Barcelona,714,2.5,15,11.0,17,-8.5,-1.6,28.28,-24.4
2014/15,LaLiga,Levante UD,3368,0.8,14,10.0,14,-9.2,-1.6,28.28,-26.9
2014/15,LaLiga,Granada CF,16795,7.92,44,21.0,36,-13.08,-1.6,28.28,-40.6
2014/15,LaLiga,Málaga CF,1084,1.5,14,18.99,13,-17.49,-1.6,28.28,-56.2
2014/15,LaLiga,Sevilla FC,368,20.95,25,50.55,22,-29.6,-1.6,28.28,-99.0
2014/15,LaLiga,Athletic Bilbao,621,1.0,11,36.0,11,-35.0,-1.6,28.28,-118.1
2014/15,LaLiga,Real Sociedad,681,12.0,11,69.2,12,-57.2,-1.6,28.28,-196.6
2015/16,LaLiga,Valencia CF,1049,143.9,20,50.0,16,93.9,7.4,30.46,284.0
2015/16,LaLiga,Real Madrid,418,100.4,12,24.15,12,76.25,7.4,30.46,226.0
2015/16,LaLiga,Real Sociedad,681,26.1,17,1.0,14,25.1,7.4,30.46,58.1
2015/16,LaLiga,FC Barcelona,131,51.0,11,38.3,10,12.7,7.4,30.46,17.4
2015/16,LaLiga,Athletic Bilbao,621,10.0,13,0.0,16,10.0,7.4,30.46,8.5
2015/16,LaLiga,Villarreal CF,1050,47.2,19,37.56,18,9.64,7.4,30.46,7.4
2015/16,LaLiga,Deportivo de La Coruña,897,8.21,19,0.0,21,8.21,7.4,30.46,2.7
2015/16,LaLiga,Real Betis Balompié,150,8.85,22,1.05,18,7.8,7.4,30.46,1.3
2015/16,LaLiga,Levante UD,3368,6.55,16,0.0,15,6.55,7.4,30.46,-2.8
2015/16,LaLiga,UD Las Palmas,472,6.4,17,0.0,17,6.4,7.4,30.46,-3.3
2015/16,LaLiga,SD Eibar,1533,3.7,27,0.0,27,3.7,7.4,30.46,-12.1
2015/16,LaLiga,Rayo Vallecano,367,0.4,18,0.0,17,0.4,7.4,30.46,-23.0
2015/16,LaLiga,Sporting Gijón,2448,0.0,9,0.0,7,0.0,7.4,30.46,-24.3
2015/16,LaLiga,Celta de Vigo,940,16.3,10,18.5,12,-2.2,7.4,30.46,-31.5
2015/16,LaLiga,Getafe CF,3709,0.27,14,4.1,12,-3.83,7.4,30.46,-36.9
2015/16,LaLiga,Granada CF,16795,3.85,39,11.17,41,-7.32,7.4,30.46,-48.3
2015/16,LaLiga,RCD Espanyol Barcelona,714,4.45,24,15.2,19,-10.75,7.4,30.46,-59.6
2015/16,LaLiga,Sevilla FC,368,44.0,23,61.45,21,-17.45,7.4,30.46,-81.6
2015/16,LaLiga,Atlético de Madrid,13,119.0,22,152.0,23,-33.0,7.4,30.46,-132.6
2015/16,LaLiga,Málaga CF,1084,8.65,20,46.8,20,-38.15,7.4,30.46,-149.5
2016/17,LaLiga,FC Barcelona,131,124.75,11,33.8,13,90.95,1.56,26.73,334.4
2016/17,LaLiga,Atlético de Madrid,13,78.8,22,44.0,21,34.8,1.56,26.73,124.4
2016/17,LaLiga,Málaga CF,1084,13.04,19,0.0,16,13.04,1.56,26.73,42.9
2016/17,LaLiga,Real Betis Balompié,150,20.9,21,8.0,24,12.9,1.56,26.73,42.4
2016/17,LaLiga,RCD Espanyol Barcelona,714,18.4,20,6.0,22,12.4,1.56,26.73,40.6
2016/17,LaLiga,Real Sociedad,681,21.63,13,11.0,12,10.63,1.56,26.73,33.9
2016/17,LaLiga,Deportivo Alavés,1108,6.33,19,0.0,18,6.33,1.56,26.73,17.8
2016/17,LaLiga,CD Leganés,1244,5.45,22,0.2,19,5.25,1.56,26.73,13.8
2016/17,LaLiga,SD Eibar,1533,8.6,22,5.0,24,3.6,1.56,26.73,7.6
2016/17,LaLiga,UD Las Palmas,472,2.9,15,0.2,17,2.7,1.56,26.73,4.3
2016/17,LaLiga,Sporting Gijón,2448,1.0,16,0.0,14,1.0,1.56,26.73,-2.1
2016/17,LaLiga,Athletic Bilbao,621,0.0,16,0.0,14,0.0,1.56,26.73,-5.8
2016/17,LaLiga,CA Osasuna,331,2.2,15,3.75,9,-1.55,1.56,26.73,-11.6
2016/17,LaLiga,Real Madrid,418,30.0,14,37.5,12,-7.5,1.56,26.73,-33.9
2016/17,LaLiga,Villarreal CF,1050,55.95,23,67.25,22,-11.3,1.56,26.73,-48.1
2016/17,LaLiga,Celta de Vigo,940,8.4,11,19.8,7,-11.4,1.56,26.73,-48.5
2016/17,LaLiga,Sevilla FC,368,81.7,17,93.45,19,-11.75,1.56,26.73,-49.8
2016/17,LaLiga,Deportivo de La Coruña,897,7.0,23,20.0,24,-13.0,1.56,26.73,-54.5
2016/17,LaLiga,Granada CF,16795,11.58,38,31.6,39,-20.02,1.56,26.73,-80.7
2016/17,LaLiga,Valencia CF,1049,36.0,16,121.9,18,-85.9,1.56,26.73,-327.2
2017/18,LaLiga,FC Barcelona,131,388.1,13,232.5,12,155.6,1.51,46.58,330.8
2017/18,LaLiga,Valencia CF,1049,55.0,23,16.55,23,38.45,1.51,46.58,79.3
2017/18,LaLiga,Celta de Vigo,940,26.8,15,13.2,20,13.6,1.51,46.58,26.0
2017/18,LaLiga,Real Betis Balompié,150,38.5,21,27.07,22,11.43,1.51,46.58,21.3
2017/18,LaLiga,Getafe CF,3709,12.9,26,1.6,24,11.3,1.51,46.58,21.0
2017/18,LaLiga,Girona FC,12321,8.75,20,0.0,22,8.75,1.51,46.58,15.6
2017/18,LaLiga,RCD Espanyol Barcelona,714,17.05,17,10.5,17,6.55,1.51,46.58,10.8
2017/18,LaLiga,CD Leganés,1244,6.55,21,0.13,23,6.42,1.51,46.58,10.6
2017/18,LaLiga,Deportivo Alavés,1108,12.7,21,7.5,21,5.2,1.51,46.58,7.9
2017/18,LaLiga,Deportivo de La Coruña,897,9.5,21,5.5,19,4.0,1.51,46.58,5.4
2017/18,LaLiga,SD Eibar,1533,10.25,22,10.0,20,0.25,1.51,46.58,-2.7
2017/18,LaLiga,Sevilla FC,368,78.05,17,81.6,15,-3.55,1.51,46.58,-10.9
2017/18,LaLiga,Levante UD,3368,10.0,23,13.85,17,-3.85,1.51,46.58,-11.5
2017/18,LaLiga,Atlético de Madrid,13,95.6,17,104.0,21,-8.4,1.51,46.58,-21.3
2017/18,LaLiga,Málaga CF,1084,17.5,25,33.4,25,-15.9,1.51,46.58,-37.4
2017/18,LaLiga,Villarreal CF,1050,46.1,17,68.0,15,-21.9,1.51,46.58,-50.2
2017/18,LaLiga,UD Las Palmas,472,0.35,23,25.7,22,-25.35,1.51,46.58,-57.6
2017/18,LaLiga,Real Sociedad,681,25.5,14,53.0,14,-27.5,1.51,46.58,-62.3
2017/18,LaLiga,Athletic Bilbao,621,32.0,9,65.0,9,-33.0,1.51,46.58,-74.1
2017/18,LaLiga,Real Madrid,418,40.5,9,132.5,10,-92.0,1.51,46.58,-200.7
2018/19,LaLiga,Atlético de Madrid,13,168.0,22,57.9,19,110.1,8.16,52.69,193.5
2018/19,LaLiga,Valencia CF,1049,129.2,22,68.8,22,60.4,8.16,52.69,99.1
2018/19,LaLiga,Villarreal CF,1050,92.9,24,54.8,24,38.1,8.16,52.69,56.8
2018/19,LaLiga,Real Madrid,418,164.75,16,136.1,14,28.65,8.16,52.69,38.9
2018/19,LaLiga,Getafe CF,3709,27.25,28,5.0,28,22.25,8.16,52.69,26.7
2018/19,LaLiga,Real Valladolid CF,366,10.1,21,0.0,22,10.1,8.16,52.69,3.7
2018/19,LaLiga,SD Huesca,5358,9.0,22,0.4,23,8.6,8.16,52.69,0.8
2018/19,LaLiga,Girona FC,12321,10.2,11,3.3,11,6.9,8.16,52.69,-2.4
2018/19,LaLiga,Deportivo Alavés,1108,10.0,28,9.0,28,1.0,8.16,52.69,-13.6
2018/19,LaLiga,SD Eibar,1533,8.0,15,7.75,17,0.25,8.16,52.69,-15.0
2018/19,LaLiga,Rayo Vallecano,367,12.3,28,13.0,27,-0.7,8.16,52.69,-16.8
2018/19,LaLiga,Real Betis Balompié,150,47.0,19,49.3,20,-2.3,8.16,52.69,-19.9
2018/19,LaLiga,FC Barcelona,131,141.1,19,146.05,19,-4.95,8.16,52.69,-24.9
2018/19,LaLiga,Celta de Vigo,940,30.0,23,35.7,18,-5.7,8.16,52.69,-26.3
2018/19,LaLiga,CD Leganés,1244,18.9,30,24.6,28,-5.7,8.16,52.69,-26.3
2018/19,LaLiga,RCD Espanyol Barcelona,714,22.1,13,30.8,13,-8.7,8.16,52.69,-32.0
2018/19,LaLiga,Sevilla FC,368,81.05,20,93.8,22,-12.75,8.16,52.69,-39.7
2018/19,LaLiga,Levante UD,3368,26.3,17,41.5,22,-15.2,8.16,52.69,-44.3
2018/19,LaLiga,Real Sociedad,681,12.0,12,32.8,14,-20.8,8.16,52.69,-55.0
2018/19,LaLiga,Athletic Bilbao,621,33.65,11,80.0,9,-46.35,8.16,52.69,-103.5
2019/20,LaLiga,Real Madrid,418,361.3,23,136.8,22,224.5,18.95,77.73,264.4
2019/20,LaLiga,FC Barcelona,131,304.0,22,154.4,23,149.6,18.95,77.73,168.1
2019/20,LaLiga,Sevilla FC,368,188.73,30,131.4,33,57.33,18.95,77.73,49.4
2019/20,LaLiga,Real Betis Balompié,150,96.45,21,72.0,19,24.45,18.95,77.73,7.1
2019/20,LaLiga,Real Sociedad,681,31.75,13,9.5,14,22.25,18.95,77.73,4.2
2019/20,LaLiga,Valencia CF,1049,75.0,24,56.3,21,18.7,18.95,77.73,-0.3
2019/20,LaLiga,CA Osasuna,331,14.45,21,0.3,16,14.15,18.95,77.73,-6.2
2019/20,LaLiga,Granada CF,16795,11.24,20,0.3,17,10.94,18.95,77.73,-10.3
2019/20,LaLiga,Getafe CF,3709,21.5,21,11.25,19,10.25,18.95,77.73,-11.2
2019/20,LaLiga,RCD Mallorca,237,7.5,31,0.0,29,7.5,18.95,77.73,-14.7
2019/20,LaLiga,RCD Espanyol Barcelona,714,61.5,19,61.0,15,0.5,18.95,77.73,-23.7
2019/20,LaLiga,Athletic Bilbao,621,0.0,10,0.0,12,0.0,18.95,77.73,-24.4
2019/20,LaLiga,Levante UD,3368,14.6,21,14.9,21,-0.3,18.95,77.73,-24.8
2019/20,LaLiga,Real Valladolid CF,366,1.4,21,8.0,22,-6.6,18.95,77.73,-32.9
2019/20,LaLiga,SD Eibar,1533,17.3,19,27.0,17,-9.7,18.95,77.73,-36.9
2019/20,LaLiga,Deportivo Alavés,1108,11.77,29,22.5,27,-10.73,18.95,77.73,-38.2
2019/20,LaLiga,Celta de Vigo,940,24.6,18,43.65,17,-19.05,18.95,77.73,-48.9
2019/20,LaLiga,CD Leganés,1244,18.45,32,40.82,35,-22.37,18.95,77.73,-53.2
2019/20,LaLiga,Villarreal CF,1050,45.8,19,69.3,20,-23.5,18.95,77.73,-54.6
2019/20,LaLiga,Atlético de Madrid,13,247.35,20,316.3,19,-68.95,18.95,77.73,-113.1
2020/21,LaLiga,Sevilla FC,368,74.35,22,19.68,19,54.67,-8.12,21.79,288.2
2020/21,LaLiga,Granada CF,16795,23.5,13,0.0,13,23.5,-8.12,21.79,145.2
2020/21,LaLiga,Getafe CF,3709,22.05,21,9.75,24,12.3,-8.12,21.79,93.7
2020/21,LaLiga,Villarreal CF,1050,37.84,24,26.65,20,11.19,-8.12,21.79,88.6
2020/21,LaLiga,Athletic Bilbao,621,11.13,12,0.0,9,11.13,-8.12,21.79,88.4
2020/21,LaLiga,Cádiz CF,2687,10.1,30,0.0,31,10.1,-8.12,21.79,83.6
2020/21,LaLiga,Atlético de Madrid,13,92.0,14,83.3,15,8.7,-8.12,21.79,77.2
2020/21,LaLiga,CA Osasuna,331,9.15,15,3.45,15,5.7,-8.12,21.79,63.4
2020/21,LaLiga,SD Huesca,5358,4.65,21,0.0,18,4.65,-8.12,21.79,58.6
2020/21,LaLiga,Levante UD,3368,8.0,15,5.0,14,3.0,-8.12,21.79,51.1
2020/21,LaLiga,SD Eibar,1533,2.0,13,0.15,13,1.85,-8.12,21.79,45.8
2020/21,LaLiga,Celta de Vigo,940,3.0,10,2.5,12,0.5,-8.12,21.79,39.6
2020/21,LaLiga,Elche CF,1531,6.1,21,7.3,19,-1.2,-8.12,21.79,31.8
2020/21,LaLiga,Real Valladolid CF,366,9.85,28,12.1,24,-2.25,-8.12,21.79,27.0
2020/21,LaLiga,Deportivo Alavés,1108,0.0,23,4.88,24,-4.88,-8.12,21.79,14.9
2020/21,LaLiga,Real Sociedad,681,10.0,11,28.25,7,-18.25,-8.12,21.79,-46.5
2020/21,LaLiga,FC Barcelona,131,111.94,18,154.4,15,-42.46,-8.12,21.79,-157.6
2020/21,LaLiga,Real Betis Balompié,150,0.0,16,43.7,14,-43.7,-8.12,21.79,-163.3
2020/21,LaLiga,Valencia CF,1049,0.05,14,88.85,13,-88.8,-8.12,21.79,-370.3
2020/21,LaLiga,Real Madrid,418,0.0,15,108.2,19,-108.2,-8.12,21.79,-459.4
2021/22,LaLiga,Atlético de Madrid,13,85.7,19,22.75,19,62.95,4.85,19.76,294.0
2021/22,LaLiga,Villarreal CF,1050,54.5,20,15.34,23,39.16,4.85,19.76,173.6
2021/22,LaLiga,Granada CF,16795,19.04,20,3.0,18,16.04,4.85,19.76,56.6
2021/22,LaLiga,Valencia CF,1049,16.35,16,2.7,16,13.65,4.85,19.76,44.5
2021/22,LaLiga,Sevilla FC,368,41.5,17,28.5,17,13.0,4.85,19.76,41.3
2021/22,LaLiga,CA Osasuna,331,8.7,14,0.0,15,8.7,4.85,19.76,19.5
2021/22,LaLiga,Celta de Vigo,940,10.02,13,1.8,16,8.22,4.85,19.76,17.1
2021/22,LaLiga,Elche CF,1531,8.2,19,0.2,18,8.0,4.85,19.76,16.0
2021/22,LaLiga,Cádiz CF,2687,6.1,24,0.0,22,6.1,4.85,19.76,6.3
2021/22,LaLiga,RCD Espanyol Barcelona,714,6.0,11,0.0,8,6.0,4.85,19.76,5.8
2021/22,LaLiga,Rayo Vallecano,367,4.3,16,2.2,19,2.1,4.85,19.76,-13.9
2021/22,LaLiga,Real Sociedad,681,2.5,7,0.96,9,1.54,4.85,19.76,-16.7
2021/22,LaLiga,RCD Mallorca,237,10.0,21,9.0,23,1.0,4.85,19.76,-19.5
2021/22,LaLiga,Levante UD,3368,0.88,13,0.0,10,0.88,4.85,19.76,-20.1
2021/22,LaLiga,Athletic Bilbao,621,0.0,6,0.0,9,0.0,4.85,19.76,-24.5
2021/22,LaLiga,Deportivo Alavés,1108,1.6,25,3.5,23,-1.9,4.85,19.76,-34.1
2021/22,LaLiga,Getafe CF,3709,15.16,22,21.0,19,-5.84,4.85,19.76,-54.1
2021/22,LaLiga,Real Betis Balompié,150,4.21,9,14.0,8,-9.79,4.85,19.76,-74.1
2021/22,LaLiga,FC Barcelona,131,69.5,20,95.36,18,-25.86,4.85,19.76,-155.4
2021/22,LaLiga,Real Madrid,418,31.0,10,78.0,7,-47.0,4.85,19.76,-262.3
2022/23,LaLiga,FC Barcelona,131,159.0,16,39.5,22,119.5,2.51,29.79,392.6
2022/23,LaLiga,Girona FC,12321,25.0,24,0.75,22,24.25,2.51,29.79,73.0
2022/23,LaLiga,UD Almería,3302,37.08,23,22.2,24,14.88,2.51,29.79,41.5
2022/23,LaLiga,Rayo Vallecano,367,14.3,17,0.2,15,14.1,2.51,29.79,38.9
2022/23,LaLiga,Real Betis Balompié,150,27.4,10,14.75,12,12.65,2.51,29.79,34.0
2022/23,LaLiga,RCD Mallorca,237,17.3,19,5.3,21,12.0,2.51,29.79,31.8
2022/23,LaLiga,Cádiz CF,2687,12.38,27,1.0,24,11.38,2.51,29.79,29.8
2022/23,LaLiga,Real Valladolid CF,366,12.3,26,1.3,28,11.0,2.51,29.79,28.5
2022/23,LaLiga,Celta de Vigo,940,25.73,20,17.2,17,8.53,2.51,29.79,20.2
2022/23,LaLiga,Elche CF,1531,13.16,20,9.4,18,3.76,2.51,29.79,4.2
2022/23,LaLiga,RCD Espanyol Barcelona,714,20.6,27,17.8,26,2.8,2.51,29.79,1.0
2022/23,LaLiga,CA Osasuna,331,2.0,11,0.25,14,1.75,2.51,29.79,-2.6
2022/23,LaLiga,Atlético de Madrid,13,29.5,23,28.25,23,1.25,2.51,29.79,-4.2
2022/23,LaLiga,Athletic Bilbao,621,0.0,15,0.0,13,0.0,2.51,29.79,-8.4
2022/23,LaLiga,Getafe CF,3709,15.75,21,20.5,21,-4.75,2.51,29.79,-24.4
2022/23,LaLiga,Real Madrid,418,80.0,12,101.5,13,-21.5,2.51,29.79,-80.6
2022/23,LaLiga,Villarreal CF,1050,6.48,17,31.6,18,-25.12,2.51,29.79,-92.8
2022/23,LaLiga,Real Sociedad,681,55.0,17,88.0,15,-33.0,2.51,29.79,-119.2
2022/23,LaLiga,Valencia CF,1049,12.5,14,54.6,15,-42.1,2.51,29.79,-149.7
2022/23,LaLiga,Sevilla FC,368,30.4,23,91.5,24,-61.1,2.51,29.79,-213.5
2023/24,LaLiga,Real Madrid,418,161.5,9,13.0,10,148.5,-5.54,28.9,533.0
2023/24,LaLiga,Rayo Vallecano,367,22.3,16,5.7,16,16.6,-5.54,28.9,76.6
2023/24,LaLiga,Granada CF,16795,19.19,24,10.45,25,8.74,-5.54,28.9,49.4
2023/24,LaLiga,Deportivo Alavés,1108,10.4,19,2.5,19,7.9,-5.54,28.9,46.5
2023/24,LaLiga,RCD Mallorca,237,28.7,15,22.0,15,6.7,-5.54,28.9,42.4
2023/24,LaLiga,UD Las Palmas,472,4.8,17,0.0,17,4.8,-5.54,28.9,35.8
2023/24,LaLiga,Sevilla FC,368,32.0,25,27.4,21,4.6,-5.54,28.9,35.1
2023/24,LaLiga,Girona FC,12321,22.25,19,17.9,20,4.35,-5.54,28.9,34.2
2023/24,LaLiga,Getafe CF,3709,11.0,20,7.04,24,3.96,-5.54,28.9,32.9
2023/24,LaLiga,Real Sociedad,681,20.4,15,17.8,15,2.6,-5.54,28.9,28.2
2023/24,LaLiga,CA Osasuna,331,7.0,9,5.0,9,2.0,-5.54,28.9,26.1
2023/24,LaLiga,Athletic Bilbao,621,0.0,12,0.0,13,0.0,-5.54,28.9,19.2
2023/24,LaLiga,UD Almería,3302,54.75,22,56.7,23,-1.95,-5.54,28.9,12.4
2023/24,LaLiga,Cádiz CF,2687,6.0,23,10.0,23,-4.0,-5.54,28.9,5.3
2023/24,LaLiga,Celta de Vigo,940,31.2,23,46.2,20,-15.0,-5.54,28.9,-32.7
2023/24,LaLiga,Valencia CF,1049,10.4,16,28.9,18,-18.5,-5.54,28.9,-44.8
2023/24,LaLiga,Real Betis Balompié,150,33.7,21,70.5,20,-36.8,-5.54,28.9,-108.2
2023/24,LaLiga,Atlético de Madrid,13,56.5,25,103.1,22,-46.6,-5.54,28.9,-142.1
2023/24,LaLiga,FC Barcelona,131,33.4,22,131.7,19,-98.3,-5.54,28.9,-321.0
2023/24,LaLiga,Villarreal CF,1050,12.5,17,113.0,14,-100.5,-5.54,28.9,-328.6
2024/25,LaLiga,Atlético de Madrid,13,188.0,18,114.98,20,73.02,-6.48,30.88,257.4
2024/25,LaLiga,Athletic Bilbao,621,18.0,16,9.25,17,8.75,-6.48,30.88,49.3
2024/25,LaLiga,CD Leganés,1244,3.93,22,4.0,21,-0.07,-6.48,30.88,20.8
2024/25,LaLiga,FC Barcelona,131,66.5,19,66.8,17,-0.3,-6.48,30.88,20.0
2024/25,LaLiga,CA Osasuna,331,8.55,6,8.95,5,-0.4,-6.48,30.88,19.7
2024/25,LaLiga,RCD Espanyol Barcelona,714,0.9,18,1.55,16,-0.65,-6.48,30.88,18.9
2024/25,LaLiga,Rayo Vallecano,367,0.0,10,2.0,10,-2.0,-6.48,30.88,14.5
2024/25,LaLiga,Real Valladolid CF,366,16.68,25,19.1,24,-2.42,-6.48,30.88,13.2
2024/25,LaLiga,UD Las Palmas,472,4.0,20,8.23,21,-4.23,-6.48,30.88,7.3
2024/25,LaLiga,Villarreal CF,1050,69.0,23,76.7,26,-7.7,-6.48,30.88,-3.9
2024/25,LaLiga,Deportivo Alavés,1108,11.0,26,19.37,23,-8.37,-6.48,30.88,-6.1
2024/25,LaLiga,Celta de Vigo,940,11.2,20,20.5,21,-9.3,-6.48,30.88,-9.1
2024/25,LaLiga,RCD Mallorca,237,2.35,13,14.0,13,-11.65,-6.48,30.88,-16.7
2024/25,LaLiga,Sevilla FC,368,20.0,19,32.85,25,-12.85,-6.48,30.88,-20.6
2024/25,LaLiga,Girona FC,12321,50.2,24,70.4,22,-20.2,-6.48,30.88,-44.4
2024/25,LaLiga,Real Betis Balompié,150,41.05,21,61.32,23,-20.27,-6.48,30.88,-44.7
2024/25,LaLiga,Getafe CF,3709,9.2,20,33.9,18,-24.7,-6.48,30.88,-59.0
2024/25,LaLiga,Real Sociedad,681,45.2,15,71.35,16,-26.15,-6.48,30.88,-63.7
2024/25,LaLiga,Valencia CF,1049,2.87,16,30.0,13,-27.13,-6.48,30.88,-66.9
2024/25,LaLiga,Real Madrid,418,49.0,12,82.0,11,-33.0,-6.48,30.88,-85.9
2025/26,LaLiga,Real Madrid,418,167.5,9,39.5,8,128.0,0.49,40.57,314.3
2025/26,LaLiga,Atlético de Madrid,13,230.95,20,145.5,19,85.45,0.49,40.57,209.4
2025/26,LaLiga,CA Osasuna,331,30.5,9,12.0,8,18.5,0.49,40.57,44.4
2025/26,LaLiga,Athletic Bilbao,621,22.0,15,4.2,10,17.8,0.49,40.57,42.7
2025/26,LaLiga,Rayo Vallecano,367,7.1,12,0.0,11,7.1,0.49,40.57,16.3
2025/26,LaLiga,RCD Mallorca,237,13.6,14,9.6,12,4.0,0.49,40.57,8.7
2025/26,LaLiga,Real Oviedo,2497,4.0,23,0.05,22,3.95,0.49,40.57,8.5
2025/26,LaLiga,Real Betis Balompié,150,65.5,23,61.63,21,3.87,0.49,40.57,8.3
2025/26,LaLiga,Levante UD,3368,5.83,21,5.5,17,0.33,0.49,40.57,-0.4
2025/26,LaLiga,Villarreal CF,1050,105.5,22,108.0,20,-2.5,0.49,40.57,-7.4
2025/26,LaLiga,FC Barcelona,131,27.5,9,31.2,12,-3.7,0.49,40.57,-10.3
2025/26,LaLiga,RCD Espanyol Barcelona,714,16.75,24,25.0,25,-8.25,0.49,40.57,-21.5
2025/26,LaLiga,Valencia CF,1049,16.5,19,26.13,18,-9.63,0.49,40.57,-24.9
2025/26,LaLiga,Elche CF,1531,21.1,23,31.5,24,-10.4,0.49,40.57,-26.8
2025/26,LaLiga,Getafe CF,3709,1.8,18,12.6,17,-10.8,0.49,40.57,-27.8
2025/26,LaLiga,Deportivo Alavés,1108,11.12,23,32.0,24,-20.88,0.49,40.57,-52.7
2025/26,LaLiga,Girona FC,12321,27.35,23,58.5,22,-31.15,0.49,40.57,-78.0
2025/26,LaLiga,Celta de Vigo,940,15.0,23,58.7,20,-43.7,0.49,40.57,-108.9
2025/26,LaLiga,Sevilla FC,368,0.25,17,55.0,12,-54.75,0.49,40.57,-136.2
2025/26,LaLiga,Real Sociedad,681,21.5,12,85.0,12,-63.5,0.49,40.57,-157.7
2026/27,LaLiga,Real Madrid,418,225.0,10,58.5,9,166.5,12.51,37.6,409.5
2026/27,LaLiga,FC Barcelona,131,184.0,21,89.5,17,94.5,12.51,37.6,218.0
2026/27,LaLiga,Atlético de Madrid,13,123.0,11,59.0,11,64.0,12.51,37.6,136.9
2026/27,LaLiga,Deportivo A Coruña,897,26.0,14,0.5,13,25.5,12.51,37.6,34.6
2026/27,LaLiga,Villarreal CF,1050,16.5,14,2.9,15,13.6,12.51,37.6,2.9
2026/27,LaLiga,Celta de Vigo,940,11.8,10,0.35,13,11.45,12.51,37.6,-2.8
2026/27,LaLiga,Valencia CF,1049,9.0,15,1.75,13,7.25,12.51,37.6,-14.0
2026/27,LaLiga,Deportivo Alavés,1108,13.0,16,7.2,15,5.8,12.51,37.6,-17.8
2026/27,LaLiga,Getafe CF,3709,19.5,20,14.1,20,5.4,12.51,37.6,-18.9
2026/27,LaLiga,RCD Espanyol Barcelona,714,5.55,17,0.5,15,5.05,12.51,37.6,-19.8
2026/27,LaLiga,Real Sociedad,681,8.5,9,6.0,8,2.5,12.51,37.6,-26.6
2026/27,LaLiga,Málaga CF,1084,0.3,8,0.0,10,0.3,12.51,37.6,-32.5
2026/27,LaLiga,Real Betis Balompié,150,30.5,11,31.63,12,-1.13,12.51,37.6,-36.3
2026/27,LaLiga,Racing Santander,630,16.8,18,20.6,19,-3.8,12.51,37.6,-43.4
2026/27,LaLiga,Athletic Bilbao,621,0.0,8,11.0,10,-11.0,12.51,37.6,-62.5
2026/27,LaLiga,Elche CF,1531,23.25,20,37.0,17,-13.75,12.51,37.6,-69.8
2026/27,LaLiga,Sevilla FC,368,15.5,14,41.0,16,-25.5,12.51,37.6,-101.1
2026/27,LaLiga,Rayo Vallecano,367,10.78,13,42.4,12,-31.62,12.51,37.6,-117.3
2026/27,LaLiga,Levante UD,3368,5.1,16,37.0,18,-31.9,12.51,37.6,-118.1
2026/27,LaLiga,CA Osasuna,331,8.0,7,41.02,5,-33.02,12.51,37.6,-121.1
1998/99,Ligue 1,Olympique Marseille,244,13.37,20,2.4,14,10.97,-1.72,4.33,293.4
1998/99,Ligue 1,Olympique Lyon,1041,7.5,9,0.0,10,7.5,-1.72,4.33,213.2
1998/99,Ligue 1,Paris Saint-Germain,583,22.14,17,16.26,20,5.88,-1.72,4.33,175.7
1998/99,Ligue 1,RC Lens,826,12.9,13,11.0,13,1.9,-1.72,4.33,83.7
1998/99,Ligue 1,FC Girondins Bordeaux,40,3.3,10,3.0,10,0.3,-1.72,4.33,46.7
1998/99,Ligue 1,FC Sochaux-Montbéliard,750,0.0,11,0.0,6,0.0,-1.72,4.33,39.8
1998/99,Ligue 1,FC Lorient,1158,0.0,16,0.0,10,0.0,-1.72,4.33,39.8
1998/99,Ligue 1,AS Nancy-Lorraine,1159,0.0,7,0.0,7,0.0,-1.72,4.33,39.8
1998/99,Ligue 1,Stade Rennais FC,273,10.48,13,10.55,13,-0.07,-1.72,4.33,38.1
1998/99,Ligue 1,FC Toulouse,415,0.0,24,0.3,12,-0.3,-1.72,4.33,32.8
1998/99,Ligue 1,FC Nantes,995,0.0,12,0.5,10,-0.5,-1.72,4.33,28.2
1998/99,Ligue 1,SC Bastia,595,2.12,16,3.6,15,-1.48,-1.72,4.33,5.5
1998/99,Ligue 1,AJ Auxerre,290,0.0,12,6.1,13,-6.1,-1.72,4.33,-101.3
1998/99,Ligue 1,Le Havre AC,738,0.0,11,7.5,10,-7.5,-1.72,4.33,-133.6
1998/99,Ligue 1,FC Metz,347,3.05,17,10.77,15,-7.72,-1.72,4.33,-138.7
1998/99,Ligue 1,RC Strasbourg Alsace,667,1.5,16,9.54,11,-8.04,-1.72,4.33,-146.1
1998/99,Ligue 1,Montpellier HSC,969,0.0,8,11.05,12,-11.05,-1.72,4.33,-215.7
1998/99,Ligue 1,AS Monaco,162,1.5,9,16.25,9,-14.75,-1.72,4.33,-301.2
1999/00,Ligue 1,Olympique Lyon,1041,27.0,9,0.15,13,26.85,2.74,7.7,313.1
1999/00,Ligue 1,FC Girondins Bordeaux,40,22.05,14,3.07,10,18.98,2.74,7.7,210.9
1999/00,Ligue 1,RC Strasbourg Alsace,667,7.52,8,0.0,12,7.52,2.74,7.7,62.1
1999/00,Ligue 1,Olympique Marseille,244,25.7,21,20.7,22,5.0,2.74,7.7,29.4
1999/00,Ligue 1,Stade Rennais FC,273,4.57,11,0.68,14,3.89,2.74,7.7,15.0
1999/00,Ligue 1,AJ Auxerre,290,3.85,14,0.0,9,3.85,2.74,7.7,14.5
1999/00,Ligue 1,FC Metz,347,3.8,12,0.0,14,3.8,2.74,7.7,13.8
1999/00,Ligue 1,AS Saint-Étienne,618,2.3,12,0.0,13,2.3,2.74,7.7,-5.7
1999/00,Ligue 1,Association Troyes Aube Champagne,1095,1.65,14,0.0,12,1.65,2.74,7.7,-14.1
1999/00,Ligue 1,CS Sedan-Ardennes,1081,0.3,9,0.0,8,0.3,2.74,7.7,-31.6
1999/00,Ligue 1,FC Nantes,995,0.5,8,0.21,6,0.29,2.74,7.7,-31.8
1999/00,Ligue 1,Montpellier HSC,969,0.0,13,0.0,7,0.0,2.74,7.7,-35.5
1999/00,Ligue 1,Le Havre AC,738,0.45,16,0.9,15,-0.45,2.74,7.7,-41.4
1999/00,Ligue 1,SC Bastia,595,0.0,10,0.75,8,-0.75,2.74,7.7,-45.3
1999/00,Ligue 1,Paris Saint-Germain,583,16.07,19,16.85,14,-0.78,2.74,7.7,-45.7
1999/00,Ligue 1,AS Monaco,162,13.6,8,16.4,9,-2.8,2.74,7.7,-71.9
1999/00,Ligue 1,AS Nancy-Lorraine,1159,0.0,8,3.8,7,-3.8,2.74,7.7,-84.9
1999/00,Ligue 1,RC Lens,826,9.25,17,25.85,12,-16.6,2.74,7.7,-251.1
2000/01,Ligue 1,Paris Saint-Germain,583,95.99,15,7.59,12,88.4,3.96,15.57,542.2
2000/01,Ligue 1,Olympique Lyon,1041,28.0,17,5.63,12,22.37,3.96,15.57,118.2
2000/01,Ligue 1,Stade Rennais FC,273,37.65,16,27.0,13,10.65,3.96,15.57,42.9
2000/01,Ligue 1,AS Saint-Étienne,618,5.55,12,0.7,15,4.85,3.96,15.57,5.7
2000/01,Ligue 1,RC Strasbourg Alsace,667,8.0,12,3.2,13,4.8,3.96,15.57,5.4
2000/01,Ligue 1,FC Nantes,995,7.2,6,3.6,10,3.6,3.96,15.57,-2.3
2000/01,Ligue 1,SC Bastia,595,1.5,5,0.0,6,1.5,3.96,15.57,-15.8
2000/01,Ligue 1,ESTAC Troyes,1095,1.22,11,0.0,8,1.22,3.96,15.57,-17.6
2000/01,Ligue 1,LOSC Lille,1082,0.35,9,0.0,7,0.35,3.96,15.57,-23.2
2000/01,Ligue 1,EA Guingamp,855,0.0,9,0.0,7,0.0,3.96,15.57,-25.4
2000/01,Ligue 1,FC Toulouse,415,0.0,15,1.5,18,-1.5,3.96,15.57,-35.1
2000/01,Ligue 1,FC Girondins Bordeaux,40,23.06,12,25.44,15,-2.38,3.96,15.57,-40.7
2000/01,Ligue 1,CS Sedan-Ardennes,1081,0.0,11,3.05,13,-3.05,3.96,15.57,-45.0
2000/01,Ligue 1,AJ Auxerre,290,2.8,8,6.1,13,-3.3,3.96,15.57,-46.6
2000/01,Ligue 1,FC Metz,347,0.0,15,3.98,17,-3.98,3.96,15.57,-51.0
2000/01,Ligue 1,RC Lens,826,11.4,13,26.0,18,-14.6,3.96,15.57,-119.2
2000/01,Ligue 1,AS Monaco,162,34.6,14,50.49,14,-15.89,3.96,15.57,-127.5
2000/01,Ligue 1,Olympique Marseille,244,23.01,19,44.75,21,-21.74,3.96,15.57,-165.0
2001/02,Ligue 1,Olympique Marseille,244,31.6,37,19.05,35,12.55,-1.68,10.69,133.1
2001/02,Ligue 1,RC Lens,826,12.19,22,1.5,18,10.69,-1.68,10.69,115.7
2001/02,Ligue 1,Stade Rennais FC,273,20.62,15,12.83,11,7.79,-1.68,10.69,88.6
2001/02,Ligue 1,FC Girondins Bordeaux,40,28.58,16,22.64,16,5.94,-1.68,10.69,71.3
2001/02,Ligue 1,Olympique Lyon,1041,34.5,9,28.78,9,5.72,-1.68,10.69,69.2
2001/02,Ligue 1,AJ Auxerre,290,2.0,9,0.0,9,2.0,-1.68,10.69,34.4
2001/02,Ligue 1,LOSC Lille,1082,1.8,8,0.0,9,1.8,-1.68,10.69,32.5
2001/02,Ligue 1,FC Metz,347,1.0,14,0.5,14,0.5,-1.68,10.69,20.4
2001/02,Ligue 1,EA Guingamp,855,0.1,8,0.0,9,0.1,-1.68,10.69,16.6
2001/02,Ligue 1,CS Sedan-Ardennes,1081,0.0,11,0.0,6,0.0,-1.68,10.69,15.7
2001/02,Ligue 1,FC Lorient,1158,0.7,20,1.95,9,-1.25,-1.68,10.69,4.0
2001/02,Ligue 1,ESTAC Troyes,1095,1.8,12,4.57,14,-2.77,-1.68,10.69,-10.2
2001/02,Ligue 1,Montpellier HSC,969,0.0,16,6.8,11,-6.8,-1.68,10.69,-47.9
2001/02,Ligue 1,FC Sochaux-Montbéliard,750,0.0,9,7.0,10,-7.0,-1.68,10.69,-49.8
2001/02,Ligue 1,FC Nantes,995,9.0,14,16.6,10,-7.6,-1.68,10.69,-55.4
2001/02,Ligue 1,SC Bastia,595,0.37,14,9.5,17,-9.13,-1.68,10.69,-69.7
2001/02,Ligue 1,AS Monaco,162,28.71,21,38.86,16,-10.15,-1.68,10.69,-79.2
2001/02,Ligue 1,Paris Saint-Germain,583,19.5,22,52.13,24,-32.63,-1.68,10.69,-289.4
2002/03,Ligue 1,Stade Rennais FC,273,18.33,18,3.5,19,14.83,-1.22,3.77,425.9
2002/03,Ligue 1,FC Nantes,995,5.5,9,2.0,12,3.5,-1.22,3.77,125.3
2002/03,Ligue 1,Olympique Lyon,1041,3.9,7,0.7,7,3.2,-1.22,3.77,117.3
2002/03,Ligue 1,Paris Saint-Germain,583,14.25,20,11.25,19,3.0,-1.22,3.77,112.0
2002/03,Ligue 1,FC Girondins Bordeaux,40,9.0,14,6.3,16,2.7,-1.22,3.77,104.1
2002/03,Ligue 1,AJ Auxerre,290,1.0,10,0.0,9,1.0,-1.22,3.77,59.0
2002/03,Ligue 1,AC Ajaccio,1147,0.0,22,0.0,16,0.0,-1.22,3.77,32.4
2002/03,Ligue 1,EA Guingamp,855,0.0,14,0.0,11,0.0,-1.22,3.77,32.4
2002/03,Ligue 1,FC Sochaux-Montbéliard,750,0.0,12,0.0,9,0.0,-1.22,3.77,32.4
2002/03,Ligue 1,RC Strasbourg Alsace,667,0.0,15,0.0,17,0.0,-1.22,3.77,32.4
2002/03,Ligue 1,Le Havre AC,738,0.0,12,0.4,14,-0.4,-1.22,3.77,21.8
2002/03,Ligue 1,Montpellier HSC,969,0.0,8,1.4,10,-1.4,-1.22,3.77,-4.7
2002/03,Ligue 1,SC Bastia,595,0.0,19,1.5,21,-1.5,-1.22,3.77,-7.4
2002/03,Ligue 1,Olympique Marseille,244,8.0,22,11.03,23,-3.03,-1.22,3.77,-48.0
2002/03,Ligue 1,AS Monaco,162,6.1,14,10.11,12,-4.01,-1.22,3.77,-74.0
2002/03,Ligue 1,OGC Nice,417,0.0,12,4.1,8,-4.1,-1.22,3.77,-76.4
2002/03,Ligue 1,ESTAC Troyes,1095,0.0,13,6.0,14,-6.0,-1.22,3.77,-126.8
2002/03,Ligue 1,CS Sedan-Ardennes,1081,0.0,17,7.5,17,-7.5,-1.22,3.77,-166.6
2002/03,Ligue 1,LOSC Lille,1082,3.8,14,15.03,13,-11.23,-1.22,3.77,-265.5
2002/03,Ligue 1,RC Lens,826,5.5,19,19.0,19,-13.5,-1.22,3.77,-325.8
2003/04,Ligue 1,Olympique Lyon,1041,25.5,9,4.15,10,21.35,-0.66,5.53,397.8
2003/04,Ligue 1,Olympique Marseille,244,18.85,25,11.5,21,7.35,-0.66,5.53,144.8
2003/04,Ligue 1,LOSC Lille,1082,1.1,15,0.0,13,1.1,-0.66,5.53,31.9
2003/04,Ligue 1,OGC Nice,417,0.48,10,0.0,14,0.48,-0.66,5.53,20.6
2003/04,Ligue 1,FC Sochaux-Montbéliard,750,0.5,9,0.08,9,0.42,-0.66,5.53,19.7
2003/04,Ligue 1,Le Mans Union Club 72,1164,0.4,14,0.0,8,0.4,-0.66,5.53,19.2
2003/04,Ligue 1,FC Toulouse,415,0.0,10,0.0,7,0.0,-0.66,5.53,12.0
2003/04,Ligue 1,AC Ajaccio,1147,0.0,15,0.0,14,0.0,-0.66,5.53,12.0
2003/04,Ligue 1,Paris Saint-Germain,583,34.9,22,34.95,23,-0.05,-0.66,5.53,11.1
2003/04,Ligue 1,AJ Auxerre,290,5.4,9,6.23,11,-0.83,-0.66,5.53,-3.0
2003/04,Ligue 1,Stade Rennais FC,273,5.25,15,6.33,24,-1.08,-0.66,5.53,-7.5
2003/04,Ligue 1,RC Lens,826,0.0,10,1.1,10,-1.1,-0.66,5.53,-7.9
2003/04,Ligue 1,Montpellier HSC,969,0.0,9,1.5,6,-1.5,-0.66,5.53,-15.1
2003/04,Ligue 1,AS Monaco,162,3.2,12,5.25,17,-2.05,-0.66,5.53,-25.1
2003/04,Ligue 1,RC Strasbourg Alsace,667,1.65,14,4.7,16,-3.05,-0.66,5.53,-43.1
2003/04,Ligue 1,FC Metz,347,0.0,16,3.2,12,-3.2,-0.66,5.53,-45.8
2003/04,Ligue 1,FC Nantes,995,0.3,12,4.8,8,-4.5,-0.66,5.53,-69.3
2003/04,Ligue 1,FC Girondins Bordeaux,40,11.0,18,16.5,14,-5.5,-0.66,5.53,-87.4
2003/04,Ligue 1,EA Guingamp,855,1.8,13,10.3,15,-8.5,-0.66,5.53,-141.6
2003/04,Ligue 1,SC Bastia,595,0.35,13,13.35,15,-13.0,-0.66,5.53,-222.9
2004/05,Ligue 1,Paris Saint-Germain,583,29.0,19,17.0,21,12.0,-4.44,7.11,231.3
2004/05,Ligue 1,Olympique Lyon,1041,26.25,15,22.5,16,3.75,-4.44,7.11,115.2
2004/05,Ligue 1,FC Toulouse,415,2.5,16,0.0,13,2.5,-4.44,7.11,97.6
2004/05,Ligue 1,SM Caen,1162,1.5,8,0.0,4,1.5,-4.44,7.11,83.5
2004/05,Ligue 1,AS Saint-Étienne,618,1.2,14,0.0,19,1.2,-4.44,7.11,79.3
2004/05,Ligue 1,AC Ajaccio,1147,0.2,16,0.0,20,0.2,-4.44,7.11,65.2
2004/05,Ligue 1,FC Istres Ouest Provence,2580,0.08,22,0.0,18,0.08,-4.44,7.11,63.5
2004/05,Ligue 1,SC Bastia,595,0.0,17,0.0,13,0.0,-4.44,7.11,62.4
2004/05,Ligue 1,RC Strasbourg Alsace,667,1.5,15,1.85,14,-0.35,-4.44,7.11,57.5
2004/05,Ligue 1,OGC Nice,417,3.55,22,5.0,21,-1.45,-4.44,7.11,42.0
2004/05,Ligue 1,AS Monaco,162,18.0,19,20.0,22,-2.0,-4.44,7.11,34.3
2004/05,Ligue 1,FC Metz,347,0.25,25,5.1,20,-4.85,-4.44,7.11,-5.8
2004/05,Ligue 1,FC Girondins Bordeaux,40,1.56,13,8.0,19,-6.44,-4.44,7.11,-28.2
2004/05,Ligue 1,RC Lens,826,5.5,19,13.0,20,-7.5,-4.44,7.11,-43.1
2004/05,Ligue 1,FC Sochaux-Montbéliard,750,5.4,13,14.0,12,-8.6,-4.44,7.11,-58.6
2004/05,Ligue 1,Stade Rennais FC,273,4.2,17,13.0,13,-8.8,-4.44,7.11,-61.4
2004/05,Ligue 1,LOSC Lille,1082,0.96,18,10.7,19,-9.74,-4.44,7.11,-74.7
2004/05,Ligue 1,FC Nantes,995,8.2,18,21.3,15,-13.1,-4.44,7.11,-121.9
2004/05,Ligue 1,Olympique Marseille,244,30.28,24,52.38,28,-22.1,-4.44,7.11,-248.6
2004/05,Ligue 1,AJ Auxerre,290,2.0,12,27.0,12,-25.0,-4.44,7.11,-289.4
2005/06,Ligue 1,FC Toulouse,415,11.4,7,0.0,11,11.4,1.03,8.94,116.0
2005/06,Ligue 1,AS Saint-Étienne,618,9.4,17,0.0,14,9.4,1.03,8.94,93.7
2005/06,Ligue 1,Stade Rennais FC,273,12.8,13,3.7,12,9.1,1.03,8.94,90.3
2005/06,Ligue 1,Olympique Lyon,1041,49.6,15,43.4,15,6.2,1.03,8.94,57.9
2005/06,Ligue 1,Paris Saint-Germain,583,18.2,15,12.43,14,5.77,1.03,8.94,53.0
2005/06,Ligue 1,FC Nantes,995,5.4,14,0.25,18,5.15,1.03,8.94,46.1
2005/06,Ligue 1,OGC Nice,417,4.75,19,0.25,16,4.5,1.03,8.94,38.8
2005/06,Ligue 1,LOSC Lille,1082,4.4,9,0.0,8,4.4,1.03,8.94,37.7
2005/06,Ligue 1,Le Mans Union Club 72,1164,6.05,20,3.0,17,3.05,1.03,8.94,22.6
2005/06,Ligue 1,AS Nancy-Lorraine,1159,3.0,13,0.0,13,3.0,1.03,8.94,22.1
2005/06,Ligue 1,Olympique Marseille,244,15.33,32,13.85,29,1.48,1.03,8.94,5.0
2005/06,Ligue 1,RC Lens,826,7.0,14,6.5,17,0.5,1.03,8.94,-5.9
2005/06,Ligue 1,AC Ajaccio,1147,0.5,17,0.0,15,0.5,1.03,8.94,-5.9
2005/06,Ligue 1,FC Metz,347,1.2,23,1.0,27,0.2,1.03,8.94,-9.3
2005/06,Ligue 1,ESTAC Troyes,1095,0.25,16,0.6,15,-0.35,1.03,8.94,-15.4
2005/06,Ligue 1,RC Strasbourg Alsace,667,5.4,19,8.0,16,-2.6,1.03,8.94,-40.6
2005/06,Ligue 1,FC Sochaux-Montbéliard,750,7.5,18,13.7,17,-6.2,1.03,8.94,-80.9
2005/06,Ligue 1,FC Girondins Bordeaux,40,5.48,16,12.5,16,-7.02,1.03,8.94,-90.1
2005/06,Ligue 1,AJ Auxerre,290,5.0,10,17.5,11,-12.5,1.03,8.94,-151.4
2005/06,Ligue 1,AS Monaco,162,6.1,20,21.5,21,-15.4,1.03,8.94,-183.8
2006/07,Ligue 1,Paris Saint-Germain,583,16.7,15,4.5,18,12.2,0.45,10.47,112.2
2006/07,Ligue 1,FC Girondins Bordeaux,40,12.0,15,0.1,11,11.9,0.45,10.47,109.3
2006/07,Ligue 1,AJ Auxerre,290,14.5,12,4.5,17,10.0,0.45,10.47,91.2
2006/07,Ligue 1,OGC Nice,417,13.15,12,5.35,17,7.8,0.45,10.47,70.2
2006/07,Ligue 1,AS Nancy-Lorraine,1159,7.8,11,2.8,6,5.0,0.45,10.47,43.5
2006/07,Ligue 1,Valenciennes FC,1423,3.7,10,0.0,10,3.7,0.45,10.47,31.0
2006/07,Ligue 1,ESTAC Troyes,1095,3.9,15,1.6,18,2.3,0.45,10.47,17.7
2006/07,Ligue 1,LOSC Lille,1082,6.25,8,4.1,12,2.15,0.45,10.47,16.2
2006/07,Ligue 1,FC Toulouse,415,6.9,9,4.8,11,2.1,0.45,10.47,15.8
2006/07,Ligue 1,Olympique Marseille,244,11.43,23,9.88,29,1.55,0.45,10.47,10.5
2006/07,Ligue 1,CS Sedan-Ardennes,1081,0.15,16,0.0,14,0.15,0.45,10.47,-2.8
2006/07,Ligue 1,FC Lorient,1158,1.35,19,2.0,20,-0.65,0.45,10.47,-10.5
2006/07,Ligue 1,FC Nantes,995,6.8,21,8.0,26,-1.2,0.45,10.47,-15.7
2006/07,Ligue 1,Le Mans Union Club 72,1164,5.5,10,7.0,13,-1.5,0.45,10.47,-18.6
2006/07,Ligue 1,AS Monaco,162,22.6,22,24.55,22,-1.95,0.45,10.47,-22.9
2006/07,Ligue 1,RC Lens,826,16.3,15,18.75,17,-2.45,0.45,10.47,-27.7
2006/07,Ligue 1,AS Saint-Étienne,618,10.71,15,13.35,19,-2.64,0.45,10.47,-29.5
2006/07,Ligue 1,FC Sochaux-Montbéliard,750,5.3,17,17.1,21,-11.8,0.45,10.47,-116.9
2006/07,Ligue 1,Stade Rennais FC,273,12.0,17,24.81,17,-12.81,0.45,10.47,-126.6
2006/07,Ligue 1,Olympique Lyon,1041,32.45,15,47.33,12,-14.88,0.45,10.47,-146.3
2007/08,Ligue 1,Paris Saint-Germain,583,20.5,20,14.3,20,6.2,-4.59,12.73,84.7
2007/08,Ligue 1,FC Toulouse,415,8.2,17,2.4,12,5.8,-4.59,12.73,81.6
2007/08,Ligue 1,RC Lens,826,23.7,22,19.05,19,4.65,-4.59,12.73,72.6
2007/08,Ligue 1,Valenciennes FC,1423,4.5,9,1.1,10,3.4,-4.59,12.73,62.7
2007/08,Ligue 1,SM Caen,1162,3.1,11,0.4,8,2.7,-4.59,12.73,57.2
2007/08,Ligue 1,FC Girondins Bordeaux,40,20.8,15,19.0,17,1.8,-4.59,12.73,50.2
2007/08,Ligue 1,AS Saint-Étienne,618,20.3,17,18.85,19,1.45,-4.59,12.73,47.4
2007/08,Ligue 1,FC Metz,347,0.6,17,0.0,17,0.6,-4.59,12.73,40.7
2007/08,Ligue 1,RC Strasbourg Alsace,667,1.35,22,1.35,20,0.0,-4.59,12.73,36.0
2007/08,Ligue 1,AS Monaco,162,20.4,21,21.8,20,-1.4,-4.59,12.73,25.0
2007/08,Ligue 1,FC Lorient,1158,2.85,14,4.5,18,-1.65,-4.59,12.73,23.1
2007/08,Ligue 1,FC Sochaux-Montbéliard,750,7.0,18,11.3,19,-4.3,-4.59,12.73,2.3
2007/08,Ligue 1,AS Nancy-Lorraine,1159,0.0,6,4.65,10,-4.65,-4.59,12.73,-0.5
2007/08,Ligue 1,Le Mans Union Club 72,1164,7.5,15,14.25,12,-6.75,-4.59,12.73,-17.0
2007/08,Ligue 1,OGC Nice,417,2.2,19,9.8,16,-7.6,-4.59,12.73,-23.7
2007/08,Ligue 1,Olympique Marseille,244,30.0,28,38.9,25,-8.9,-4.59,12.73,-33.9
2007/08,Ligue 1,Stade Rennais FC,273,11.55,17,24.2,18,-12.65,-4.59,12.73,-63.3
2007/08,Ligue 1,Olympique Lyon,1041,49.4,14,63.5,17,-14.1,-4.59,12.73,-74.7
2007/08,Ligue 1,AJ Auxerre,290,13.9,17,36.7,15,-22.8,-4.59,12.73,-143.0
2007/08,Ligue 1,LOSC Lille,1082,6.8,21,40.35,16,-33.55,-4.59,12.73,-227.5
2008/09,Ligue 1,Olympique Lyon,1041,57.8,15,34.0,14,23.8,-1.36,12.91,194.8
2008/09,Ligue 1,Olympique Marseille,244,36.12,23,23.65,27,12.47,-1.36,12.91,107.1
2008/09,Ligue 1,FC Girondins Bordeaux,40,7.9,11,2.5,14,5.4,-1.36,12.91,52.3
2008/09,Ligue 1,AJ Auxerre,290,8.4,13,3.4,11,5.0,-1.36,12.91,49.2
2008/09,Ligue 1,FC Lorient,1158,3.0,15,0.0,14,3.0,-1.36,12.91,33.7
2008/09,Ligue 1,Stade Rennais FC,273,14.0,16,11.95,14,2.05,-1.36,12.91,26.4
2008/09,Ligue 1,FC Nantes,995,8.6,18,6.6,20,2.0,-1.36,12.91,26.0
2008/09,Ligue 1,Grenoble Foot 38,1290,1.48,15,0.35,8,1.13,-1.36,12.91,19.3
2008/09,Ligue 1,FC Sochaux-Montbéliard,750,6.55,17,5.8,19,0.75,-1.36,12.91,16.3
2008/09,Ligue 1,SM Caen,1162,7.64,13,7.82,12,-0.18,-1.36,12.91,9.1
2008/09,Ligue 1,AS Saint-Étienne,618,9.5,18,11.0,13,-1.5,-1.36,12.91,-1.1
2008/09,Ligue 1,LOSC Lille,1082,18.5,13,20.3,17,-1.8,-1.36,12.91,-3.4
2008/09,Ligue 1,Valenciennes FC,1423,7.8,12,10.2,14,-2.4,-1.36,12.91,-8.1
2008/09,Ligue 1,Le Havre AC,738,0.4,17,3.0,18,-2.6,-1.36,12.91,-9.6
2008/09,Ligue 1,AS Nancy-Lorraine,1159,10.5,13,15.4,16,-4.9,-1.36,12.91,-27.4
2008/09,Ligue 1,Paris Saint-Germain,583,10.5,15,21.75,16,-11.25,-1.36,12.91,-76.6
2008/09,Ligue 1,Le Mans Union Club 72,1164,14.3,13,26.4,17,-12.1,-1.36,12.91,-83.2
2008/09,Ligue 1,FC Toulouse,415,9.8,16,22.7,20,-12.9,-1.36,12.91,-89.4
2008/09,Ligue 1,OGC Nice,417,20.25,14,35.9,14,-15.65,-1.36,12.91,-110.7
2008/09,Ligue 1,AS Monaco,162,5.2,24,22.65,20,-17.45,-1.36,12.91,-124.6
2009/10,Ligue 1,Olympique Lyon,1041,82.7,15,53.0,11,29.7,3.01,13.57,196.6
2009/10,Ligue 1,FC Girondins Bordeaux,40,28.5,15,11.0,12,17.5,3.01,13.57,106.7
2009/10,Ligue 1,Olympique Marseille,244,42.3,25,27.8,23,14.5,3.01,13.57,84.6
2009/10,Ligue 1,Paris Saint-Germain,583,15.5,15,6.3,17,9.2,3.01,13.57,45.6
2009/10,Ligue 1,AS Saint-Étienne,618,19.5,13,14.4,13,5.1,3.01,13.57,15.4
2009/10,Ligue 1,Valenciennes FC,1423,5.45,13,0.5,9,4.95,3.01,13.57,14.3
2009/10,Ligue 1,AS Monaco,162,9.9,19,6.08,20,3.82,3.01,13.57,5.9
2009/10,Ligue 1,Grenoble Foot 38,1290,3.6,13,0.0,16,3.6,3.01,13.57,4.3
2009/10,Ligue 1,OGC Nice,417,3.5,12,1.45,11,2.05,3.01,13.57,-7.1
2009/10,Ligue 1,RC Lens,826,4.95,12,3.0,14,1.95,3.01,13.57,-7.8
2009/10,Ligue 1,Stade Rennais FC,273,14.6,18,13.8,21,0.8,3.01,13.57,-16.3
2009/10,Ligue 1,AS Nancy-Lorraine,1159,5.7,15,5.6,12,0.1,3.01,13.57,-21.5
2009/10,Ligue 1,Montpellier HSC,969,0.0,10,0.0,8,0.0,3.01,13.57,-22.2
2009/10,Ligue 1,US Boulogne,7042,2.04,18,2.15,12,-0.11,3.01,13.57,-23.0
2009/10,Ligue 1,FC Lorient,1158,7.0,17,9.5,19,-2.5,3.01,13.57,-40.6
2009/10,Ligue 1,FC Sochaux-Montbéliard,750,7.5,17,10.2,17,-2.7,3.01,13.57,-42.1
2009/10,Ligue 1,AJ Auxerre,290,1.5,14,4.7,14,-3.2,3.01,13.57,-45.8
2009/10,Ligue 1,FC Toulouse,415,6.0,12,12.45,10,-6.45,3.01,13.57,-69.7
2009/10,Ligue 1,Le Mans Union Club 72,1164,2.63,17,10.5,12,-7.87,3.01,13.57,-80.2
2009/10,Ligue 1,LOSC Lille,1082,8.6,14,18.75,17,-10.15,3.01,13.57,-97.0
2010/11,Ligue 1,Olympique Marseille,244,41.5,16,22.6,17,18.9,-3.05,7.7,285.2
2010/11,Ligue 1,Olympique Lyon,1041,28.44,7,10.82,11,17.62,-3.05,7.7,268.6
2010/11,Ligue 1,SM Caen,1162,4.2,10,0.0,9,4.2,-3.05,7.7,94.2
2010/11,Ligue 1,Stade Brestois 29,3911,3.8,12,0.0,13,3.8,-3.05,7.7,89.0
2010/11,Ligue 1,Paris Saint-Germain,583,9.0,10,7.0,11,2.0,-3.05,7.7,65.6
2010/11,Ligue 1,AJ Auxerre,290,3.5,10,2.43,11,1.07,-3.05,7.7,53.6
2010/11,Ligue 1,FC Sochaux-Montbéliard,750,3.3,10,2.5,10,0.8,-3.05,7.7,50.0
2010/11,Ligue 1,AC Arles-Avignon,11300,0.0,23,0.5,26,-0.5,-3.05,7.7,33.2
2010/11,Ligue 1,AS Saint-Étienne,618,3.93,14,5.25,16,-1.32,-3.05,7.7,22.5
2010/11,Ligue 1,LOSC Lille,1082,0.0,8,2.3,8,-2.3,-3.05,7.7,9.8
2010/11,Ligue 1,AS Monaco,162,9.75,28,14.1,27,-4.35,-3.05,7.7,-16.9
2010/11,Ligue 1,Valenciennes FC,1423,1.8,10,8.5,11,-6.7,-3.05,7.7,-47.4
2010/11,Ligue 1,FC Lorient,1158,6.0,16,12.8,12,-6.8,-3.05,7.7,-48.7
2010/11,Ligue 1,AS Nancy-Lorraine,1159,0.0,15,8.05,16,-8.05,-3.05,7.7,-64.9
2010/11,Ligue 1,RC Lens,826,0.0,13,8.32,10,-8.32,-3.05,7.7,-68.5
2010/11,Ligue 1,Montpellier HSC,969,4.3,12,14.0,13,-9.7,-3.05,7.7,-86.4
2010/11,Ligue 1,FC Girondins Bordeaux,40,10.5,15,22.0,15,-11.5,-3.05,7.7,-109.8
2010/11,Ligue 1,Stade Rennais FC,273,22.2,20,34.13,17,-11.93,-3.05,7.7,-115.4
2010/11,Ligue 1,FC Toulouse,415,0.0,9,16.65,10,-16.65,-3.05,7.7,-176.7
2010/11,Ligue 1,OGC Nice,417,1.7,11,23.0,14,-21.3,-3.05,7.7,-237.1
2011/12,Ligue 1,Paris Saint-Germain,583,107.1,20,9.4,14,97.7,3.13,12.35,765.9
2011/12,Ligue 1,Stade Rennais FC,273,16.8,10,5.5,13,11.3,3.13,12.35,66.2
2011/12,Ligue 1,Olympique Marseille,244,11.0,15,0.0,17,11.0,3.13,12.35,63.7
2011/12,Ligue 1,FC Toulouse,415,13.34,11,4.8,12,8.54,3.13,12.35,43.8
2011/12,Ligue 1,OGC Nice,417,8.35,19,0.6,18,7.75,3.13,12.35,37.4
2011/12,Ligue 1,Dijon FCO,2969,5.85,21,0.0,17,5.85,3.13,12.35,22.0
2011/12,Ligue 1,FC Évian Thonon Gaillard,14171,1.85,16,0.0,12,1.85,3.13,12.35,-10.4
2011/12,Ligue 1,AJ Auxerre,290,3.75,19,3.5,14,0.25,3.13,12.35,-23.3
2011/12,Ligue 1,AC Ajaccio,1147,0.2,13,0.0,8,0.2,3.13,12.35,-23.7
2011/12,Ligue 1,Montpellier HSC,969,2.0,8,2.0,12,0.0,3.13,12.35,-25.3
2011/12,Ligue 1,Valenciennes FC,1423,4.1,7,4.2,9,-0.1,3.13,12.35,-26.2
2011/12,Ligue 1,AS Nancy-Lorraine,1159,5.35,16,9.6,20,-4.25,3.13,12.35,-59.8
2011/12,Ligue 1,FC Lorient,1158,11.1,21,16.0,21,-4.9,3.13,12.35,-65.0
2011/12,Ligue 1,Stade Brestois 29,3911,2.5,15,8.0,10,-5.5,3.13,12.35,-69.9
2011/12,Ligue 1,FC Sochaux-Montbéliard,750,5.25,12,11.5,12,-6.25,3.13,12.35,-76.0
2011/12,Ligue 1,FC Girondins Bordeaux,40,4.0,16,12.5,15,-8.5,3.13,12.35,-94.2
2011/12,Ligue 1,SM Caen,1162,0.3,12,9.0,12,-8.7,3.13,12.35,-95.8
2011/12,Ligue 1,AS Saint-Étienne,618,16.1,21,28.86,22,-12.76,3.13,12.35,-128.7
2011/12,Ligue 1,LOSC Lille,1082,23.4,19,36.9,18,-13.5,3.13,12.35,-134.7
2011/12,Ligue 1,Olympique Lyon,1041,4.6,11,22.0,8,-17.4,3.13,12.35,-166.3
2012/13,Ligue 1,Paris Saint-Germain,583,151.0,11,4.75,15,146.25,1.39,13.0,1114.7
2012/13,Ligue 1,FC Lorient,1158,10.0,13,5.0,13,5.0,1.39,13.0,27.8
2012/13,Ligue 1,Stade Reims,1421,3.35,12,0.0,18,3.35,1.39,13.0,15.1
2012/13,Ligue 1,FC Évian Thonon Gaillard,14171,1.6,9,0.0,11,1.6,1.39,13.0,1.6
2012/13,Ligue 1,Stade Brestois 29,3911,2.45,13,1.5,14,0.95,1.39,13.0,-3.4
2012/13,Ligue 1,AS Saint-Étienne,618,4.5,17,4.6,16,-0.1,1.39,13.0,-11.5
2012/13,Ligue 1,Valenciennes FC,1423,3.1,11,4.0,8,-0.9,1.39,13.0,-17.6
2012/13,Ligue 1,AC Ajaccio,1147,0.0,13,1.0,12,-1.0,1.39,13.0,-18.4
2012/13,Ligue 1,AS Nancy-Lorraine,1159,4.7,24,6.5,22,-1.8,1.39,13.0,-24.6
2012/13,Ligue 1,OGC Nice,417,6.0,18,8.7,17,-2.7,1.39,13.0,-31.5
2012/13,Ligue 1,FC Girondins Bordeaux,40,2.8,7,5.5,8,-2.7,1.39,13.0,-31.5
2012/13,Ligue 1,ESTAC Troyes,1095,0.5,13,4.45,15,-3.95,1.39,13.0,-41.1
2012/13,Ligue 1,SC Bastia,595,0.0,16,7.5,11,-7.5,1.39,13.0,-68.4
2012/13,Ligue 1,Montpellier HSC,969,12.5,11,20.0,6,-7.5,1.39,13.0,-68.4
2012/13,Ligue 1,FC Sochaux-Montbéliard,750,7.75,14,16.86,10,-9.11,1.39,13.0,-80.8
2012/13,Ligue 1,FC Toulouse,415,1.0,9,14.1,11,-13.1,1.39,13.0,-111.5
2012/13,Ligue 1,LOSC Lille,1082,22.5,13,41.2,17,-18.7,1.39,13.0,-154.6
2012/13,Ligue 1,Stade Rennais FC,273,8.7,15,27.5,15,-18.8,1.39,13.0,-155.4
2012/13,Ligue 1,Olympique Lyon,1041,8.75,14,29.1,18,-20.35,1.39,13.0,-167.3
2012/13,Ligue 1,Olympique Marseille,244,8.7,14,29.8,15,-21.1,1.39,13.0,-173.1
2013/14,Ligue 1,AS Monaco,162,160.7,26,5.74,28,154.96,8.45,20.69,708.2
2013/14,Ligue 1,Paris Saint-Germain,583,135.9,18,26.5,18,109.4,8.45,20.69,488.0
2013/14,Ligue 1,Olympique Marseille,244,39.4,13,1.05,15,38.35,8.45,20.69,144.5
2013/14,Ligue 1,Stade Reims,1421,3.13,11,0.0,8,3.13,8.45,20.69,-25.7
2013/14,Ligue 1,FC Nantes,995,3.35,11,0.5,9,2.85,8.45,20.69,-27.1
2013/14,Ligue 1,FC Sochaux-Montbéliard,750,3.15,15,2.5,15,0.65,8.45,20.69,-37.7
2013/14,Ligue 1,AC Ajaccio,1147,0.0,16,0.0,23,0.0,8.45,20.69,-40.8
2013/14,Ligue 1,OGC Nice,417,0.0,12,0.0,9,0.0,8.45,20.69,-40.8
2013/14,Ligue 1,SC Bastia,595,1.8,16,2.2,22,-0.4,8.45,20.69,-42.8
2013/14,Ligue 1,Stade Rennais FC,273,15.05,21,16.6,22,-1.55,8.45,20.69,-48.3
2013/14,Ligue 1,Valenciennes FC,1423,1.39,11,6.0,11,-4.61,8.45,20.69,-63.1
2013/14,Ligue 1,FC Évian Thonon Gaillard,14171,2.6,14,8.5,18,-5.9,8.45,20.69,-69.3
2013/14,Ligue 1,EA Guingamp,855,1.2,10,7.5,11,-6.3,8.45,20.69,-71.3
2013/14,Ligue 1,FC Toulouse,415,13.55,15,20.7,10,-7.15,8.45,20.69,-75.4
2013/14,Ligue 1,FC Girondins Bordeaux,40,3.5,10,11.0,11,-7.5,8.45,20.69,-77.1
2013/14,Ligue 1,FC Lorient,1158,3.0,13,12.09,14,-9.09,8.45,20.69,-84.8
2013/14,Ligue 1,Montpellier HSC,969,2.5,11,14.5,13,-12.0,8.45,20.69,-98.8
2013/14,Ligue 1,Olympique Lyon,1041,4.0,14,24.5,8,-20.5,8.45,20.69,-139.9
2013/14,Ligue 1,AS Saint-Étienne,618,16.6,17,42.95,17,-26.35,8.45,20.69,-168.2
2013/14,Ligue 1,LOSC Lille,1082,2.95,15,42.0,13,-39.05,8.45,20.69,-229.6
2014/15,Ligue 1,Paris Saint-Germain,583,49.5,8,2.2,8,47.3,-2.77,8.99,556.7
2014/15,Ligue 1,Olympique Lyon,1041,5.65,6,1.5,9,4.15,-2.77,8.99,76.9
2014/15,Ligue 1,AS Saint-Étienne,618,4.0,9,0.0,11,4.0,-2.77,8.99,75.2
2014/15,Ligue 1,FC Girondins Bordeaux,40,7.7,18,4.5,14,3.2,-2.77,8.99,66.3
2014/15,Ligue 1,Olympique Marseille,244,20.5,16,17.5,16,3.0,-2.77,8.99,64.1
2014/15,Ligue 1,SM Caen,1162,0.8,13,0.0,12,0.8,-2.77,8.99,39.6
2014/15,Ligue 1,FC Nantes,995,0.42,10,0.0,11,0.42,-2.77,8.99,35.4
2014/15,Ligue 1,EA Guingamp,855,2.56,11,2.5,10,0.06,-2.77,8.99,31.4
2014/15,Ligue 1,FC Évian Thonon Gaillard,14171,2.25,17,3.0,15,-0.75,-2.77,8.99,22.4
2014/15,Ligue 1,SC Bastia,595,0.1,27,2.0,20,-1.9,-2.77,8.99,9.6
2014/15,Ligue 1,Stade Rennais FC,273,18.09,23,20.5,21,-2.41,-2.77,8.99,4.0
2014/15,Ligue 1,RC Lens,826,0.0,6,3.0,10,-3.0,-2.77,8.99,-2.6
2014/15,Ligue 1,FC Metz,347,4.0,19,7.65,18,-3.65,-2.77,8.99,-9.8
2014/15,Ligue 1,Stade Reims,1421,0.0,10,5.5,11,-5.5,-2.77,8.99,-30.4
2014/15,Ligue 1,OGC Nice,417,1.3,11,7.4,15,-6.1,-2.77,8.99,-37.1
2014/15,Ligue 1,FC Toulouse,415,3.0,11,13.7,9,-10.7,-2.77,8.99,-88.2
2014/15,Ligue 1,FC Lorient,1158,8.45,18,19.2,20,-10.75,-2.77,8.99,-88.8
2014/15,Ligue 1,Montpellier HSC,969,4.0,12,15.9,13,-11.9,-2.77,8.99,-101.6
2014/15,Ligue 1,LOSC Lille,1082,7.8,13,19.73,11,-11.93,-2.77,8.99,-101.9
2014/15,Ligue 1,AS Monaco,162,39.75,25,89.4,28,-49.65,-2.77,8.99,-521.3
2015/16,Ligue 1,Paris Saint-Germain,583,116.1,9,22.9,10,93.2,-5.34,18.26,539.7
2015/16,Ligue 1,Olympique Lyon,1041,41.1,11,26.8,13,14.3,-5.34,18.26,107.5
2015/16,Ligue 1,Stade Reims,1421,2.4,13,1.5,10,0.9,-5.34,18.26,34.2
2015/16,Ligue 1,GFC Ajaccio,3558,0.0,9,0.0,10,0.0,-5.34,18.26,29.2
2015/16,Ligue 1,Montpellier HSC,969,2.73,11,4.0,8,-1.27,-5.34,18.26,22.3
2015/16,Ligue 1,SC Bastia,595,0.0,13,1.7,17,-1.7,-5.34,18.26,19.9
2015/16,Ligue 1,AS Saint-Étienne,618,20.3,16,23.2,12,-2.9,-5.34,18.26,13.3
2015/16,Ligue 1,EA Guingamp,855,1.95,15,6.0,13,-4.05,-5.34,18.26,7.0
2015/16,Ligue 1,Stade Rennais FC,273,5.64,18,10.6,19,-4.96,-5.34,18.26,2.1
2015/16,Ligue 1,Angers SCO,1420,0.0,23,5.9,21,-5.9,-5.34,18.26,-3.1
2015/16,Ligue 1,ESTAC Troyes,1095,0.3,17,7.3,16,-7.0,-5.34,18.26,-9.1
2015/16,Ligue 1,FC Toulouse,415,2.9,10,10.5,13,-7.6,-5.34,18.26,-12.4
2015/16,Ligue 1,SM Caen,1162,6.05,21,14.0,16,-7.95,-5.34,18.26,-14.3
2015/16,Ligue 1,FC Lorient,1158,9.93,13,18.5,14,-8.57,-5.34,18.26,-17.7
2015/16,Ligue 1,OGC Nice,417,4.1,23,14.0,20,-9.9,-5.34,18.26,-25.0
2015/16,Ligue 1,FC Nantes,995,7.0,14,17.55,14,-10.55,-5.34,18.26,-28.6
2015/16,Ligue 1,FC Girondins Bordeaux,40,11.0,13,22.3,12,-11.3,-5.34,18.26,-32.7
2015/16,Ligue 1,LOSC Lille,1082,12.9,23,35.25,18,-22.35,-5.34,18.26,-93.2
2015/16,Ligue 1,Olympique Marseille,244,19.75,23,54.45,18,-34.7,-5.34,18.26,-160.8
2015/16,Ligue 1,AS Monaco,162,101.0,30,175.4,29,-74.4,-5.34,18.26,-378.3
2016/17,Ligue 1,Paris Saint-Germain,583,134.5,16,59.8,15,74.7,-1.99,18.61,412.1
2016/17,Ligue 1,AS Monaco,162,50.5,25,18.45,29,32.05,-1.99,18.61,182.9
2016/17,Ligue 1,FC Girondins Bordeaux,40,11.85,12,2.6,15,9.25,-1.99,18.61,60.4
2016/17,Ligue 1,AS Saint-Étienne,618,7.0,15,2.25,15,4.75,-1.99,18.61,36.2
2016/17,Ligue 1,FC Toulouse,415,13.0,19,10.0,15,3.0,-1.99,18.61,26.8
2016/17,Ligue 1,FC Nantes,995,5.0,13,2.65,12,2.35,-1.99,18.61,23.3
2016/17,Ligue 1,Dijon FCO,2969,3.15,14,1.25,15,1.9,-1.99,18.61,20.9
2016/17,Ligue 1,Olympique Lyon,1041,28.6,12,27.3,13,1.3,-1.99,18.61,17.7
2016/17,Ligue 1,Angers SCO,1420,5.2,22,4.4,20,0.8,-1.99,18.61,15.0
2016/17,Ligue 1,FC Metz,347,0.4,27,0.78,28,-0.38,-1.99,18.61,8.7
2016/17,Ligue 1,OGC Nice,417,15.25,21,15.8,20,-0.55,-1.99,18.61,7.7
2016/17,Ligue 1,EA Guingamp,855,0.0,15,2.5,17,-2.5,-1.99,18.61,-2.7
2016/17,Ligue 1,SM Caen,1162,4.25,11,11.0,11,-6.75,-1.99,18.61,-25.6
2016/17,Ligue 1,SC Bastia,595,0.25,17,7.0,18,-6.75,-1.99,18.61,-25.6
2016/17,Ligue 1,AS Nancy-Lorraine,1159,2.3,15,10.9,9,-8.6,-1.99,18.61,-35.5
2016/17,Ligue 1,Montpellier HSC,969,6.4,13,19.4,16,-13.0,-1.99,18.61,-59.2
2016/17,Ligue 1,FC Lorient,1158,8.6,23,32.15,18,-23.55,-1.99,18.61,-115.8
2016/17,Ligue 1,LOSC Lille,1082,20.7,21,47.0,25,-26.3,-1.99,18.61,-130.6
2016/17,Ligue 1,Olympique Marseille,244,53.0,26,81.49,25,-28.49,-1.99,18.61,-142.4
2016/17,Ligue 1,Stade Rennais FC,273,2.27,23,55.3,21,-53.03,-1.99,18.61,-274.2
2017/18,Ligue 1,Paris Saint-Germain,583,238.0,11,98.4,14,139.6,4.36,37.54,360.3
2017/18,Ligue 1,Olympique Marseille,244,62.0,17,2.75,21,59.25,4.36,37.54,146.2
2017/18,Ligue 1,LOSC Lille,1082,76.5,31,31.1,30,45.4,4.36,37.54,109.3
2017/18,Ligue 1,Stade Rennais FC,273,48.9,19,15.8,22,33.1,4.36,37.54,76.6
2017/18,Ligue 1,FC Girondins Bordeaux,40,32.6,24,28.25,22,4.35,4.36,37.54,-0.0
2017/18,Ligue 1,AS Saint-Étienne,618,19.3,20,15.5,22,3.8,4.36,37.54,-1.5
2017/18,Ligue 1,RC Strasbourg Alsace,667,5.2,15,2.0,14,3.2,4.36,37.54,-3.1
2017/18,Ligue 1,FC Nantes,995,11.3,14,10.0,11,1.3,4.36,37.54,-8.2
2017/18,Ligue 1,SM Caen,1162,6.95,16,6.0,16,0.95,4.36,37.54,-9.1
2017/18,Ligue 1,ESTAC Troyes,1095,0.0,9,0.0,11,0.0,4.36,37.54,-11.6
2017/18,Ligue 1,EA Guingamp,855,1.38,15,1.45,15,-0.07,4.36,37.54,-11.8
2017/18,Ligue 1,OGC Nice,417,26.3,15,27.5,19,-1.2,4.36,37.54,-14.8
2017/18,Ligue 1,Amiens SC,1416,6.63,18,8.0,16,-1.37,4.36,37.54,-15.3
2017/18,Ligue 1,Dijon FCO,2969,5.5,12,15.0,13,-9.5,4.36,37.54,-36.9
2017/18,Ligue 1,FC Toulouse,415,3.5,11,13.0,15,-9.5,4.36,37.54,-36.9
2017/18,Ligue 1,Angers SCO,1420,12.4,18,26.0,21,-13.6,4.36,37.54,-47.9
2017/18,Ligue 1,Montpellier HSC,969,5.7,14,20.8,16,-15.1,4.36,37.54,-51.9
2017/18,Ligue 1,FC Metz,347,3.6,23,22.85,21,-19.25,4.36,37.54,-62.9
2017/18,Ligue 1,Olympique Lyon,1041,62.55,21,119.55,20,-57.0,4.36,37.54,-163.5
2017/18,Ligue 1,AS Monaco,162,122.4,25,199.5,23,-77.1,4.36,37.54,-217.0
2018/19,Ligue 1,Paris Saint-Germain,583,262.0,21,114.75,18,147.25,-11.99,37.25,427.5
2018/19,Ligue 1,Olympique Marseille,244,66.0,12,32.85,10,33.15,-11.99,37.25,121.2
2018/19,Ligue 1,Dijon FCO,2969,9.2,14,4.0,15,5.2,-11.99,37.25,46.1
2018/19,Ligue 1,Stade Reims,1421,15.5,15,11.0,14,4.5,-11.99,37.25,44.3
2018/19,Ligue 1,Nîmes Olympique,1160,3.15,13,0.0,8,3.15,-11.99,37.25,40.6
2018/19,Ligue 1,RC Strasbourg Alsace,667,15.75,16,14.0,12,1.75,-11.99,37.25,36.9
2018/19,Ligue 1,EA Guingamp,855,3.5,13,4.0,13,-0.5,-11.99,37.25,30.8
2018/19,Ligue 1,Stade Rennais FC,273,18.0,19,18.5,15,-0.5,-11.99,37.25,30.8
2018/19,Ligue 1,Amiens SC,1416,7.49,20,10.0,27,-2.51,-11.99,37.25,25.4
2018/19,Ligue 1,AS Saint-Étienne,618,15.0,18,18.7,21,-3.7,-11.99,37.25,22.2
2018/19,Ligue 1,SM Caen,1162,9.95,26,14.5,25,-4.55,-11.99,37.25,20.0
2018/19,Ligue 1,FC Nantes,995,14.35,16,21.0,18,-6.65,-11.99,37.25,14.3
2018/19,Ligue 1,Angers SCO,1420,5.65,20,21.0,19,-15.35,-11.99,37.25,-9.0
2018/19,Ligue 1,Montpellier HSC,969,10.15,13,25.5,10,-15.35,-11.99,37.25,-9.0
2018/19,Ligue 1,FC Toulouse,415,18.45,16,35.5,19,-17.05,-11.99,37.25,-13.6
2018/19,Ligue 1,FC Girondins Bordeaux,40,21.46,17,50.7,20,-29.24,-11.99,37.25,-46.3
2018/19,Ligue 1,OGC Nice,417,28.0,13,61.7,12,-33.7,-11.99,37.25,-58.3
2018/19,Ligue 1,LOSC Lille,1082,29.1,15,69.7,20,-40.6,-11.99,37.25,-76.8
2018/19,Ligue 1,Olympique Lyon,1041,46.45,17,90.1,16,-43.65,-11.99,37.25,-85.0
2018/19,Ligue 1,AS Monaco,162,145.85,37,367.25,29,-221.4,-11.99,37.25,-562.2
2019/20,Ligue 1,AS Monaco,162,200.0,33,83.75,38,116.25,-6.4,42.22,290.5
2019/20,Ligue 1,OGC Nice,417,52.2,15,23.11,16,29.09,-6.4,42.22,84.1
2019/20,Ligue 1,Amiens SC,1416,17.85,25,5.44,19,12.41,-6.4,42.22,44.6
2019/20,Ligue 1,FC Metz,347,14.35,18,2.6,15,11.75,-6.4,42.22,43.0
2019/20,Ligue 1,Stade Brestois 29,3911,7.5,13,0.5,13,7.0,-6.4,42.22,31.7
2019/20,Ligue 1,Stade Rennais FC,273,58.1,22,54.55,22,3.55,-6.4,42.22,23.6
2019/20,Ligue 1,Olympique Marseille,244,27.0,10,27.25,12,-0.25,-6.4,42.22,14.6
2019/20,Ligue 1,FC Toulouse,415,14.0,23,17.15,18,-3.15,-6.4,42.22,7.7
2019/20,Ligue 1,Stade Reims,1421,21.7,19,26.6,20,-4.9,-6.4,42.22,3.6
2019/20,Ligue 1,RC Strasbourg Alsace,667,11.0,8,21.5,12,-10.5,-6.4,42.22,-9.7
2019/20,Ligue 1,Nîmes Olympique,1160,9.85,17,20.5,17,-10.65,-6.4,42.22,-10.1
2019/20,Ligue 1,Dijon FCO,2969,10.47,16,24.5,16,-14.03,-6.4,42.22,-18.1
2019/20,Ligue 1,Paris Saint-Germain,583,95.0,21,112.4,18,-17.4,-6.4,42.22,-26.1
2019/20,Ligue 1,FC Nantes,995,18.75,22,38.5,20,-19.75,-6.4,42.22,-31.6
2019/20,Ligue 1,Montpellier HSC,969,20.3,14,40.6,15,-20.3,-6.4,42.22,-32.9
2019/20,Ligue 1,Angers SCO,1420,10.4,16,34.0,18,-23.6,-6.4,42.22,-40.7
2019/20,Ligue 1,AS Saint-Étienne,618,13.45,25,45.85,17,-32.4,-6.4,42.22,-61.6
2019/20,Ligue 1,Olympique Lyon,1041,126.0,16,160.32,14,-34.32,-6.4,42.22,-66.1
2019/20,Ligue 1,FC Girondins Bordeaux,40,17.0,19,62.25,19,-45.25,-6.4,42.22,-92.0
2019/20,Ligue 1,LOSC Lille,1082,99.4,18,171.0,18,-71.6,-6.4,42.22,-154.4
2020/21,Ligue 1,Paris Saint-Germain,583,62.0,15,0.4,16,61.6,2.59,23.55,250.6
2020/21,Ligue 1,AS Monaco,162,52.7,30,13.53,31,39.17,2.59,23.55,155.3
2020/21,Ligue 1,FC Lorient,1158,26.5,21,6.5,19,20.0,2.59,23.55,73.9
2020/21,Ligue 1,RC Lens,826,19.0,15,0.0,15,19.0,2.59,23.55,69.7
2020/21,Ligue 1,Stade Rennais FC,273,70.56,16,55.42,21,15.14,2.59,23.55,53.3
2020/21,Ligue 1,Montpellier HSC,969,13.1,9,0.0,7,13.1,2.59,23.55,44.6
2020/21,Ligue 1,RC Strasbourg Alsace,667,12.0,7,0.5,6,11.5,2.59,23.55,37.8
2020/21,Ligue 1,Nîmes Olympique,1160,11.25,11,0.5,7,10.75,2.59,23.55,34.7
2020/21,Ligue 1,OGC Nice,417,29.23,25,20.51,25,8.72,2.59,23.55,26.0
2020/21,Ligue 1,FC Metz,347,14.7,23,10.0,20,4.7,2.59,23.55,9.0
2020/21,Ligue 1,Stade Brestois 29,3911,16.1,16,12.0,15,4.1,2.59,23.55,6.4
2020/21,Ligue 1,FC Nantes,995,5.0,11,2.0,13,3.0,2.59,23.55,1.8
2020/21,Ligue 1,Angers SCO,1420,11.25,17,10.7,14,0.55,2.59,23.55,-8.7
2020/21,Ligue 1,Dijon FCO,2969,15.8,18,17.0,15,-1.2,2.59,23.55,-16.1
2020/21,Ligue 1,Stade Reims,1421,11.2,8,17.0,14,-5.8,2.59,23.55,-35.6
2020/21,Ligue 1,Olympique Lyon,1041,36.6,14,50.6,21,-14.0,2.59,23.55,-70.4
2020/21,Ligue 1,Olympique Marseille,244,17.42,11,33.45,11,-16.03,2.59,23.55,-79.0
2020/21,Ligue 1,FC Girondins Bordeaux,40,0.0,13,17.0,12,-17.0,2.59,23.55,-83.2
2020/21,Ligue 1,AS Saint-Étienne,618,6.2,24,44.1,23,-37.9,2.59,23.55,-171.9
2020/21,Ligue 1,LOSC Lille,1082,40.43,15,108.08,14,-67.65,2.59,23.55,-298.2
2021/22,Ligue 1,Paris Saint-Germain,583,91.0,24,11.0,18,80.0,-0.37,24.68,325.7
2021/22,Ligue 1,Olympique Marseille,244,54.12,20,8.0,20,46.12,-0.37,24.68,188.4
2021/22,Ligue 1,OGC Nice,417,63.0,22,26.05,23,36.95,-0.37,24.68,151.3
2021/22,Ligue 1,Stade Rennais FC,273,81.74,23,49.9,21,31.84,-0.37,24.68,130.5
2021/22,Ligue 1,ESTAC Troyes,1095,21.8,24,0.0,23,21.8,-0.37,24.68,89.9
2021/22,Ligue 1,AS Monaco,162,50.3,22,34.64,23,15.66,-0.37,24.68,65.0
2021/22,Ligue 1,RC Lens,826,23.1,17,18.0,18,5.1,-0.37,24.68,22.2
2021/22,Ligue 1,Stade Reims,1421,16.0,21,15.05,15,0.95,-0.37,24.68,5.4
2021/22,Ligue 1,AS Saint-Étienne,618,0.6,14,0.0,15,0.6,-0.37,24.68,3.9
2021/22,Ligue 1,FC Lorient,1158,10.5,14,10.0,17,0.5,-0.37,24.68,3.5
2021/22,Ligue 1,Clermont Foot 63,3524,0.0,16,0.0,16,0.0,-0.37,24.68,1.5
2021/22,Ligue 1,FC Nantes,995,7.5,12,15.8,15,-8.3,-0.37,24.68,-32.1
2021/22,Ligue 1,FC Girondins Bordeaux,40,10.05,23,19.1,18,-9.05,-0.37,24.68,-35.2
2021/22,Ligue 1,RC Strasbourg Alsace,667,4.5,15,16.0,18,-11.5,-0.37,24.68,-45.1
2021/22,Ligue 1,Angers SCO,1420,1.87,11,18.1,16,-16.23,-0.37,24.68,-64.3
2021/22,Ligue 1,FC Metz,347,2.5,20,23.5,19,-21.0,-0.37,24.68,-83.6
2021/22,Ligue 1,Stade Brestois 29,3911,5.25,14,28.2,15,-22.95,-0.37,24.68,-91.5
2021/22,Ligue 1,Montpellier HSC,969,0.2,12,25.0,14,-24.8,-0.37,24.68,-99.0
2021/22,Ligue 1,LOSC Lille,1082,26.57,16,79.05,16,-52.48,-0.37,24.68,-211.2
2021/22,Ligue 1,Olympique Lyon,1041,22.92,22,103.6,16,-80.68,-0.37,24.68,-325.4
2022/23,Ligue 1,Paris Saint-Germain,583,147.0,26,61.8,34,85.2,-4.8,35.81,251.3
2022/23,Ligue 1,Olympique Marseille,244,121.55,26,37.48,28,84.07,-4.8,35.81,248.2
2022/23,Ligue 1,OGC Nice,417,83.0,29,49.55,28,33.45,-4.8,35.81,106.8
2022/23,Ligue 1,ESTAC Troyes,1095,24.8,25,10.0,26,14.8,-4.8,35.81,54.7
2022/23,Ligue 1,FC Nantes,995,12.45,15,0.0,12,12.45,-4.8,35.81,48.2
2022/23,Ligue 1,FC Toulouse,415,14.7,15,11.0,15,3.7,-4.8,35.81,23.7
2022/23,Ligue 1,Stade Brestois 29,3911,5.35,19,2.1,19,3.25,-4.8,35.81,22.5
2022/23,Ligue 1,AJ Auxerre,290,2.25,22,0.5,18,1.75,-4.8,35.81,18.3
2022/23,Ligue 1,AC Ajaccio,1147,0.3,17,0.6,11,-0.3,-4.8,35.81,12.6
2022/23,Ligue 1,Montpellier HSC,969,9.5,15,10.0,14,-0.5,-4.8,35.81,12.0
2022/23,Ligue 1,RC Strasbourg Alsace,667,7.0,19,10.9,16,-3.9,-4.8,35.81,2.5
2022/23,Ligue 1,RC Lens,826,43.94,21,51.55,16,-7.61,-4.8,35.81,-7.9
2022/23,Ligue 1,Stade Reims,1421,20.4,24,28.95,29,-8.55,-4.8,35.81,-10.5
2022/23,Ligue 1,FC Lorient,1158,30.2,27,39.45,27,-9.25,-4.8,35.81,-12.4
2022/23,Ligue 1,Stade Rennais FC,273,84.0,22,95.0,20,-11.0,-4.8,35.81,-17.3
2022/23,Ligue 1,Clermont Foot 63,3524,2.3,24,21.4,25,-19.1,-4.8,35.81,-39.9
2022/23,Ligue 1,Angers SCO,1420,6.0,24,39.0,20,-33.0,-4.8,35.81,-78.8
2022/23,Ligue 1,Olympique Lyon,1041,32.45,18,79.85,23,-47.4,-4.8,35.81,-119.0
2022/23,Ligue 1,LOSC Lille,1082,25.5,16,106.77,16,-81.27,-4.8,35.81,-213.6
2022/23,Ligue 1,AS Monaco,162,43.5,20,156.2,21,-112.7,-4.8,35.81,-301.3
2023/24,Ligue 1,Paris Saint-Germain,583,454.5,34,210.65,31,243.85,7.04,65.92,359.3
2023/24,Ligue 1,OGC Nice,417,52.5,22,18.89,23,33.61,7.04,65.92,40.3
2023/24,Ligue 1,AS Monaco,162,86.2,16,62.0,17,24.2,7.04,65.92,26.0
2023/24,Ligue 1,Olympique Marseille,244,102.6,30,79.1,26,23.5,7.04,65.92,25.0
2023/24,Ligue 1,RC Strasbourg Alsace,667,60.7,19,43.1,20,17.6,7.04,65.92,16.0
2023/24,Ligue 1,FC Toulouse,415,18.25,23,14.2,22,4.05,7.04,65.92,-4.5
2023/24,Ligue 1,Le Havre AC,738,2.9,15,0.0,21,2.9,7.04,65.92,-6.3
2023/24,Ligue 1,RC Lens,826,64.25,14,69.04,17,-4.79,7.04,65.92,-17.9
2023/24,Ligue 1,Stade Brestois 29,3911,3.5,15,8.6,17,-5.1,7.04,65.92,-18.4
2023/24,Ligue 1,LOSC Lille,1082,39.45,14,44.6,12,-5.15,7.04,65.92,-18.5
2023/24,Ligue 1,Clermont Foot 63,3524,7.1,17,16.4,18,-9.3,7.04,65.92,-24.8
2023/24,Ligue 1,FC Nantes,995,28.25,22,37.8,22,-9.55,7.04,65.92,-25.2
2023/24,Ligue 1,Stade Reims,1421,53.85,31,74.55,30,-20.7,7.04,65.92,-42.1
2023/24,Ligue 1,FC Metz,347,6.33,27,30.0,20,-23.67,7.04,65.92,-46.6
2023/24,Ligue 1,Olympique Lyon,1041,83.22,34,107.46,29,-24.24,7.04,65.92,-47.4
2023/24,Ligue 1,Montpellier HSC,969,9.58,13,37.75,15,-28.17,7.04,65.92,-53.4
2023/24,Ligue 1,FC Lorient,1158,28.9,24,59.2,21,-30.3,7.04,65.92,-56.6
2023/24,Ligue 1,Stade Rennais FC,273,84.4,21,146.5,26,-62.1,7.04,65.92,-104.9
2024/25,Ligue 1,Paris Saint-Germain,583,255.92,21,145.1,26,110.82,3.27,54.11,198.7
2024/25,Ligue 1,Olympique Lyon,1041,147.79,23,68.05,30,79.74,3.27,54.11,141.3
2024/25,Ligue 1,RC Strasbourg Alsace,667,61.9,28,0.0,28,61.9,3.27,54.11,108.3
2024/25,Ligue 1,AS Monaco,162,88.75,12,56.1,11,32.65,3.27,54.11,54.3
2024/25,Ligue 1,Olympique Marseille,244,122.85,27,102.6,27,20.25,3.27,54.11,31.4
2024/25,Ligue 1,AS Saint-Étienne,618,23.1,17,15.0,14,8.1,3.27,54.11,8.9
2024/25,Ligue 1,Stade Brestois 29,3911,12.2,21,6.4,18,5.8,3.27,54.11,4.7
2024/25,Ligue 1,Angers SCO,1420,0.0,10,0.47,5,-0.47,3.27,54.11,-6.9
2024/25,Ligue 1,AJ Auxerre,290,4.4,14,5.4,12,-1.0,3.27,54.11,-7.9
2024/25,Ligue 1,FC Nantes,995,10.25,19,11.3,19,-1.05,3.27,54.11,-8.0
2024/25,Ligue 1,OGC Nice,417,20.7,18,24.0,16,-3.3,3.27,54.11,-12.1
2024/25,Ligue 1,Le Havre AC,738,0.0,22,9.75,19,-9.75,3.27,54.11,-24.1
2024/25,Ligue 1,Stade Rennais FC,273,154.87,33,177.76,26,-22.89,3.27,54.11,-48.4
2024/25,Ligue 1,Montpellier HSC,969,0.0,12,27.0,10,-27.0,3.27,54.11,-55.9
2024/25,Ligue 1,LOSC Lille,1082,25.34,17,62.0,16,-36.66,3.27,54.11,-73.8
2024/25,Ligue 1,Stade Reims,1421,13.85,20,53.2,18,-39.35,3.27,54.11,-78.8
2024/25,Ligue 1,FC Toulouse,415,7.5,20,56.5,23,-49.0,3.27,54.11,-96.6
2024/25,Ligue 1,RC Lens,826,24.65,26,94.49,24,-69.84,3.27,54.11,-135.1
2025/26,Ligue 1,Paris FC,10004,72.3,20,0.0,15,72.3,-24.75,42.16,230.2
2025/26,Ligue 1,Paris Saint-Germain,583,111.2,16,65.43,15,45.77,-24.75,42.16,167.3
2025/26,Ligue 1,RC Strasbourg Alsace,667,118.0,38,92.2,37,25.8,-24.75,42.16,119.9
2025/26,Ligue 1,FC Lorient,1158,2.2,14,2.8,13,-0.6,-24.75,42.16,57.3
2025/26,Ligue 1,Le Havre AC,738,0.0,26,1.0,24,-1.0,-24.75,42.16,56.3
2025/26,Ligue 1,AJ Auxerre,290,6.85,17,21.5,19,-14.65,-24.75,42.16,24.0
2025/26,Ligue 1,Olympique Marseille,244,112.95,29,131.3,32,-18.35,-24.75,42.16,15.2
2025/26,Ligue 1,Angers SCO,1420,0.0,14,20.05,17,-20.05,-24.75,42.16,11.1
2025/26,Ligue 1,Stade Brestois 29,3911,6.1,16,29.8,20,-23.7,-24.75,42.16,2.5
2025/26,Ligue 1,FC Metz,347,5.75,30,35.6,25,-29.85,-24.75,42.16,-12.1
2025/26,Ligue 1,FC Nantes,995,7.5,26,39.5,23,-32.0,-24.75,42.16,-17.2
2025/26,Ligue 1,FC Toulouse,415,9.95,19,44.5,19,-34.55,-24.75,42.16,-23.3
2025/26,Ligue 1,RC Lens,826,61.45,37,102.0,36,-40.55,-24.75,42.16,-37.5
2025/26,Ligue 1,Stade Rennais FC,273,91.0,31,138.7,38,-47.7,-24.75,42.16,-54.4
2025/26,Ligue 1,Olympique Lyon,1041,56.36,32,112.69,26,-56.33,-24.75,42.16,-74.9
2025/26,Ligue 1,LOSC Lille,1082,48.0,26,109.6,24,-61.6,-24.75,42.16,-87.4
2025/26,Ligue 1,OGC Nice,417,35.18,27,108.0,25,-72.82,-24.75,42.16,-114.0
2025/26,Ligue 1,AS Monaco,162,14.0,15,149.57,13,-135.57,-24.75,42.16,-262.9
2026/27,Ligue 1,Paris FC,10004,79.0,12,6.8,18,72.2,-40.84,33.98,332.7
2026/27,Ligue 1,AJ Auxerre,290,17.6,20,9.75,17,7.85,-40.84,33.98,143.3
2026/27,Ligue 1,Le Mans FC,1164,1.0,12,0.0,9,1.0,-40.84,33.98,123.1
2026/27,Ligue 1,Le Havre AC,738,1.5,16,2.5,19,-1.0,-40.84,33.98,117.2
2026/27,Ligue 1,Stade Brestois 29,3911,2.0,13,3.9,13,-1.9,-40.84,33.98,114.6
2026/27,Ligue 1,FC Lorient,1158,4.85,15,16.4,14,-11.55,-40.84,33.98,86.2
2026/27,Ligue 1,Angers SCO,1420,2.25,10,25.25,12,-23.0,-40.84,33.98,52.5
2026/27,Ligue 1,ESTAC Troyes,1095,4.2,13,31.15,14,-26.95,-40.84,33.98,40.9
2026/27,Ligue 1,Olympique Lyon,1041,30.6,19,70.6,17,-40.0,-40.84,33.98,2.5
2026/27,Ligue 1,RC Lens,826,27.0,23,71.2,22,-44.2,-40.84,33.98,-9.9
2026/27,Ligue 1,OGC Nice,417,1.7,22,46.75,22,-45.05,-40.84,33.98,-12.4
2026/27,Ligue 1,FC Toulouse,415,21.5,18,70.5,18,-49.0,-40.84,33.98,-24.0
2026/27,Ligue 1,Olympique Marseille,244,40.1,13,90.0,14,-49.9,-40.84,33.98,-26.7
2026/27,Ligue 1,AS Monaco,162,48.0,12,106.0,13,-58.0,-40.84,33.98,-50.5
2026/27,Ligue 1,Stade Rennais FC,273,36.8,21,96.7,18,-59.9,-40.84,33.98,-56.1
2026/27,Ligue 1,RC Strasbourg Alsace,667,99.4,29,200.85,25,-101.45,-40.84,33.98,-178.4
2026/27,Ligue 1,LOSC Lille,1082,42.1,16,164.0,17,-121.9,-40.84,33.98,-238.6
2026/27,Ligue 1,Paris Saint-Germain,583,152.0,11,334.3,11,-182.3,-40.84,33.98,-416.3
2006/07,Ligue 2,FC Istres Ouest Provence,2580,1.5,23,0.0,22,1.5,-1.33,10.47,27.0
2006/07,Ligue 2,Grenoble Foot 38,1290,1.1,10,0.0,10,1.1,-1.33,10.47,23.2
2006/07,Ligue 2,EA Guingamp,855,0.75,13,0.0,16,0.75,-1.33,10.47,19.8
2006/07,Ligue 2,Chamois Niortais FC,1161,0.35,12,0.0,10,0.35,-1.33,10.47,16.0
2006/07,Ligue 2,Stade Brestois 29,3911,0.25,13,0.0,15,0.25,-1.33,10.47,15.1
2006/07,Ligue 2,AC Ajaccio,1147,0.0,15,0.0,19,0.0,-1.33,10.47,12.7
2006/07,Ligue 2,Montpellier HSC,969,0.0,10,0.0,9,0.0,-1.33,10.47,12.7
2006/07,Ligue 2,Tours FC,3161,0.0,13,0.2,9,-0.2,-1.33,10.47,10.8
2006/07,Ligue 2,Stade Reims,1421,0.0,15,0.35,16,-0.35,-1.33,10.47,9.3
2006/07,Ligue 2,Dijon FCO,2969,0.0,13,0.35,12,-0.35,-1.33,10.47,9.3
2006/07,Ligue 2,US Créteil-Lusitanos,2067,0.0,25,0.38,21,-0.38,-1.33,10.47,9.1
2006/07,Ligue 2,FC Metz,347,1.1,23,1.68,23,-0.58,-1.33,10.47,7.1
2006/07,Ligue 2,FC Libourne-Saint-Seurin,2968,0.0,14,0.8,9,-0.8,-1.33,10.47,5.0
2006/07,Ligue 2,FC Gueugnon,1397,0.0,14,0.92,16,-0.92,-1.33,10.47,3.9
2006/07,Ligue 2,Amiens SC,1416,0.0,15,1.3,14,-1.3,-1.33,10.47,0.3
2006/07,Ligue 2,LB Châteauroux,1175,0.2,15,1.5,25,-1.3,-1.33,10.47,0.3
2006/07,Ligue 2,Le Havre AC,738,0.0,7,1.35,9,-1.35,-1.33,10.47,-0.2
2006/07,Ligue 2,SC Bastia,595,0.25,8,1.85,14,-1.6,-1.33,10.47,-2.6
2006/07,Ligue 2,SM Caen,1162,0.0,6,3.5,11,-3.5,-1.33,10.47,-20.7
2006/07,Ligue 2,RC Strasbourg Alsace,667,1.2,19,19.09,23,-17.89,-1.33,10.47,-158.1
2007/08,Ligue 2,Dijon FCO,2969,0.4,15,0.0,15,0.4,-1.42,12.73,14.3
2007/08,Ligue 2,Grenoble Foot 38,1290,1.0,16,0.65,19,0.35,-1.42,12.73,13.9
2007/08,Ligue 2,Amiens SC,1416,0.25,13,0.1,13,0.15,-1.42,12.73,12.3
2007/08,Ligue 2,SC Bastia,595,0.0,9,0.0,10,0.0,-1.42,12.73,11.1
2007/08,Ligue 2,Chamois Niortais FC,1161,0.0,10,0.0,14,0.0,-1.42,12.73,11.1
2007/08,Ligue 2,Angers SCO,1420,0.0,15,0.0,18,0.0,-1.42,12.73,11.1
2007/08,Ligue 2,Stade Reims,1421,0.0,13,0.0,19,0.0,-1.42,12.73,11.1
2007/08,Ligue 2,Clermont Foot Auvergne 63,3524,0.0,12,0.0,16,0.0,-1.42,12.73,11.1
2007/08,Ligue 2,US Boulogne,7042,0.0,17,0.0,12,0.0,-1.42,12.73,11.1
2007/08,Ligue 2,FC Gueugnon,1397,0.0,21,0.1,20,-0.1,-1.42,12.73,10.4
2007/08,Ligue 2,EA Guingamp,855,0.65,12,0.82,16,-0.17,-1.42,12.73,9.8
2007/08,Ligue 2,Montpellier HSC,969,0.0,11,0.3,15,-0.3,-1.42,12.73,8.8
2007/08,Ligue 2,Stade Brestois 29,3911,0.0,19,0.35,15,-0.35,-1.42,12.73,8.4
2007/08,Ligue 2,LB Châteauroux,1175,0.0,16,0.6,17,-0.6,-1.42,12.73,6.4
2007/08,Ligue 2,FC Libourne-Saint-Seurin,2968,0.0,18,1.4,17,-1.4,-1.42,12.73,0.1
2007/08,Ligue 2,AC Ajaccio,1147,0.15,17,2.7,16,-2.55,-1.42,12.73,-8.9
2007/08,Ligue 2,Le Havre AC,738,3.1,22,6.9,18,-3.8,-1.42,12.73,-18.7
2007/08,Ligue 2,CS Sedan-Ardennes,1081,0.6,17,5.0,19,-4.4,-1.42,12.73,-23.4
2007/08,Ligue 2,ESTAC Troyes,1095,1.1,15,6.9,16,-5.8,-1.42,12.73,-34.4
2007/08,Ligue 2,FC Nantes,995,4.9,26,14.7,25,-9.8,-1.42,12.73,-65.8
2008/09,Ligue 2,Montpellier HSC,969,1.0,13,0.0,8,1.0,-2.04,12.91,23.5
2008/09,Ligue 2,Dijon FCO,2969,1.0,12,0.0,13,1.0,-2.04,12.91,23.5
2008/09,Ligue 2,EA Guingamp,855,0.51,9,0.0,13,0.51,-2.04,12.91,19.7
2008/09,Ligue 2,Tours FC,3161,0.15,14,0.0,12,0.15,-2.04,12.91,17.0
2008/09,Ligue 2,LB Châteauroux,1175,0.1,21,0.0,19,0.1,-2.04,12.91,16.6
2008/09,Ligue 2,Stade Brestois 29,3911,0.1,9,0.0,11,0.1,-2.04,12.91,16.6
2008/09,Ligue 2,US Boulogne,7042,0.08,12,0.0,14,0.08,-2.04,12.91,16.4
2008/09,Ligue 2,CS Sedan-Ardennes,1081,0.0,18,0.0,18,0.0,-2.04,12.91,15.8
2008/09,Ligue 2,AC Ajaccio,1147,0.0,21,0.0,20,0.0,-2.04,12.91,15.8
2008/09,Ligue 2,Nîmes Olympique,1160,0.0,16,0.0,15,0.0,-2.04,12.91,15.8
2008/09,Ligue 2,Vannes OC,1377,0.0,20,0.0,9,0.0,-2.04,12.91,15.8
2008/09,Ligue 2,Amiens SC,1416,0.0,12,0.0,14,0.0,-2.04,12.91,15.8
2008/09,Ligue 2,ESTAC Troyes,1095,0.1,11,0.3,11,-0.2,-2.04,12.91,14.2
2008/09,Ligue 2,Clermont Foot Auvergne 63,3524,0.0,18,0.7,15,-0.7,-2.04,12.91,10.4
2008/09,Ligue 2,Stade Reims,1421,0.72,20,1.6,16,-0.89,-2.04,12.91,8.9
2008/09,Ligue 2,SC Bastia,595,0.15,15,2.25,10,-2.1,-2.04,12.91,-0.5
2008/09,Ligue 2,Angers SCO,1420,0.0,13,4.85,12,-4.85,-2.04,12.91,-21.8
2008/09,Ligue 2,RC Strasbourg Alsace,667,0.47,28,10.1,27,-9.63,-2.04,12.91,-58.8
2008/09,Ligue 2,FC Metz,347,0.0,20,9.65,21,-9.65,-2.04,12.91,-58.9
2008/09,Ligue 2,RC Lens,826,5.3,15,21.0,19,-15.7,-2.04,12.91,-105.8
2009/10,Ligue 2,EA Guingamp,855,4.45,14,3.0,11,1.45,-0.81,13.57,16.6
2009/10,Ligue 2,Nîmes Olympique,1160,0.3,18,0.0,18,0.3,-0.81,13.57,8.2
2009/10,Ligue 2,Le Havre AC,738,0.6,17,0.48,14,0.12,-0.81,13.57,6.9
2009/10,Ligue 2,Stade Brestois 29,3911,0.3,11,0.25,11,0.05,-0.81,13.57,6.3
2009/10,Ligue 2,Stade Lavallois,1080,0.0,13,0.0,14,0.0,-0.81,13.57,5.9
2009/10,Ligue 2,CS Sedan-Ardennes,1081,0.0,10,0.0,8,0.0,-0.81,13.57,5.9
2009/10,Ligue 2,Vannes OC,1377,0.0,13,0.0,18,0.0,-0.81,13.57,5.9
2009/10,Ligue 2,FC Istres Ouest Provence,2580,0.0,20,0.0,16,0.0,-0.81,13.57,5.9
2009/10,Ligue 2,Clermont Foot Auvergne 63,3524,0.0,12,0.0,15,0.0,-0.81,13.57,5.9
2009/10,Ligue 2,Angers SCO,1420,0.0,12,0.0,12,0.0,-0.81,13.57,5.9
2009/10,Ligue 2,AC Arles-Avignon,11300,0.0,23,0.15,19,-0.15,-0.81,13.57,4.8
2009/10,Ligue 2,SC Bastia,595,0.0,15,0.2,16,-0.2,-0.81,13.57,4.5
2009/10,Ligue 2,AC Ajaccio,1147,0.0,10,0.2,15,-0.2,-0.81,13.57,4.5
2009/10,Ligue 2,RC Strasbourg Alsace,667,0.25,19,0.5,18,-0.25,-0.81,13.57,4.1
2009/10,Ligue 2,Dijon FCO,2969,0.0,18,1.2,15,-1.2,-0.81,13.57,-2.9
2009/10,Ligue 2,FC Nantes,995,0.5,25,2.0,16,-1.5,-0.81,13.57,-5.1
2009/10,Ligue 2,Tours FC,3161,0.0,16,2.5,18,-2.5,-0.81,13.57,-12.5
2009/10,Ligue 2,FC Metz,347,0.0,19,3.0,24,-3.0,-0.81,13.57,-16.2
2009/10,Ligue 2,LB Châteauroux,1175,0.0,18,3.5,21,-3.5,-0.81,13.57,-19.8
2009/10,Ligue 2,SM Caen,1162,0.0,9,5.55,9,-5.55,-0.81,13.57,-34.9
2010/11,Ligue 2,FC Évian Thonon Gaillard,14171,0.75,11,0.0,14,0.75,-1.3,7.7,26.7
2010/11,Ligue 2,Clermont Foot Auvergne 63,3524,0.0,15,0.0,17,0.0,-1.3,7.7,16.9
2010/11,Ligue 2,Dijon FCO,2969,0.0,15,0.0,18,0.0,-1.3,7.7,16.9
2010/11,Ligue 2,FC Istres Ouest Provence,2580,0.0,12,0.0,15,0.0,-1.3,7.7,16.9
2010/11,Ligue 2,FC Metz,347,0.0,19,0.0,16,0.0,-1.3,7.7,16.9
2010/11,Ligue 2,ESTAC Troyes,1095,0.0,11,0.0,9,0.0,-1.3,7.7,16.9
2010/11,Ligue 2,AC Ajaccio,1147,0.0,14,0.0,15,0.0,-1.3,7.7,16.9
2010/11,Ligue 2,Stade Reims,1421,0.0,11,0.0,14,0.0,-1.3,7.7,16.9
2010/11,Ligue 2,Tours FC,3161,1.45,15,2.0,18,-0.55,-1.3,7.7,9.8
2010/11,Ligue 2,Vannes OC,1377,0.05,10,0.8,11,-0.75,-1.3,7.7,7.2
2010/11,Ligue 2,Stade Lavallois,1080,0.3,15,1.2,12,-0.9,-1.3,7.7,5.2
2010/11,Ligue 2,CS Sedan-Ardennes,1081,0.1,9,1.0,14,-0.9,-1.3,7.7,5.2
2010/11,Ligue 2,Grenoble Foot 38,1290,1.0,16,2.2,18,-1.2,-1.3,7.7,1.3
2010/11,Ligue 2,LB Châteauroux,1175,0.0,14,1.25,16,-1.25,-1.3,7.7,0.7
2010/11,Ligue 2,Nîmes Olympique,1160,0.2,17,2.3,21,-2.1,-1.3,7.7,-10.4
2010/11,Ligue 2,Le Havre AC,738,0.3,10,2.5,21,-2.2,-1.3,7.7,-11.7
2010/11,Ligue 2,Angers SCO,1420,0.0,16,2.5,17,-2.5,-1.3,7.7,-15.6
2010/11,Ligue 2,US Boulogne,7042,0.0,13,3.7,21,-3.7,-1.3,7.7,-31.2
2010/11,Ligue 2,FC Nantes,995,0.0,22,3.75,27,-3.75,-1.3,7.7,-31.8
2010/11,Ligue 2,Le Mans FC,1164,0.0,15,7.0,23,-7.0,-1.3,7.7,-74.0
2011/12,Ligue 2,AC Arles-Avignon,11300,0.2,22,0.2,18,0.0,-2.56,12.35,20.7
2011/12,Ligue 2,Stade Lavallois,1080,0.0,13,0.0,17,0.0,-2.56,12.35,20.7
2011/12,Ligue 2,Amiens SC,1416,0.0,13,0.0,12,0.0,-2.56,12.35,20.7
2011/12,Ligue 2,Angers SCO,1420,0.0,11,0.0,9,0.0,-2.56,12.35,20.7
2011/12,Ligue 2,Stade Reims,1421,0.0,16,0.0,9,0.0,-2.56,12.35,20.7
2011/12,Ligue 2,Clermont Foot Auvergne 63,3524,0.0,15,0.0,12,0.0,-2.56,12.35,20.7
2011/12,Ligue 2,FC Metz,347,0.0,18,0.5,22,-0.5,-2.56,12.35,16.6
2011/12,Ligue 2,SC Bastia,595,0.0,9,0.86,8,-0.86,-2.56,12.35,13.7
2011/12,Ligue 2,LB Châteauroux,1175,0.0,20,1.25,21,-1.25,-2.56,12.35,10.6
2011/12,Ligue 2,FC Istres Ouest Provence,2580,0.0,8,1.5,14,-1.5,-2.56,12.35,8.5
2011/12,Ligue 2,Tours FC,3161,0.0,7,1.5,8,-1.5,-2.56,12.35,8.5
2011/12,Ligue 2,US Boulogne,7042,0.0,16,1.8,15,-1.8,-2.56,12.35,6.1
2011/12,Ligue 2,EA Guingamp,855,0.0,15,2.1,15,-2.1,-2.56,12.35,3.7
2011/12,Ligue 2,CS Sedan-Ardennes,1081,0.9,13,3.1,15,-2.2,-2.56,12.35,2.9
2011/12,Ligue 2,ESTAC Troyes,1095,0.0,15,2.2,12,-2.2,-2.56,12.35,2.9
2011/12,Ligue 2,AS Monaco,162,20.0,37,23.0,32,-3.0,-2.56,12.35,-3.6
2011/12,Ligue 2,Le Havre AC,738,0.0,13,3.8,11,-3.8,-2.56,12.35,-10.1
2011/12,Ligue 2,FC Nantes,995,0.0,23,4.1,26,-4.1,-2.56,12.35,-12.5
2011/12,Ligue 2,Le Mans FC,1164,0.0,20,5.5,16,-5.5,-2.56,12.35,-23.8
2011/12,Ligue 2,RC Lens,826,0.5,20,21.29,21,-20.79,-2.56,12.35,-147.7
2012/13,Ligue 2,AS Monaco,162,24.65,24,3.5,28,21.15,-1.4,13.0,173.5
2012/13,Ligue 2,AC Arles-Avignon,11300,0.1,19,0.0,20,0.1,-1.4,13.0,11.5
2012/13,Ligue 2,FC Nantes,995,0.0,15,0.0,18,0.0,-1.4,13.0,10.8
2012/13,Ligue 2,Nîmes Olympique,1160,0.0,8,0.0,10,0.0,-1.4,13.0,10.8
2012/13,Ligue 2,Chamois Niortais FC,1161,0.0,15,0.0,10,0.0,-1.4,13.0,10.8
2012/13,Ligue 2,GFC Ajaccio,3558,0.0,15,0.0,13,0.0,-1.4,13.0,10.8
2012/13,Ligue 2,LB Châteauroux,1175,0.75,21,0.8,19,-0.05,-1.4,13.0,10.4
2012/13,Ligue 2,Tours FC,3161,0.25,11,0.85,9,-0.6,-1.4,13.0,6.2
2012/13,Ligue 2,Le Mans FC,1164,0.0,12,0.7,13,-0.7,-1.4,13.0,5.4
2012/13,Ligue 2,EA Guingamp,855,0.0,13,0.9,12,-0.9,-1.4,13.0,3.8
2012/13,Ligue 2,Stade Lavallois,1080,0.0,13,1.0,13,-1.0,-1.4,13.0,3.1
2012/13,Ligue 2,FC Istres Ouest Provence,2580,0.0,22,1.25,14,-1.25,-1.4,13.0,1.2
2012/13,Ligue 2,Angers SCO,1420,0.0,12,1.5,12,-1.5,-1.4,13.0,-0.8
2012/13,Ligue 2,CS Sedan-Ardennes,1081,0.0,16,1.6,13,-1.6,-1.4,13.0,-1.5
2012/13,Ligue 2,Le Havre AC,738,0.25,9,3.4,13,-3.15,-1.4,13.0,-13.5
2012/13,Ligue 2,RC Lens,826,0.4,16,4.5,16,-4.1,-1.4,13.0,-20.8
2012/13,Ligue 2,Dijon FCO,2969,0.0,14,4.7,17,-4.7,-1.4,13.0,-25.4
2012/13,Ligue 2,Clermont Foot Auvergne 63,3524,0.0,8,4.9,12,-4.9,-1.4,13.0,-26.9
2012/13,Ligue 2,SM Caen,1162,0.8,14,12.6,12,-11.8,-1.4,13.0,-80.0
2012/13,Ligue 2,AJ Auxerre,290,0.0,17,13.0,19,-13.0,-1.4,13.0,-89.3
2013/14,Ligue 2,AC Arles-Avignon,11300,0.0,14,0.0,17,0.0,-1.4,20.69,6.8
2013/14,Ligue 2,CA Bastia (- 2017),28559,0.0,16,0.0,7,0.0,-1.4,20.69,6.8
2013/14,Ligue 2,Tours FC,3161,0.0,11,0.0,13,0.0,-1.4,20.69,6.8
2013/14,Ligue 2,FC Metz,347,0.0,15,0.0,14,0.0,-1.4,20.69,6.8
2013/14,Ligue 2,Stade Lavallois,1080,0.0,16,0.0,15,0.0,-1.4,20.69,6.8
2013/14,Ligue 2,Chamois Niortais FC,1161,0.0,8,0.0,14,0.0,-1.4,20.69,6.8
2013/14,Ligue 2,LB Châteauroux,1175,0.0,20,0.0,21,0.0,-1.4,20.69,6.8
2013/14,Ligue 2,Angers SCO,1420,0.0,14,0.0,15,0.0,-1.4,20.69,6.8
2013/14,Ligue 2,US Créteil-Lusitanos,2067,0.0,10,0.0,8,0.0,-1.4,20.69,6.8
2013/14,Ligue 2,RC Lens,826,1.5,15,1.75,12,-0.25,-1.4,20.69,5.6
2013/14,Ligue 2,Clermont Foot 63,3524,0.0,12,0.5,14,-0.5,-1.4,20.69,4.4
2013/14,Ligue 2,FC Istres Ouest Provence,2580,0.0,20,0.81,22,-0.81,-1.4,20.69,2.9
2013/14,Ligue 2,Stade Brestois 29,3911,0.0,8,1.3,13,-1.3,-1.4,20.69,0.5
2013/14,Ligue 2,Nîmes Olympique,1160,0.15,10,1.5,12,-1.35,-1.4,20.69,0.3
2013/14,Ligue 2,SM Caen,1162,0.0,11,2.5,16,-2.5,-1.4,20.69,-5.3
2013/14,Ligue 2,Dijon FCO,2969,0.0,13,2.62,10,-2.62,-1.4,20.69,-5.9
2013/14,Ligue 2,AS Nancy-Lorraine,1159,0.0,11,2.75,12,-2.75,-1.4,20.69,-6.5
2013/14,Ligue 2,ESTAC Troyes,1095,0.5,19,4.32,14,-3.82,-1.4,20.69,-11.7
2013/14,Ligue 2,AJ Auxerre,290,0.0,16,6.0,18,-6.0,-1.4,20.69,-22.2
2013/14,Ligue 2,Le Havre AC,738,0.0,15,6.15,12,-6.15,-1.4,20.69,-22.9
2014/15,Ligue 2,US Créteil-Lusitanos,2067,0.2,12,0.0,11,0.2,-1.61,8.99,20.2
2014/15,Ligue 2,AJ Auxerre,290,0.15,17,0.0,20,0.15,-1.61,8.99,19.6
2014/15,Ligue 2,Le Havre AC,738,0.0,11,0.0,15,0.0,-1.61,8.99,17.9
2014/15,Ligue 2,Stade Lavallois,1080,0.0,12,0.0,14,0.0,-1.61,8.99,17.9
2014/15,Ligue 2,Nîmes Olympique,1160,0.0,15,0.0,17,0.0,-1.61,8.99,17.9
2014/15,Ligue 2,GFC Ajaccio,3558,0.0,8,0.0,9,0.0,-1.61,8.99,17.9
2014/15,Ligue 2,US Orléans,10868,0.0,11,0.0,6,0.0,-1.61,8.99,17.9
2014/15,Ligue 2,AC Arles-Avignon,11300,0.0,32,0.0,27,0.0,-1.61,8.99,17.9
2014/15,Ligue 2,LB Châteauroux,1175,0.0,19,0.0,19,0.0,-1.61,8.99,17.9
2014/15,Ligue 2,Clermont Foot 63,3524,0.0,12,0.3,9,-0.3,-1.61,8.99,14.6
2014/15,Ligue 2,ESTAC Troyes,1095,0.0,11,0.4,14,-0.4,-1.61,8.99,13.5
2014/15,Ligue 2,AC Ajaccio,1147,0.0,19,0.5,17,-0.5,-1.61,8.99,12.4
2014/15,Ligue 2,Chamois Niortais FC,1161,0.0,13,0.5,14,-0.5,-1.61,8.99,12.4
2014/15,Ligue 2,Stade Brestois 29,3911,0.2,16,0.8,14,-0.6,-1.61,8.99,11.3
2014/15,Ligue 2,Valenciennes FC,1423,0.1,17,2.0,19,-1.9,-1.61,8.99,-3.2
2014/15,Ligue 2,Dijon FCO,2969,0.0,10,2.6,14,-2.6,-1.61,8.99,-11.0
2014/15,Ligue 2,Angers SCO,1420,0.0,15,3.0,16,-3.0,-1.61,8.99,-15.4
2014/15,Ligue 2,Tours FC,3161,0.0,16,4.25,14,-4.25,-1.61,8.99,-29.3
2014/15,Ligue 2,FC Sochaux-Montbéliard,750,0.4,22,8.55,30,-8.15,-1.61,8.99,-72.7
2014/15,Ligue 2,AS Nancy-Lorraine,1159,0.0,16,10.4,13,-10.4,-1.61,8.99,-97.7
1987/88,Premier League / First Division,Manchester United,985,3.7,7,0.0,9,3.7,0.24,1.14,302.2
1987/88,Premier League / First Division,Liverpool FC,31,4.0,4,0.94,9,3.06,0.24,1.14,246.5
1987/88,Premier League / First Division,Coventry City,990,1.28,5,0.0,3,1.28,0.24,1.14,90.7
1987/88,Premier League / First Division,Arsenal FC,11,2.27,8,1.1,7,1.17,0.24,1.14,81.1
1987/88,Premier League / First Division,Everton FC,29,1.76,10,0.81,10,0.95,0.24,1.14,61.8
1987/88,Premier League / First Division,Leeds United,399,0.79,10,0.44,13,0.34,0.24,1.14,9.0
1987/88,Premier League / First Division,Chelsea FC,631,1.31,9,0.98,11,0.33,0.24,1.14,7.7
1987/88,Premier League / First Division,Nottingham Forest,703,0.89,17,0.57,15,0.32,0.24,1.14,6.9
1987/88,Premier League / First Division,Crystal Palace,873,0.5,10,0.19,5,0.31,0.24,1.14,5.8
1987/88,Premier League / First Division,AFC Bournemouth,989,0.1,10,0.02,8,0.08,0.24,1.14,-14.4
1987/88,Premier League / First Division,Brentford FC,1148,0.02,12,0.04,10,-0.02,0.24,1.14,-23.0
1987/88,Premier League / First Division,Sunderland AFC,289,0.23,9,0.34,7,-0.12,0.24,1.14,-31.3
1987/88,Premier League / First Division,Brighton & Hove Albion,1237,0.15,9,0.35,9,-0.2,0.24,1.14,-38.9
1987/88,Premier League / First Division,Manchester City,281,0.21,9,0.43,17,-0.22,0.24,1.14,-40.3
1987/88,Premier League / First Division,Newcastle United,762,2.52,10,2.83,9,-0.31,0.24,1.14,-48.3
1987/88,Premier League / First Division,Hull City,3008,0.08,6,0.39,4,-0.31,0.24,1.14,-48.6
1987/88,Premier League / First Division,Ipswich Town,677,0.4,11,0.97,15,-0.57,0.24,1.14,-71.4
1987/88,Premier League / First Division,Fulham FC,931,0.28,9,0.97,7,-0.69,0.24,1.14,-81.5
1987/88,Premier League / First Division,Aston Villa,405,0.84,14,1.94,14,-1.1,0.24,1.14,-117.2
1987/88,Premier League / First Division,Tottenham Hotspur,148,1.56,14,4.71,13,-3.15,0.24,1.14,-296.5
1988/89,Premier League / First Division,Tottenham Hotspur,148,7.47,14,2.35,16,5.12,0.37,1.83,259.8
1988/89,Premier League / First Division,Liverpool FC,31,5.03,6,1.01,4,4.02,0.37,1.83,199.7
1988/89,Premier League / First Division,Everton FC,29,5.5,7,3.3,11,2.2,0.37,1.83,100.2
1988/89,Premier League / First Division,Nottingham Forest,703,1.38,10,0.6,10,0.78,0.37,1.83,22.5
1988/89,Premier League / First Division,Crystal Palace,873,0.84,11,0.25,8,0.6,0.37,1.83,12.5
1988/89,Premier League / First Division,Manchester United,985,2.97,9,2.61,11,0.36,0.37,1.83,-0.4
1988/89,Premier League / First Division,Aston Villa,405,1.84,9,1.49,12,0.35,0.37,1.83,-1.0
1988/89,Premier League / First Division,Arsenal FC,11,0.6,9,0.35,7,0.24,0.37,1.83,-6.7
1988/89,Premier League / First Division,Ipswich Town,677,0.75,8,0.51,5,0.24,0.37,1.83,-6.9
1988/89,Premier League / First Division,AFC Bournemouth,989,0.22,8,0.0,6,0.22,0.37,1.83,-8.3
1988/89,Premier League / First Division,Brighton & Hove Albion,1237,0.14,5,0.0,6,0.14,0.37,1.83,-12.2
1988/89,Premier League / First Division,Sunderland AFC,289,0.0,9,0.02,12,-0.02,0.37,1.83,-21.4
1988/89,Premier League / First Division,Chelsea FC,631,2.04,7,2.07,9,-0.03,0.37,1.83,-21.7
1988/89,Premier League / First Division,Leeds United,399,0.72,12,0.8,7,-0.08,0.37,1.83,-24.6
1988/89,Premier League / First Division,Hull City,3008,0.28,11,0.42,6,-0.14,0.37,1.83,-27.5
1988/89,Premier League / First Division,Coventry City,990,0.0,4,0.14,4,-0.14,0.37,1.83,-28.0
1988/89,Premier League / First Division,Fulham FC,931,0.16,8,0.34,8,-0.18,0.37,1.83,-29.8
1988/89,Premier League / First Division,Manchester City,281,1.87,10,2.39,7,-0.52,0.37,1.83,-48.5
1988/89,Premier League / First Division,Brentford FC,1148,0.0,10,0.7,8,-0.7,0.37,1.83,-58.1
1988/89,Premier League / First Division,Newcastle United,762,4.78,16,9.89,19,-5.11,0.37,1.83,-299.5
1989/90,Premier League / First Division,Manchester United,985,8.99,12,1.26,7,7.73,0.68,2.25,313.9
1989/90,Premier League / First Division,Manchester City,281,6.0,14,2.38,14,3.62,0.68,2.25,130.9
1989/90,Premier League / First Division,Crystal Palace,873,3.4,11,0.29,10,3.11,0.68,2.25,108.2
1989/90,Premier League / First Division,Leeds United,399,3.97,16,1.97,16,2.0,0.68,2.25,58.8
1989/90,Premier League / First Division,Everton FC,29,4.65,11,3.01,9,1.64,0.68,2.25,42.8
1989/90,Premier League / First Division,Aston Villa,405,3.97,8,3.2,6,0.77,0.68,2.25,4.1
1989/90,Premier League / First Division,Arsenal FC,11,1.28,7,1.1,6,0.18,0.68,2.25,-22.2
1989/90,Premier League / First Division,Brentford FC,1148,0.18,12,0.0,11,0.18,0.68,2.25,-22.4
1989/90,Premier League / First Division,Sunderland AFC,289,0.16,8,0.0,11,0.16,0.68,2.25,-23.2
1989/90,Premier League / First Division,Fulham FC,931,0.28,13,0.13,15,0.14,0.68,2.25,-23.7
1989/90,Premier League / First Division,Chelsea FC,631,1.09,9,1.0,7,0.09,0.68,2.25,-26.1
1989/90,Premier League / First Division,Hull City,3008,0.07,7,0.05,8,0.02,0.68,2.25,-29.2
1989/90,Premier League / First Division,Brighton & Hove Albion,1237,0.0,6,0.0,5,0.0,0.68,2.25,-30.2
1989/90,Premier League / First Division,AFC Bournemouth,989,0.5,8,0.5,8,0.0,0.68,2.25,-30.2
1989/90,Premier League / First Division,Ipswich Town,677,0.64,10,0.73,5,-0.08,0.68,2.25,-34.0
1989/90,Premier League / First Division,Liverpool FC,31,0.82,5,1.15,5,-0.33,0.68,2.25,-44.9
1989/90,Premier League / First Division,Nottingham Forest,703,3.09,19,3.92,15,-0.83,0.68,2.25,-67.1
1989/90,Premier League / First Division,Coventry City,990,0.66,11,1.69,8,-1.02,0.68,2.25,-75.8
1989/90,Premier League / First Division,Newcastle United,762,1.38,11,2.62,14,-1.24,0.68,2.25,-85.4
1989/90,Premier League / First Division,Tottenham Hotspur,148,3.81,17,6.38,15,-2.57,0.68,2.25,-144.6
1990/91,Premier League / First Division,Chelsea FC,631,4.32,7,0.51,6,3.81,0.95,1.72,166.0
1990/91,Premier League / First Division,Liverpool FC,31,3.77,11,0.32,8,3.45,0.95,1.72,145.0
1990/91,Premier League / First Division,Everton FC,29,3.13,6,0.74,7,2.38,0.95,1.72,83.1
1990/91,Premier League / First Division,Aston Villa,405,2.24,11,0.0,6,2.24,0.95,1.72,74.7
1990/91,Premier League / First Division,Crystal Palace,873,2.8,9,0.56,8,2.24,0.95,1.72,74.7
1990/91,Premier League / First Division,Leeds United,399,3.47,9,1.73,10,1.74,0.95,1.72,45.6
1990/91,Premier League / First Division,Newcastle United,762,1.94,15,0.28,6,1.66,0.95,1.72,41.3
1990/91,Premier League / First Division,Coventry City,990,2.93,10,1.76,11,1.17,0.95,1.72,12.5
1990/91,Premier League / First Division,Manchester United,985,1.18,17,0.24,11,0.94,0.95,1.72,-0.6
1990/91,Premier League / First Division,Manchester City,281,2.05,13,1.33,11,0.72,0.95,1.72,-13.6
1990/91,Premier League / First Division,Sunderland AFC,289,0.7,7,0.0,4,0.7,0.95,1.72,-14.6
1990/91,Premier League / First Division,Arsenal FC,11,4.6,16,3.95,13,0.65,0.95,1.72,-17.7
1990/91,Premier League / First Division,Fulham FC,931,0.53,18,0.13,15,0.4,0.95,1.72,-32.5
1990/91,Premier League / First Division,Ipswich Town,677,0.22,8,0.16,11,0.07,0.95,1.72,-51.4
1990/91,Premier League / First Division,Brentford FC,1148,0.0,8,0.1,8,-0.1,0.95,1.72,-61.3
1990/91,Premier League / First Division,Brighton & Hove Albion,1237,0.24,11,0.34,9,-0.1,0.95,1.72,-61.5
1990/91,Premier League / First Division,AFC Bournemouth,989,0.17,10,0.58,7,-0.41,0.95,1.72,-79.3
1990/91,Premier League / First Division,Nottingham Forest,703,0.0,5,0.68,6,-0.68,0.95,1.72,-94.8
1990/91,Premier League / First Division,Hull City,3008,0.04,13,0.75,14,-0.71,0.95,1.72,-96.8
1990/91,Premier League / First Division,Tottenham Hotspur,148,0.08,10,1.16,14,-1.08,0.95,1.72,-118.6
1991/92,Premier League / First Division,Leeds United,399,7.82,24,0.38,22,7.44,0.48,3.71,187.4
1991/92,Premier League / First Division,Liverpool FC,31,12.98,9,8.1,9,4.88,0.48,3.71,118.5
1991/92,Premier League / First Division,Manchester United,985,3.75,9,0.06,15,3.69,0.48,3.71,86.5
1991/92,Premier League / First Division,Tottenham Hotspur,148,4.54,21,1.47,18,3.07,0.48,3.71,69.7
1991/92,Premier League / First Division,Everton FC,29,7.82,16,5.76,16,2.06,0.48,3.71,42.5
1991/92,Premier League / First Division,Arsenal FC,11,5.33,15,3.87,14,1.46,0.48,3.71,26.4
1991/92,Premier League / First Division,Newcastle United,762,0.96,12,0.35,15,0.61,0.48,3.71,3.6
1991/92,Premier League / First Division,Nottingham Forest,703,5.55,14,5.11,13,0.44,0.48,3.71,-1.1
1991/92,Premier League / First Division,Brentford FC,1148,0.14,10,0.0,12,0.14,0.48,3.71,-9.1
1991/92,Premier League / First Division,Coventry City,990,0.68,12,0.64,12,0.04,0.48,3.71,-11.9
1991/92,Premier League / First Division,Fulham FC,931,0.14,8,0.26,13,-0.12,0.48,3.71,-16.1
1991/92,Premier League / First Division,AFC Bournemouth,989,0.29,11,0.6,10,-0.32,0.48,3.71,-21.6
1991/92,Premier League / First Division,Manchester City,281,3.06,11,3.55,12,-0.49,0.48,3.71,-26.2
1991/92,Premier League / First Division,Ipswich Town,677,0.38,6,1.05,9,-0.68,0.48,3.71,-31.1
1991/92,Premier League / First Division,Sunderland AFC,289,1.95,7,2.76,6,-0.81,0.48,3.71,-34.8
1991/92,Premier League / First Division,Brighton & Hove Albion,1237,0.0,8,1.0,10,-1.0,0.48,3.71,-39.8
1991/92,Premier League / First Division,Hull City,3008,0.16,5,1.25,8,-1.09,0.48,3.71,-42.3
1991/92,Premier League / First Division,Chelsea FC,631,4.27,14,6.96,17,-2.69,0.48,3.71,-85.4
1991/92,Premier League / First Division,Crystal Palace,873,4.35,16,7.14,17,-2.79,0.48,3.71,-88.1
1991/92,Premier League / First Division,Aston Villa,405,10.09,22,14.32,19,-4.23,0.48,3.71,-126.9
1992/93,Premier League / First Division,Blackburn Rovers,164,11.63,18,4.59,24,7.04,0.45,3.67,179.4
1992/93,Premier League / First Division,Aston Villa,405,4.93,11,1.1,10,3.83,0.45,3.67,92.0
1992/93,Premier League / First Division,Sheffield Wednesday,1035,3.5,5,0.14,6,3.36,0.45,3.67,79.2
1992/93,Premier League / First Division,Manchester City,281,4.85,11,1.85,10,3.0,0.45,3.67,69.4
1992/93,Premier League / First Division,Leeds United,399,5.81,14,2.98,8,2.83,0.45,3.67,64.8
1992/93,Premier League / First Division,Oldham Athletic,1078,2.78,11,1.24,5,1.54,0.45,3.67,29.6
1992/93,Premier League / First Division,Chelsea FC,631,6.92,20,5.43,15,1.49,0.45,3.67,28.3
1992/93,Premier League / First Division,Manchester United,985,3.53,17,2.13,11,1.4,0.45,3.67,25.8
1992/93,Premier League / First Division,Middlesbrough FC,641,3.18,12,2.0,9,1.18,0.45,3.67,19.8
1992/93,Premier League / First Division,Ipswich Town,677,1.33,8,0.47,6,0.86,0.45,3.67,11.1
1992/93,Premier League / First Division,Arsenal FC,11,4.6,4,3.87,4,0.73,0.45,3.67,7.6
1992/93,Premier League / First Division,Sheffield United,350,0.39,11,0.23,11,0.16,0.45,3.67,-7.9
1992/93,Premier League / First Division,Coventry City,990,3.09,17,3.29,14,-0.2,0.45,3.67,-17.7
1992/93,Premier League / First Division,Queens Park Rangers,1039,0.13,6,0.45,5,-0.32,0.45,3.67,-21.0
1992/93,Premier League / First Division,Crystal Palace,873,1.87,11,2.23,8,-0.36,0.45,3.67,-22.1
1992/93,Premier League / First Division,Liverpool FC,31,4.43,8,5.2,8,-0.77,0.45,3.67,-33.3
1992/93,Premier League / First Division,Everton FC,29,2.02,14,3.45,9,-1.43,0.45,3.67,-51.2
1992/93,Premier League / First Division,Wimbledon FC (- 2004),114309,2.41,9,3.87,8,-1.46,0.45,3.67,-52.1
1992/93,Premier League / First Division,Tottenham Hotspur,148,7.69,20,10.6,15,-2.91,0.45,3.67,-91.6
1992/93,Premier League / First Division,Norwich City,1123,1.0,10,3.94,10,-2.94,0.45,3.67,-92.4
1992/93,Premier League / First Division,Nottingham Forest,703,1.4,7,4.85,5,-3.45,0.45,3.67,-106.3
1992/93,Premier League / First Division,Southampton FC,180,3.29,14,6.94,14,-3.65,0.45,3.67,-111.7
1993/94,Premier League / First Division,Blackburn Rovers,164,13.2,9,0.72,8,12.48,1.19,4.71,239.4
1993/94,Premier League / First Division,Liverpool FC,31,8.0,10,1.02,12,6.98,1.19,4.71,122.8
1993/94,Premier League / First Division,Manchester City,281,9.89,15,3.68,10,6.21,1.19,4.71,106.5
1993/94,Premier League / First Division,Newcastle United,762,11.35,16,5.53,15,5.82,1.19,4.71,98.2
1993/94,Premier League / First Division,Aston Villa,405,5.05,14,1.14,12,3.91,1.19,4.71,57.7
1993/94,Premier League / First Division,Manchester United,985,4.4,7,0.97,10,3.43,1.19,4.71,47.5
1993/94,Premier League / First Division,Sheffield Wednesday,1035,7.39,9,5.49,8,1.9,1.19,4.71,15.0
1993/94,Premier League / First Division,Coventry City,990,1.5,16,0.62,17,0.88,1.19,4.71,-6.7
1993/94,Premier League / First Division,Tottenham Hotspur,148,6.76,14,6.32,16,0.44,1.19,4.71,-16.0
1993/94,Premier League / First Division,Wimbledon FC (- 2004),114309,0.58,6,0.35,9,0.23,1.19,4.71,-20.4
1993/94,Premier League / First Division,Everton FC,29,4.63,12,4.55,9,0.08,1.19,4.71,-23.6
1993/94,Premier League / First Division,Ipswich Town,677,2.9,6,2.92,5,-0.02,1.19,4.71,-25.7
1993/94,Premier League / First Division,Oldham Athletic,1078,1.3,9,1.48,10,-0.18,1.19,4.71,-29.1
1993/94,Premier League / First Division,Swindon Town,352,2.01,13,2.32,12,-0.31,1.19,4.71,-31.9
1993/94,Premier League / First Division,Leeds United,399,7.78,7,8.45,10,-0.67,1.19,4.71,-39.5
1993/94,Premier League / First Division,Chelsea FC,631,5.08,14,5.77,12,-0.69,1.19,4.71,-39.9
1993/94,Premier League / First Division,Southampton FC,180,3.13,12,3.87,12,-0.74,1.19,4.71,-41.0
1993/94,Premier League / First Division,West Ham United,379,2.42,21,3.34,20,-0.92,1.19,4.71,-44.8
1993/94,Premier League / First Division,Arsenal FC,11,1.1,11,2.35,14,-1.25,1.19,4.71,-51.8
1993/94,Premier League / First Division,Norwich City,1123,1.08,9,3.2,10,-2.12,1.19,4.71,-70.3
1993/94,Premier League / First Division,Sheffield United,350,2.69,16,4.94,13,-2.25,1.19,4.71,-73.0
1993/94,Premier League / First Division,Queens Park Rangers,1039,1.42,9,8.4,10,-6.98,1.19,4.71,-173.4
1994/95,Premier League / First Division,Everton FC,29,15.5,17,2.72,18,12.78,2.57,6.84,149.3
1994/95,Premier League / First Division,Arsenal FC,11,11.27,14,0.75,9,10.52,2.57,6.84,116.2
1994/95,Premier League / First Division,Liverpool FC,31,12.27,12,3.75,14,8.52,2.57,6.84,87.0
1994/95,Premier League / First Division,Manchester United,985,11.82,13,5.08,12,6.74,2.57,6.84,61.0
1994/95,Premier League / First Division,Blackburn Rovers,164,10.15,13,4.37,11,5.78,2.57,6.84,46.9
1994/95,Premier League / First Division,Chelsea FC,631,6.5,14,2.0,14,4.5,2.57,6.84,28.2
1994/95,Premier League / First Division,West Ham United,379,6.67,19,2.38,17,4.29,2.57,6.84,25.1
1994/95,Premier League / First Division,Tottenham Hotspur,148,9.35,17,5.11,22,4.24,2.57,6.84,24.4
1994/95,Premier League / First Division,Leeds United,399,6.05,16,2.0,16,4.05,2.57,6.84,21.6
1994/95,Premier League / First Division,Leicester City,1003,3.75,12,1.06,12,2.69,2.57,6.84,1.7
1994/95,Premier League / First Division,Nottingham Forest,703,2.55,10,0.24,10,2.31,2.57,6.84,-3.9
1994/95,Premier League / First Division,Crystal Palace,873,2.77,14,0.93,16,1.84,2.57,6.84,-10.7
1994/95,Premier League / First Division,Ipswich Town,677,4.29,16,3.01,9,1.28,2.57,6.84,-18.9
1994/95,Premier League / First Division,Coventry City,990,8.03,22,6.76,15,1.27,2.57,6.84,-19.1
1994/95,Premier League / First Division,Queens Park Rangers,1039,0.65,11,0.14,9,0.51,2.57,6.84,-30.2
1994/95,Premier League / First Division,Southampton FC,180,3.54,8,3.3,13,0.24,2.57,6.84,-34.1
1994/95,Premier League / First Division,Sheffield Wednesday,1035,9.31,8,9.32,10,-0.01,2.57,6.84,-37.8
1994/95,Premier League / First Division,Wimbledon FC (- 2004),114309,3.65,14,4.1,9,-0.45,2.57,6.84,-44.2
1994/95,Premier League / First Division,Manchester City,281,2.54,13,3.28,11,-0.74,2.57,6.84,-48.5
1994/95,Premier League / First Division,Aston Villa,405,8.22,12,10.73,14,-2.51,2.57,6.84,-74.4
1994/95,Premier League / First Division,Newcastle United,762,6.28,9,11.75,11,-5.47,2.57,6.84,-117.7
1994/95,Premier League / First Division,Norwich City,1123,5.24,17,11.01,11,-5.77,2.57,6.84,-122.0
1995/96,Premier League / First Division,Newcastle United,762,32.89,10,9.19,11,23.7,4.72,12.13,156.4
1995/96,Premier League / First Division,Liverpool FC,31,19.6,10,1.7,9,17.9,4.72,12.13,108.6
1995/96,Premier League / First Division,Middlesbrough FC,641,13.9,11,0.38,11,13.52,4.72,12.13,72.6
1995/96,Premier League / First Division,Coventry City,990,16.3,23,3.37,25,12.93,4.72,12.13,67.7
1995/96,Premier League / First Division,Arsenal FC,11,18.75,10,6.3,10,12.45,4.72,12.13,63.7
1995/96,Premier League / First Division,Blackburn Rovers,164,19.78,18,8.06,12,11.72,4.72,12.13,57.7
1995/96,Premier League / First Division,Everton FC,29,12.33,19,0.98,14,11.35,4.72,12.13,54.7
1995/96,Premier League / First Division,Aston Villa,405,15.95,11,8.54,15,7.41,4.72,12.13,22.2
1995/96,Premier League / First Division,Leeds United,399,10.5,17,4.6,13,5.9,4.72,12.13,9.7
1995/96,Premier League / First Division,Manchester City,281,12.18,19,8.79,23,3.39,4.72,12.13,-10.9
1995/96,Premier League / First Division,Chelsea FC,631,6.5,18,4.0,17,2.5,4.72,12.13,-18.3
1995/96,Premier League / First Division,Bolton Wanderers,355,10.49,16,8.38,8,2.11,4.72,12.13,-21.5
1995/96,Premier League / First Division,Southampton FC,180,2.24,7,0.15,5,2.09,4.72,12.13,-21.7
1995/96,Premier League / First Division,Sheffield Wednesday,1035,13.2,20,11.49,16,1.71,4.72,12.13,-24.8
1995/96,Premier League / First Division,West Ham United,379,7.26,29,5.82,28,1.44,4.72,12.13,-27.0
1995/96,Premier League / First Division,Tottenham Hotspur,148,13.37,21,14.4,17,-1.03,4.72,12.13,-47.4
1995/96,Premier League / First Division,Wimbledon FC (- 2004),114309,0.9,18,4.53,14,-3.64,4.72,12.13,-68.8
1995/96,Premier League / First Division,Nottingham Forest,703,10.47,17,14.67,14,-4.2,4.72,12.13,-73.5
1995/96,Premier League / First Division,Queens Park Rangers,1039,5.5,14,12.24,16,-6.74,4.72,12.13,-94.4
1995/96,Premier League / First Division,Manchester United,985,0.57,14,20.73,18,-20.16,4.72,12.13,-205.0
1996/97,Premier League / First Division,West Ham United,379,14.55,25,2.61,26,11.94,4.49,10.96,68.0
1996/97,Premier League / First Division,Coventry City,990,12.7,15,1.98,11,10.72,4.49,10.96,56.9
1996/97,Premier League / First Division,Nottingham Forest,703,10.29,22,0.7,18,9.59,4.49,10.96,46.5
1996/97,Premier League / First Division,Manchester United,985,16.53,17,7.48,14,9.05,4.49,10.96,41.6
1996/97,Premier League / First Division,Newcastle United,762,18.0,10,8.96,12,9.04,4.49,10.96,41.6
1996/97,Premier League / First Division,Sunderland AFC,289,7.43,15,0.2,9,7.23,4.49,10.96,25.0
1996/97,Premier League / First Division,Chelsea FC,631,16.25,14,9.24,16,7.01,4.49,10.96,23.0
1996/97,Premier League / First Division,Leicester City,1003,8.5,13,1.7,11,6.8,4.49,10.96,21.1
1996/97,Premier League / First Division,Leeds United,399,16.83,12,10.27,14,6.56,4.49,10.96,18.9
1996/97,Premier League / First Division,Tottenham Hotspur,148,13.25,17,7.04,17,6.21,4.49,10.96,15.7
1996/97,Premier League / First Division,Sheffield Wednesday,1035,14.16,16,8.31,15,5.85,4.49,10.96,12.4
1996/97,Premier League / First Division,Liverpool FC,31,8.75,11,3.0,9,5.75,4.49,10.96,11.5
1996/97,Premier League / First Division,Middlesbrough FC,641,16.28,19,10.8,19,5.48,4.49,10.96,9.1
1996/97,Premier League / First Division,Everton FC,29,17.6,14,14.2,19,3.4,4.49,10.96,-9.9
1996/97,Premier League / First Division,Aston Villa,405,7.9,7,4.76,8,3.14,4.49,10.96,-12.3
1996/97,Premier League / First Division,Derby County,22,3.32,24,0.59,27,2.73,4.49,10.96,-16.0
1996/97,Premier League / First Division,Southampton FC,180,4.04,18,5.34,18,-1.3,4.49,10.96,-52.8
1996/97,Premier League / First Division,Arsenal FC,11,6.11,11,7.68,17,-1.57,4.49,10.96,-55.3
1996/97,Premier League / First Division,Wimbledon FC (- 2004),114309,2.88,9,5.37,16,-2.49,4.49,10.96,-63.7
1996/97,Premier League / First Division,Blackburn Rovers,164,3.8,6,19.2,7,-15.4,4.49,10.96,-181.5
1997/98,Premier League / First Division,Tottenham Hotspur,148,17.7,13,0.48,16,17.22,5.11,12.5,96.9
1997/98,Premier League / First Division,Crystal Palace,873,20.4,29,7.04,21,13.36,5.11,12.5,66.0
1997/98,Premier League / First Division,Arsenal FC,11,21.67,20,9.01,16,12.66,5.11,12.5,60.4
1997/98,Premier League / First Division,Newcastle United,762,33.69,30,21.52,15,12.17,5.11,12.5,56.5
1997/98,Premier League / First Division,Bolton Wanderers,355,14.71,22,3.06,20,11.65,5.11,12.5,52.3
1997/98,Premier League / First Division,Chelsea FC,631,15.35,15,4.15,14,11.2,5.11,12.5,48.7
1997/98,Premier League / First Division,West Ham United,379,12.35,20,2.0,16,10.35,5.11,12.5,41.9
1997/98,Premier League / First Division,Aston Villa,405,11.8,6,3.57,6,8.23,5.11,12.5,25.0
1997/98,Premier League / First Division,Leeds United,399,13.61,16,6.48,18,7.13,5.11,12.5,16.2
1997/98,Premier League / First Division,Sheffield Wednesday,1035,10.99,21,4.9,17,6.09,5.11,12.5,7.9
1997/98,Premier League / First Division,Barnsley FC,349,4.98,12,0.19,10,4.79,5.11,12.5,-2.5
1997/98,Premier League / First Division,Southampton FC,180,9.35,20,5.52,21,3.83,5.11,12.5,-10.2
1997/98,Premier League / First Division,Manchester United,985,8.25,21,4.83,19,3.42,5.11,12.5,-13.5
1997/98,Premier League / First Division,Liverpool FC,31,16.05,12,13.22,11,2.83,5.11,12.5,-18.2
1997/98,Premier League / First Division,Derby County,22,4.8,13,3.0,12,1.8,5.11,12.5,-26.5
1997/98,Premier League / First Division,Leicester City,1003,4.25,16,2.58,17,1.67,5.11,12.5,-27.5
1997/98,Premier League / First Division,Coventry City,990,5.4,15,5.28,22,0.12,5.11,12.5,-39.9
1997/98,Premier League / First Division,Wimbledon FC (- 2004),114309,5.41,5,6.26,6,-0.85,5.11,12.5,-47.7
1997/98,Premier League / First Division,Everton FC,29,8.64,25,14.39,22,-5.75,5.11,12.5,-86.9
1997/98,Premier League / First Division,Blackburn Rovers,164,10.59,21,30.34,23,-19.75,5.11,12.5,-198.9
1998/99,Premier League / First Division,Manchester United,985,44.4,13,4.5,19,39.9,8.47,19.4,162.0
1998/99,Premier League / First Division,Blackburn Rovers,164,56.84,28,17.7,20,39.14,8.47,19.4,158.1
1998/99,Premier League / First Division,Wimbledon FC (- 2004),114309,16.8,10,0.0,5,16.8,8.47,19.4,42.9
1998/99,Premier League / First Division,Aston Villa,405,45.95,20,30.1,12,15.85,8.47,19.4,38.0
1998/99,Premier League / First Division,Newcastle United,762,41.63,24,27.45,24,14.18,8.47,19.4,29.4
1998/99,Premier League / First Division,Leeds United,399,13.8,22,0.3,16,13.5,8.47,19.4,25.9
1998/99,Premier League / First Division,Everton FC,29,31.85,21,18.61,16,13.24,8.47,19.4,24.6
1998/99,Premier League / First Division,Arsenal FC,11,15.95,13,2.75,12,13.2,8.47,19.4,24.4
1998/99,Premier League / First Division,Chelsea FC,631,19.3,15,8.25,14,11.05,8.47,19.4,13.3
1998/99,Premier League / First Division,Tottenham Hotspur,148,11.58,16,0.82,13,10.76,8.47,19.4,11.8
1998/99,Premier League / First Division,Leicester City,1003,8.9,13,1.0,10,7.9,8.47,19.4,-2.9
1998/99,Premier League / First Division,Charlton Athletic,358,7.76,22,0.3,11,7.46,8.47,19.4,-5.2
1998/99,Premier League / First Division,Liverpool FC,31,10.74,13,7.62,11,3.12,8.47,19.4,-27.6
1998/99,Premier League / First Division,Middlesbrough FC,641,13.26,15,10.7,13,2.56,8.47,19.4,-30.5
1998/99,Premier League / First Division,Sheffield Wednesday,1035,4.61,19,3.13,17,1.48,8.47,19.4,-36.0
1998/99,Premier League / First Division,Coventry City,990,10.9,20,13.7,15,-2.8,8.47,19.4,-58.1
1998/99,Premier League / First Division,Southampton FC,180,7.45,20,13.6,15,-6.15,8.47,19.4,-75.4
1998/99,Premier League / First Division,West Ham United,379,11.14,28,18.96,20,-7.82,8.47,19.4,-84.0
1998/99,Premier League / First Division,Derby County,22,5.69,20,16.25,18,-10.56,8.47,19.4,-98.1
1998/99,Premier League / First Division,Nottingham Forest,703,9.45,32,22.88,28,-13.43,8.47,19.4,-112.9
1999/00,Premier League / First Division,Liverpool FC,31,54.5,16,11.08,18,43.42,5.77,16.52,228.0
1999/00,Premier League / First Division,Chelsea FC,631,26.36,21,9.18,18,17.18,5.77,16.52,69.1
1999/00,Premier League / First Division,Derby County,22,22.9,21,7.65,21,15.25,5.77,16.52,57.4
1999/00,Premier League / First Division,Tottenham Hotspur,148,17.0,15,2.28,17,14.72,5.77,16.52,54.2
1999/00,Premier League / First Division,Manchester United,985,13.25,21,0.35,13,12.9,5.77,16.52,43.2
1999/00,Premier League / First Division,Middlesbrough FC,641,10.32,12,0.08,11,10.24,5.77,16.52,27.1
1999/00,Premier League / First Division,Coventry City,990,20.13,22,13.8,18,6.33,5.77,16.52,3.4
1999/00,Premier League / First Division,Newcastle United,762,27.2,22,21.45,19,5.75,5.77,16.52,-0.1
1999/00,Premier League / First Division,Leeds United,399,31.66,11,26.12,17,5.54,5.77,16.52,-1.4
1999/00,Premier League / First Division,Sunderland AFC,289,16.65,28,12.1,25,4.55,5.77,16.52,-7.4
1999/00,Premier League / First Division,Watford FC,1010,4.4,15,0.49,12,3.91,5.77,16.52,-11.3
1999/00,Premier League / First Division,Sheffield Wednesday,1035,8.0,17,4.34,19,3.66,5.77,16.52,-12.8
1999/00,Premier League / First Division,Aston Villa,405,9.4,12,6.27,18,3.13,5.77,16.52,-16.0
1999/00,Premier League / First Division,Bradford City,1027,3.82,17,0.83,13,2.99,5.77,16.52,-16.8
1999/00,Premier League / First Division,Southampton FC,180,3.43,18,0.7,19,2.72,5.77,16.52,-18.4
1999/00,Premier League / First Division,Wimbledon FC (- 2004),114309,8.25,16,8.97,19,-0.72,5.77,16.52,-39.3
1999/00,Premier League / First Division,West Ham United,379,9.58,33,11.2,30,-1.62,5.77,16.52,-44.7
1999/00,Premier League / First Division,Everton FC,29,12.0,17,15.53,22,-3.53,5.77,16.52,-56.3
1999/00,Premier League / First Division,Leicester City,1003,6.1,12,16.58,14,-10.48,5.77,16.52,-98.4
1999/00,Premier League / First Division,Arsenal FC,11,25.4,18,46.0,22,-20.6,5.77,16.52,-159.6
2000/01,Premier League / First Division,Leeds United,399,71.03,13,9.2,10,61.83,8.06,24.43,220.1
2000/01,Premier League / First Division,Tottenham Hotspur,148,25.74,8,2.46,12,23.28,8.06,24.43,62.3
2000/01,Premier League / First Division,Middlesbrough FC,641,32.97,22,10.0,16,22.97,8.06,24.43,61.1
2000/01,Premier League / First Division,Charlton Athletic,358,17.8,15,0.52,16,17.28,8.06,24.43,37.7
2000/01,Premier League / First Division,Manchester City,281,17.03,28,1.46,32,15.57,8.06,24.43,30.8
2000/01,Premier League / First Division,Chelsea FC,631,52.39,24,38.47,21,13.92,8.06,24.43,24.0
2000/01,Premier League / First Division,Liverpool FC,31,32.9,19,19.48,17,13.42,8.06,24.43,22.0
2000/01,Premier League / First Division,Sunderland AFC,289,16.87,20,5.53,25,11.34,8.06,24.43,13.4
2000/01,Premier League / First Division,Arsenal FC,11,56.3,23,46.32,19,9.98,8.06,24.43,7.9
2000/01,Premier League / First Division,Ipswich Town,677,9.9,15,4.5,14,5.4,8.06,24.43,-10.9
2000/01,Premier League / First Division,Leicester City,1003,11.7,20,9.7,18,2.0,8.06,24.43,-24.8
2000/01,Premier League / First Division,Derby County,22,8.33,15,6.88,11,1.45,8.06,24.43,-27.0
2000/01,Premier League / First Division,Aston Villa,405,21.12,17,20.02,15,1.1,8.06,24.43,-28.5
2000/01,Premier League / First Division,Southampton FC,180,0.12,14,0.14,19,-0.03,8.06,24.43,-33.1
2000/01,Premier League / First Division,Newcastle United,762,25.91,21,26.39,21,-0.48,8.06,24.43,-34.9
2000/01,Premier League / First Division,Bradford City,1027,7.83,19,9.06,22,-1.23,8.06,24.43,-38.0
2000/01,Premier League / First Division,Manchester United,985,11.7,14,13.85,17,-2.15,8.06,24.43,-41.8
2000/01,Premier League / First Division,Everton FC,29,30.98,16,35.45,16,-4.47,8.06,24.43,-51.3
2000/01,Premier League / First Division,Coventry City,990,19.0,17,25.58,17,-6.58,8.06,24.43,-59.9
2000/01,Premier League / First Division,West Ham United,379,18.94,25,42.4,29,-23.46,8.06,24.43,-129.0
2001/02,Premier League / First Division,Fulham FC,931,50.6,13,1.03,14,49.57,16.21,28.14,118.5
2001/02,Premier League / First Division,Manchester United,985,85.85,22,43.6,17,42.25,16.21,28.14,92.5
2001/02,Premier League / First Division,Chelsea FC,631,49.7,11,13.22,15,36.48,16.21,28.14,72.0
2001/02,Premier League / First Division,Newcastle United,762,31.59,18,0.89,22,30.7,16.21,28.14,51.5
2001/02,Premier League / First Division,Blackburn Rovers,164,33.01,20,9.35,24,23.66,16.21,28.14,26.5
2001/02,Premier League / First Division,Leeds United,399,28.3,10,4.65,12,23.65,16.21,28.14,26.4
2001/02,Premier League / First Division,Arsenal FC,11,32.69,21,12.0,15,20.69,16.21,28.14,15.9
2001/02,Premier League / First Division,Tottenham Hotspur,148,28.05,11,9.75,9,18.3,16.21,28.14,7.4
2001/02,Premier League / First Division,Middlesbrough FC,641,22.7,25,5.25,31,17.45,16.21,28.14,4.4
2001/02,Premier League / First Division,Sunderland AFC,289,27.98,15,12.89,16,15.09,16.21,28.14,-4.0
2001/02,Premier League / First Division,Charlton Athletic,358,16.5,15,1.45,18,15.05,16.21,28.14,-4.1
2001/02,Premier League / First Division,Leicester City,1003,17.21,23,3.03,21,14.18,16.21,28.14,-7.2
2001/02,Premier League / First Division,Aston Villa,405,26.1,14,17.22,15,8.88,16.21,28.14,-26.0
2001/02,Premier League / First Division,Ipswich Town,677,20.23,21,13.4,14,6.83,16.21,28.14,-33.3
2001/02,Premier League / First Division,Southampton FC,180,18.5,19,14.45,14,4.05,16.21,28.14,-43.2
2001/02,Premier League / First Division,West Ham United,379,21.26,12,18.13,17,3.13,16.21,28.14,-46.5
2001/02,Premier League / First Division,Bolton Wanderers,355,3.13,26,0.07,19,3.06,16.21,28.14,-46.7
2001/02,Premier League / First Division,Liverpool FC,31,31.56,10,28.65,12,2.91,16.21,28.14,-47.3
2001/02,Premier League / First Division,Everton FC,29,13.35,7,12.18,13,1.17,16.21,28.14,-53.4
2001/02,Premier League / First Division,Derby County,22,4.59,16,17.5,15,-12.91,16.21,28.14,-103.5
2002/03,Premier League / First Division,Manchester United,985,48.53,13,3.0,15,45.53,9.28,15.66,231.4
2002/03,Premier League / First Division,Middlesbrough FC,641,38.58,25,0.95,28,37.63,9.28,15.66,181.0
2002/03,Premier League / First Division,Newcastle United,762,34.55,14,0.22,13,34.32,9.28,15.66,159.9
2002/03,Premier League / First Division,Sunderland AFC,289,29.96,25,0.0,19,29.96,9.28,15.66,132.0
2002/03,Premier League / First Division,Liverpool FC,31,31.9,18,10.9,15,21.0,9.28,15.66,74.8
2002/03,Premier League / First Division,Manchester City,281,22.5,13,1.8,16,20.7,9.28,15.66,72.9
2002/03,Premier League / First Division,West Bromwich Albion,984,16.95,10,0.0,7,16.95,9.28,15.66,48.9
2002/03,Premier League / First Division,Birmingham City,337,15.68,23,1.15,20,14.53,9.28,15.66,33.5
2002/03,Premier League / First Division,Southampton FC,180,12.0,16,0.0,20,12.0,9.28,15.66,17.3
2002/03,Premier League / First Division,Everton FC,29,10.83,21,0.38,14,10.46,9.28,15.66,7.5
2002/03,Premier League / First Division,Tottenham Hotspur,148,10.5,22,1.35,21,9.15,9.28,15.66,-0.9
2002/03,Premier League / First Division,Blackburn Rovers,164,6.75,22,1.8,18,4.95,9.28,15.66,-27.7
2002/03,Premier League / First Division,Arsenal FC,11,12.83,13,8.23,18,4.6,9.28,15.66,-29.9
2002/03,Premier League / First Division,Charlton Athletic,358,5.3,12,2.65,12,2.65,9.28,15.66,-42.4
2002/03,Premier League / First Division,Aston Villa,405,9.08,25,6.9,18,2.18,9.28,15.66,-45.4
2002/03,Premier League / First Division,Fulham FC,931,3.0,9,0.82,13,2.17,9.28,15.66,-45.4
2002/03,Premier League / First Division,West Ham United,379,0.24,18,0.08,21,0.16,9.28,15.66,-58.2
2002/03,Premier League / First Division,Chelsea FC,631,0.0,12,2.1,10,-2.1,9.28,15.66,-72.7
2002/03,Premier League / First Division,Bolton Wanderers,355,0.0,25,5.29,30,-5.29,9.28,15.66,-93.0
2002/03,Premier League / First Division,Leeds United,399,4.1,19,79.96,19,-75.86,9.28,15.66,-543.6
2003/04,Premier League / First Division,Chelsea FC,631,174.2,22,1.53,23,172.67,11.91,21.12,761.1
2003/04,Premier League / First Division,Tottenham Hotspur,148,29.75,19,1.75,23,28.0,11.91,21.12,76.2
2003/04,Premier League / First Division,Arsenal FC,11,27.42,20,1.05,22,26.37,11.91,21.12,68.5
2003/04,Premier League / First Division,Liverpool FC,31,15.25,19,0.0,13,15.25,11.91,21.12,15.8
2003/04,Premier League / First Division,Birmingham City,337,17.1,16,1.95,27,15.15,11.91,21.12,15.3
2003/04,Premier League / First Division,Portsmouth FC,1020,12.38,40,0.2,41,12.18,11.91,21.12,1.3
2003/04,Premier League / First Division,Wolverhampton Wanderers,543,9.88,27,1.15,21,8.73,11.91,21.12,-15.1
2003/04,Premier League / First Division,Everton FC,29,9.7,17,0.98,20,8.72,11.91,21.12,-15.1
2003/04,Premier League / First Division,Aston Villa,405,7.6,18,0.29,29,7.31,11.91,21.12,-21.8
2003/04,Premier League / First Division,Manchester City,281,13.76,21,6.75,23,7.01,11.91,21.12,-23.2
2003/04,Premier League / First Division,Middlesbrough FC,641,5.7,29,1.13,32,4.57,11.91,21.12,-34.8
2003/04,Premier League / First Division,Leicester City,1003,1.42,30,0.0,32,1.42,11.91,21.12,-49.7
2003/04,Premier League / First Division,Bolton Wanderers,355,0.75,27,0.08,30,0.68,11.91,21.12,-53.2
2003/04,Premier League / First Division,Southampton FC,180,9.56,21,11.02,19,-1.46,11.91,21.12,-63.3
2003/04,Premier League / First Division,Manchester United,985,56.53,26,59.3,29,-2.77,11.91,21.12,-69.5
2003/04,Premier League / First Division,Newcastle United,762,0.0,14,5.0,21,-5.0,11.91,21.12,-80.1
2003/04,Premier League / First Division,Blackburn Rovers,164,22.34,25,35.35,31,-13.01,11.91,21.12,-118.0
2003/04,Premier League / First Division,Charlton Athletic,358,1.5,22,15.0,19,-13.5,11.91,21.12,-120.3
2003/04,Premier League / First Division,Leeds United,399,0.1,26,16.62,30,-16.52,11.91,21.12,-134.6
2003/04,Premier League / First Division,Fulham FC,931,7.47,33,25.04,25,-17.57,11.91,21.12,-139.6
2004/05,Premier League / First Division,Chelsea FC,631,162.4,21,3.3,25,159.1,16.46,25.38,562.0
2004/05,Premier League / First Division,Manchester United,985,61.25,20,9.67,21,51.58,16.46,25.38,138.4
2004/05,Premier League / First Division,Tottenham Hotspur,148,48.03,37,10.5,34,37.53,16.46,25.38,83.0
2004/05,Premier League / First Division,Liverpool FC,31,58.4,22,24.57,22,33.83,16.46,25.38,68.4
2004/05,Premier League / First Division,West Bromwich Albion,984,15.85,19,1.95,25,13.9,16.46,25.38,-10.1
2004/05,Premier League / First Division,Charlton Athletic,358,13.25,17,1.95,19,11.3,16.46,25.38,-20.3
2004/05,Premier League / First Division,Fulham FC,931,13.95,22,5.2,22,8.75,16.46,25.38,-30.4
2004/05,Premier League / First Division,Arsenal FC,11,12.48,21,3.9,19,8.58,16.46,25.38,-31.1
2004/05,Premier League / First Division,Norwich City,1123,8.53,18,0.45,15,8.08,16.46,25.38,-33.0
2004/05,Premier League / First Division,Birmingham City,337,15.75,28,8.15,21,7.6,16.46,25.38,-34.9
2004/05,Premier League / First Division,Newcastle United,762,29.45,17,22.25,17,7.2,16.46,25.38,-36.5
2004/05,Premier League / First Division,Aston Villa,405,10.14,14,3.43,16,6.71,16.46,25.38,-38.4
2004/05,Premier League / First Division,Crystal Palace,873,5.15,18,0.1,15,5.05,16.46,25.38,-45.0
2004/05,Premier League / First Division,Portsmouth FC,1020,10.85,28,6.6,36,4.25,16.46,25.38,-48.1
2004/05,Premier League / First Division,Middlesbrough FC,641,6.75,20,3.45,21,3.3,16.46,25.38,-51.9
2004/05,Premier League / First Division,Southampton FC,180,12.76,35,11.5,30,1.26,16.46,25.38,-59.9
2004/05,Premier League / First Division,Bolton Wanderers,355,1.35,25,0.38,25,0.98,16.46,25.38,-61.0
2004/05,Premier League / First Division,Blackburn Rovers,164,7.87,23,7.68,24,0.19,16.46,25.38,-64.1
2004/05,Premier League / First Division,Manchester City,281,1.5,18,7.94,18,-6.44,16.46,25.38,-90.2
2004/05,Premier League / First Division,Everton FC,29,11.88,9,45.4,15,-33.52,16.46,25.38,-196.9
2005/06,Premier League / First Division,Chelsea FC,631,91.5,15,34.6,18,56.9,13.5,25.38,171.0
2005/06,Premier League / First Division,Newcastle United,762,61.75,16,30.9,16,30.85,13.5,25.38,68.4
2005/06,Premier League / First Division,Everton FC,29,32.73,17,7.0,14,25.73,13.5,25.38,48.2
2005/06,Premier League / First Division,Liverpool FC,31,44.06,25,19.04,26,25.02,13.5,25.38,45.4
2005/06,Premier League / First Division,Manchester United,985,31.8,24,7.9,27,23.9,13.5,25.38,41.0
2005/06,Premier League / First Division,West Ham United,379,21.59,32,0.55,30,21.04,13.5,25.38,29.7
2005/06,Premier League / First Division,Arsenal FC,11,46.0,16,25.0,19,21.0,13.5,25.38,29.5
2005/06,Premier League / First Division,Middlesbrough FC,641,13.96,18,0.0,12,13.96,13.5,25.38,1.8
2005/06,Premier League / First Division,Tottenham Hotspur,148,35.61,24,25.45,25,10.16,13.5,25.38,-13.2
2005/06,Premier League / First Division,Aston Villa,405,16.54,16,6.4,15,10.14,13.5,25.38,-13.2
2005/06,Premier League / First Division,Wigan Athletic,1071,15.77,20,5.63,20,10.14,13.5,25.38,-13.2
2005/06,Premier League / First Division,Blackburn Rovers,164,9.4,23,2.7,25,6.7,13.5,25.38,-26.8
2005/06,Premier League / First Division,Portsmouth FC,1020,18.78,39,12.15,35,6.63,13.5,25.38,-27.1
2005/06,Premier League / First Division,West Bromwich Albion,984,15.3,17,9.08,18,6.22,13.5,25.38,-28.7
2005/06,Premier League / First Division,Bolton Wanderers,355,6.2,13,0.0,15,6.2,13.5,25.38,-28.8
2005/06,Premier League / First Division,Sunderland AFC,289,6.33,25,0.32,25,6.0,13.5,25.38,-29.5
2005/06,Premier League / First Division,Birmingham City,337,12.1,31,7.95,27,4.15,13.5,25.38,-36.9
2005/06,Premier League / First Division,Charlton Athletic,358,9.1,31,5.71,22,3.39,13.5,25.38,-39.8
2005/06,Premier League / First Division,Fulham FC,931,6.55,24,4.63,24,1.92,13.5,25.38,-45.6
2005/06,Premier League / First Division,Manchester City,281,12.48,12,32.5,13,-20.02,13.5,25.38,-132.1
2006/07,Premier League / First Division,West Ham United,379,68.73,23,6.75,23,61.98,14.52,26.83,176.9
2006/07,Premier League / First Division,Chelsea FC,631,88.98,18,44.1,17,44.88,14.52,26.83,113.2
2006/07,Premier League / First Division,Tottenham Hotspur,148,61.0,19,38.65,22,22.35,14.52,26.83,29.2
2006/07,Premier League / First Division,Liverpool FC,31,46.0,26,24.73,27,21.27,14.52,26.83,25.2
2006/07,Premier League / First Division,Aston Villa,405,24.7,19,4.33,17,20.37,14.52,26.83,21.8
2006/07,Premier League / First Division,Charlton Athletic,358,21.65,33,2.28,35,19.37,14.52,26.83,18.1
2006/07,Premier League / First Division,Everton FC,29,17.9,13,2.5,15,15.4,14.52,26.83,3.3
2006/07,Premier League / First Division,Sheffield United,350,18.38,42,3.33,39,15.05,14.52,26.83,2.0
2006/07,Premier League / First Division,Newcastle United,762,23.38,11,10.05,13,13.33,14.52,26.83,-4.4
2006/07,Premier League / First Division,Bolton Wanderers,355,17.0,18,3.85,15,13.15,14.52,26.83,-5.1
2006/07,Premier League / First Division,Manchester United,985,27.2,23,18.0,26,9.2,14.52,26.83,-19.8
2006/07,Premier League / First Division,Reading FC,1032,8.53,27,0.0,17,8.53,14.52,26.83,-22.3
2006/07,Premier League / First Division,Portsmouth FC,1020,8.7,28,1.25,31,7.45,14.52,26.83,-26.4
2006/07,Premier League / First Division,Middlesbrough FC,641,11.3,21,4.68,23,6.62,14.52,26.83,-29.4
2006/07,Premier League / First Division,Wigan Athletic,1071,29.38,23,24.33,25,5.05,14.52,26.83,-35.3
2006/07,Premier League / First Division,Fulham FC,931,13.8,19,10.52,23,3.28,14.52,26.83,-41.9
2006/07,Premier League / First Division,Manchester City,281,6.5,21,3.8,22,2.7,14.52,26.83,-44.1
2006/07,Premier League / First Division,Arsenal FC,11,15.0,14,12.63,16,2.37,14.52,26.83,-45.3
2006/07,Premier League / First Division,Blackburn Rovers,164,17.98,27,16.91,24,1.07,14.52,26.83,-50.1
2006/07,Premier League / First Division,Watford FC,1010,10.48,32,13.5,21,-3.02,14.52,26.83,-65.4
2007/08,Premier League / First Division,Tottenham Hotspur,148,94.15,26,22.55,21,71.6,23.34,47.03,102.6
2007/08,Premier League / First Division,Manchester City,281,77.95,31,10.56,26,67.39,23.34,47.03,93.7
2007/08,Premier League / First Division,Sunderland AFC,289,64.32,31,3.2,21,61.12,23.34,47.03,80.3
2007/08,Premier League / First Division,Manchester United,985,106.5,25,46.6,22,59.9,23.34,47.03,77.7
2007/08,Premier League / First Division,Liverpool FC,31,90.7,24,46.75,24,43.95,23.34,47.03,43.8
2007/08,Premier League / First Division,Portsmouth FC,1020,58.64,27,23.38,24,35.26,23.34,47.03,25.4
2007/08,Premier League / First Division,Fulham FC,931,50.43,38,19.5,27,30.93,23.34,47.03,16.1
2007/08,Premier League / First Division,Everton FC,29,37.55,16,15.8,16,21.75,23.34,47.03,-3.4
2007/08,Premier League / First Division,Birmingham City,337,29.3,30,8.48,28,20.82,23.34,47.03,-5.4
2007/08,Premier League / First Division,Middlesbrough FC,641,50.6,21,30.23,23,20.37,23.34,47.03,-6.3
2007/08,Premier League / First Division,Derby County,22,21.98,31,5.24,29,16.74,23.34,47.03,-14.0
2007/08,Premier League / First Division,Chelsea FC,631,59.0,20,43.65,16,15.35,23.34,47.03,-17.0
2007/08,Premier League / First Division,Aston Villa,405,24.9,11,17.9,16,7.0,23.34,47.03,-34.7
2007/08,Premier League / First Division,Reading FC,1032,12.1,40,5.7,35,6.4,23.34,47.03,-36.0
2007/08,Premier League / First Division,Newcastle United,762,37.85,19,31.7,17,6.15,23.34,47.03,-36.6
2007/08,Premier League / First Division,West Ham United,379,47.15,19,42.0,18,5.15,23.34,47.03,-38.7
2007/08,Premier League / First Division,Blackburn Rovers,164,6.2,21,3.98,18,2.22,23.34,47.03,-44.9
2007/08,Premier League / First Division,Bolton Wanderers,355,22.35,24,21.97,22,0.38,23.34,47.03,-48.8
2007/08,Premier League / First Division,Wigan Athletic,1071,17.9,25,17.83,21,0.07,23.34,47.03,-49.5
2007/08,Premier League / First Division,Arsenal FC,11,30.95,17,56.73,18,-25.78,23.34,47.03,-104.4
2008/09,Premier League / First Division,Manchester City,281,155.15,25,26.5,18,128.65,16.36,42.92,261.6
2008/09,Premier League / First Division,Tottenham Hotspur,148,143.95,34,88.05,35,55.9,16.36,42.92,92.1
2008/09,Premier League / First Division,Aston Villa,405,55.9,19,7.52,15,48.38,16.36,42.92,74.6
2008/09,Premier League / First Division,Manchester United,985,45.25,16,7.45,17,37.8,16.36,42.92,50.0
2008/09,Premier League / First Division,Stoke City,512,32.75,23,0.76,18,31.98,16.36,42.92,36.4
2008/09,Premier League / First Division,Liverpool FC,31,73.45,27,46.45,27,27.0,16.36,42.92,24.8
2008/09,Premier League / First Division,Sunderland AFC,289,33.11,34,11.15,34,21.96,16.36,42.92,13.1
2008/09,Premier League / First Division,Hull City,3008,17.95,26,0.0,18,17.95,16.36,42.92,3.7
2008/09,Premier League / First Division,Arsenal FC,11,40.15,15,25.8,11,14.35,16.36,42.92,-4.7
2008/09,Premier League / First Division,West Bromwich Albion,984,24.32,21,10.25,20,14.07,16.36,42.92,-5.3
2008/09,Premier League / First Division,Bolton Wanderers,355,23.7,15,11.23,16,12.47,16.36,42.92,-9.1
2008/09,Premier League / First Division,Everton FC,29,25.08,14,13.3,10,11.78,16.36,42.92,-10.7
2008/09,Premier League / First Division,Fulham FC,931,26.85,29,16.33,39,10.52,16.36,42.92,-13.6
2008/09,Premier League / First Division,Middlesbrough FC,641,12.8,17,8.72,18,4.08,16.36,42.92,-28.6
2008/09,Premier League / First Division,Wigan Athletic,1071,26.1,21,24.5,26,1.6,16.36,42.92,-34.4
2008/09,Premier League / First Division,Newcastle United,762,35.48,22,39.2,15,-3.72,16.36,42.92,-46.8
2008/09,Premier League / First Division,Chelsea FC,631,30.5,16,44.55,17,-14.05,16.36,42.92,-70.9
2008/09,Premier League / First Division,Blackburn Rovers,164,11.68,24,26.5,27,-14.82,16.36,42.92,-72.6
2008/09,Premier League / First Division,Portsmouth FC,1020,28.2,29,54.15,25,-25.95,16.36,42.92,-98.6
2008/09,Premier League / First Division,West Ham United,379,16.0,26,68.78,25,-52.78,16.36,42.92,-161.1
2009/10,Premier League / First Division,Manchester City,281,147.3,23,29.4,29,117.9,3.75,29.26,390.1
2009/10,Premier League / First Division,Chelsea FC,631,30.0,15,3.8,12,26.2,3.75,29.26,76.7
2009/10,Premier League / First Division,Aston Villa,405,47.1,21,22.1,16,25.0,3.75,29.26,72.6
2009/10,Premier League / First Division,Birmingham City,337,20.05,26,0.4,27,19.65,3.75,29.26,54.3
2009/10,Premier League / First Division,Stoke City,512,26.05,24,6.5,24,19.55,3.75,29.26,54.0
2009/10,Premier League / First Division,Wolverhampton Wanderers,543,19.45,33,0.87,27,18.58,3.75,29.26,50.7
2009/10,Premier League / First Division,Sunderland AFC,289,37.0,24,21.28,29,15.72,3.75,29.26,40.9
2009/10,Premier League / First Division,Burnley FC,1132,13.54,33,0.09,19,13.45,3.75,29.26,33.1
2009/10,Premier League / First Division,Bolton Wanderers,355,12.0,25,2.0,15,10.0,3.75,29.26,21.4
2009/10,Premier League / First Division,Tottenham Hotspur,148,40.3,32,31.7,31,8.6,3.75,29.26,16.6
2009/10,Premier League / First Division,Hull City,3008,14.85,21,7.1,26,7.75,3.75,29.26,13.7
2009/10,Premier League / First Division,Fulham FC,931,7.61,27,0.0,24,7.61,3.75,29.26,13.2
2009/10,Premier League / First Division,Everton FC,29,23.3,15,28.34,15,-5.04,3.75,29.26,-30.0
2009/10,Premier League / First Division,Liverpool FC,31,43.5,21,48.55,25,-5.05,3.75,29.26,-30.1
2009/10,Premier League / First Division,Wigan Athletic,1071,18.44,19,25.98,18,-7.54,3.75,29.26,-38.6
2009/10,Premier League / First Division,West Ham United,379,21.65,22,41.3,26,-19.65,3.75,29.26,-80.0
2009/10,Premier League / First Division,Blackburn Rovers,164,13.28,39,36.65,35,-23.37,3.75,29.26,-92.7
2009/10,Premier League / First Division,Arsenal FC,11,12.0,13,47.7,13,-35.7,3.75,29.26,-134.8
2009/10,Premier League / First Division,Portsmouth FC,1020,10.56,32,52.05,35,-41.49,3.75,29.26,-154.6
2009/10,Premier League / First Division,Manchester United,985,27.3,17,104.47,17,-77.17,3.75,29.26,-276.5
2010/11,Premier League / First Division,Manchester City,281,183.61,34,40.15,27,143.46,17.88,35.07,358.1
2010/11,Premier League / First Division,Chelsea FC,631,121.5,19,16.5,21,105.0,17.88,35.07,248.4
2010/11,Premier League / First Division,Birmingham City,337,25.6,24,0.18,21,25.42,17.88,35.07,21.5
2010/11,Premier League / First Division,Tottenham Hotspur,148,26.6,39,2.94,34,23.66,17.88,35.07,16.5
2010/11,Premier League / First Division,Arsenal FC,11,23.0,18,8.1,22,14.9,17.88,35.07,-8.5
2010/11,Premier League / First Division,Stoke City,512,21.1,24,6.58,22,14.52,17.88,35.07,-9.6
2010/11,Premier League / First Division,Wolverhampton Wanderers,543,20.22,28,6.44,25,13.78,17.88,35.07,-11.7
2010/11,Premier League / First Division,West Ham United,379,18.03,18,4.95,17,13.08,17.88,35.07,-13.7
2010/11,Premier League / First Division,West Bromwich Albion,984,13.83,28,0.85,23,12.98,17.88,35.07,-14.0
2010/11,Premier League / First Division,Manchester United,985,29.3,16,16.97,18,12.33,17.88,35.07,-15.8
2010/11,Premier League / First Division,Aston Villa,405,37.4,19,28.4,20,9.0,17.88,35.07,-25.3
2010/11,Premier League / First Division,Wigan Athletic,1071,11.4,23,3.4,21,8.0,17.88,35.07,-28.2
2010/11,Premier League / First Division,Blackpool FC,1181,5.73,27,0.7,23,5.03,17.88,35.07,-36.6
2010/11,Premier League / First Division,Blackburn Rovers,164,5.05,30,0.28,30,4.77,17.88,35.07,-37.4
2010/11,Premier League / First Division,Bolton Wanderers,355,5.4,17,1.4,19,4.0,17.88,35.07,-39.6
2010/11,Premier League / First Division,Fulham FC,931,11.05,16,12.81,22,-1.76,17.88,35.07,-56.0
2010/11,Premier League / First Division,Everton FC,29,1.7,12,6.6,14,-4.9,17.88,35.07,-65.0
2010/11,Premier League / First Division,Liverpool FC,31,97.73,21,103.0,24,-5.27,17.88,35.07,-66.0
2010/11,Premier League / First Division,Sunderland AFC,289,29.1,31,41.78,31,-12.68,17.88,35.07,-87.1
2010/11,Premier League / First Division,Newcastle United,762,13.98,18,41.75,16,-27.77,17.88,35.07,-130.2
2011/12,Premier League / First Division,Chelsea FC,631,96.45,22,31.56,22,64.89,10.79,32.16,168.2
2011/12,Premier League / First Division,Manchester City,281,91.05,29,31.45,35,59.6,10.79,32.16,151.7
2011/12,Premier League / First Division,Manchester United,985,62.3,15,12.9,18,49.4,10.79,32.16,120.0
2011/12,Premier League / First Division,Liverpool FC,31,69.33,21,22.0,18,47.33,10.79,32.16,113.6
2011/12,Premier League / First Division,Queens Park Rangers,1039,26.23,46,2.8,40,23.43,10.79,32.16,39.3
2011/12,Premier League / First Division,Stoke City,512,24.8,26,1.99,27,22.81,10.79,32.16,37.4
2011/12,Premier League / First Division,Norwich City,1123,15.25,19,0.5,18,14.75,10.79,32.16,12.3
2011/12,Premier League / First Division,Swansea City,2288,12.85,23,0.46,20,12.4,10.79,32.16,5.0
2011/12,Premier League / First Division,Newcastle United,762,27.0,27,16.04,26,10.96,10.79,32.16,0.5
2011/12,Premier League / First Division,Fulham FC,931,18.13,21,7.67,17,10.46,10.79,32.16,-1.0
2011/12,Premier League / First Division,Wolverhampton Wanderers,543,12.05,29,2.6,32,9.45,10.79,32.16,-4.2
2011/12,Premier League / First Division,Sunderland AFC,289,27.92,35,26.33,32,1.59,10.79,32.16,-28.6
2011/12,Premier League / First Division,Wigan Athletic,1071,12.38,23,11.29,15,1.09,10.79,32.16,-30.2
2011/12,Premier League / First Division,Bolton Wanderers,355,15.6,24,16.33,21,-0.73,10.79,32.16,-35.8
2011/12,Premier League / First Division,West Bromwich Albion,984,9.14,25,11.12,27,-1.98,10.79,32.16,-39.7
2011/12,Premier League / First Division,Arsenal FC,11,65.48,33,78.29,26,-12.81,10.79,32.16,-73.4
2011/12,Premier League / First Division,Everton FC,29,7.2,19,26.8,15,-19.6,10.79,32.16,-94.5
2011/12,Premier League / First Division,Blackburn Rovers,164,20.55,25,40.3,28,-19.75,10.79,32.16,-95.0
2011/12,Premier League / First Division,Aston Villa,405,20.59,21,43.75,25,-23.16,10.79,32.16,-105.6
2011/12,Premier League / First Division,Tottenham Hotspur,148,9.0,36,43.25,35,-34.25,10.79,32.16,-140.0
2012/13,Premier League / First Division,Chelsea FC,631,109.7,29,25.45,28,84.25,20.12,38.75,165.5
2012/13,Premier League / First Division,Manchester United,985,76.45,18,9.65,15,66.8,20.12,38.75,120.4
2012/13,Premier League / First Division,Liverpool FC,31,70.6,19,10.45,18,60.15,20.12,38.75,103.3
2012/13,Premier League / First Division,Queens Park Rangers,1039,50.35,38,4.51,46,45.84,20.12,38.75,66.4
2012/13,Premier League / First Division,Southampton FC,180,41.5,29,0.0,25,41.5,20.12,38.75,55.2
2012/13,Premier League / First Division,Aston Villa,405,27.83,18,3.2,12,24.63,20.12,38.75,11.6
2012/13,Premier League / First Division,Sunderland AFC,289,38.3,26,14.83,30,23.47,20.12,38.75,8.6
2012/13,Premier League / First Division,Stoke City,512,23.68,23,0.64,24,23.04,20.12,38.75,7.5
2012/13,Premier League / First Division,West Ham United,379,23.9,24,5.05,28,18.85,20.12,38.75,-3.3
2012/13,Premier League / First Division,Manchester City,281,61.95,24,44.3,26,17.65,20.12,38.75,-6.4
2012/13,Premier League / First Division,Newcastle United,762,31.97,21,14.8,19,17.17,20.12,38.75,-7.6
2012/13,Premier League / First Division,Norwich City,1123,11.08,28,0.38,24,10.7,20.12,38.75,-24.3
2012/13,Premier League / First Division,Reading FC,1032,10.82,33,0.9,27,9.92,20.12,38.75,-26.3
2012/13,Premier League / First Division,Everton FC,29,21.65,11,18.75,13,2.9,20.12,38.75,-44.4
2012/13,Premier League / First Division,West Bromwich Albion,984,5.0,16,3.73,18,1.27,20.12,38.75,-48.7
2012/13,Premier League / First Division,Tottenham Hotspur,148,73.25,29,72.78,34,0.47,20.12,38.75,-50.7
2012/13,Premier League / First Division,Wigan Athletic,1071,10.54,21,13.25,23,-2.71,20.12,38.75,-58.9
2012/13,Premier League / First Division,Arsenal FC,11,56.0,16,65.85,18,-9.85,20.12,38.75,-77.4
2012/13,Premier League / First Division,Swansea City,2288,20.47,20,32.6,22,-12.13,20.12,38.75,-83.2
2012/13,Premier League / First Division,Fulham FC,931,10.0,26,31.42,28,-21.42,20.12,38.75,-107.2
2013/14,Premier League / First Division,Manchester City,281,115.5,16,11.3,18,104.2,25.96,46.22,169.3
2013/14,Premier League / First Division,Manchester United,985,77.13,18,1.8,20,75.33,25.96,46.22,106.8
2013/14,Premier League / First Division,Chelsea FC,631,130.35,38,77.93,36,52.42,25.96,46.22,57.2
2013/14,Premier League / First Division,Cardiff City,603,45.82,32,3.74,29,42.08,25.96,46.22,34.9
2013/14,Premier League / First Division,Arsenal FC,11,49.25,21,12.15,22,37.1,25.96,46.22,24.1
2013/14,Premier League / First Division,Southampton FC,180,39.6,15,4.95,23,34.65,25.96,46.22,18.8
2013/14,Premier League / First Division,Crystal Palace,873,33.0,41,0.0,32,33.0,25.96,46.22,15.2
2013/14,Premier League / First Division,Hull City,3008,31.1,32,0.88,31,30.22,25.96,46.22,9.2
2013/14,Premier League / First Division,Swansea City,2288,26.61,24,0.0,17,26.61,25.96,46.22,1.4
2013/14,Premier League / First Division,Liverpool FC,31,58.1,18,32.5,23,25.6,25.96,46.22,-0.8
2013/14,Premier League / First Division,Norwich City,1123,30.05,21,4.84,21,25.21,25.96,46.22,-1.6
2013/14,Premier League / First Division,Fulham FC,931,29.3,33,4.15,29,25.15,25.96,46.22,-1.8
2013/14,Premier League / First Division,West Ham United,379,24.0,24,0.53,19,23.47,25.96,46.22,-5.4
2013/14,Premier League / First Division,Aston Villa,405,19.84,33,8.1,29,11.74,25.96,46.22,-30.8
2013/14,Premier League / First Division,Sunderland AFC,289,33.91,36,22.38,33,11.53,25.96,46.22,-31.2
2013/14,Premier League / First Division,Stoke City,512,7.0,20,0.0,20,7.0,25.96,46.22,-41.0
2013/14,Premier League / First Division,West Bromwich Albion,984,15.7,16,11.4,16,4.3,25.96,46.22,-46.9
2013/14,Premier League / First Division,Tottenham Hotspur,148,122.55,30,136.56,28,-14.01,25.96,46.22,-86.5
2013/14,Premier League / First Division,Everton FC,29,31.8,19,46.1,19,-14.3,25.96,46.22,-87.1
2013/14,Premier League / First Division,Newcastle United,762,3.8,14,25.87,17,-22.07,25.96,46.22,-103.9
2014/15,Premier League / First Division,Manchester United,985,195.35,25,46.7,26,148.65,28.25,61.71,195.1
2014/15,Premier League / First Division,Arsenal FC,11,118.98,18,27.8,22,91.18,28.25,61.71,102.0
2014/15,Premier League / First Division,Manchester City,281,102.8,14,30.3,16,72.5,28.25,61.71,71.7
2014/15,Premier League / First Division,Liverpool FC,31,151.43,25,99.27,21,52.16,28.25,61.71,38.7
2014/15,Premier League / First Division,Everton FC,29,40.16,18,1.9,15,38.26,28.25,61.71,16.2
2014/15,Premier League / First Division,West Ham United,379,35.15,25,4.4,26,30.75,28.25,61.71,4.1
2014/15,Premier League / First Division,Hull City,3008,48.22,30,18.7,28,29.52,28.25,61.71,2.1
2014/15,Premier League / First Division,Crystal Palace,873,31.22,41,2.87,39,28.35,28.25,61.71,0.2
2014/15,Premier League / First Division,Leicester City,1003,22.86,31,0.0,24,22.86,28.25,61.71,-8.7
2014/15,Premier League / First Division,West Bromwich Albion,984,24.88,16,2.3,20,22.58,28.25,61.71,-9.2
2014/15,Premier League / First Division,Newcastle United,762,45.02,23,23.87,25,21.15,28.25,61.71,-11.5
2014/15,Premier League / First Division,Queens Park Rangers,1039,43.54,35,26.04,35,17.5,28.25,61.71,-17.4
2014/15,Premier League / First Division,Sunderland AFC,289,22.52,21,7.25,31,15.27,28.25,61.71,-21.0
2014/15,Premier League / First Division,Burnley FC,1132,12.62,24,0.0,23,12.62,28.25,61.71,-25.3
2014/15,Premier League / First Division,Aston Villa,405,13.45,29,1.32,32,12.13,28.25,61.71,-26.1
2014/15,Premier League / First Division,Tottenham Hotspur,148,48.48,20,44.15,24,4.33,28.25,61.71,-38.8
2014/15,Premier League / First Division,Stoke City,512,1.8,18,3.8,19,-2.0,28.25,61.71,-49.0
2014/15,Premier League / First Division,Chelsea FC,631,137.7,42,142.81,48,-5.11,28.25,61.71,-54.1
2014/15,Premier League / First Division,Swansea City,2288,41.53,24,61.9,27,-20.37,28.25,61.71,-78.8
2014/15,Premier League / First Division,Southampton FC,180,96.5,25,123.83,21,-27.33,28.25,61.71,-90.1
2015/16,Premier League / First Division,Manchester City,281,208.47,22,67.44,25,141.03,38.65,73.63,139.0
2015/16,Premier League / First Division,Newcastle United,762,107.91,26,5.43,23,102.48,38.65,73.63,86.7
2015/16,Premier League / First Division,Watford FC,1010,83.45,33,9.75,30,73.7,38.65,73.63,47.6
2015/16,Premier League / First Division,Manchester United,985,156.0,21,100.67,20,55.33,38.65,73.63,22.7
2015/16,Premier League / First Division,AFC Bournemouth,989,55.11,36,0.65,33,54.46,38.65,73.63,21.5
2015/16,Premier League / First Division,Sunderland AFC,289,66.05,29,11.65,25,54.4,38.65,73.63,21.4
2015/16,Premier League / First Division,Leicester City,1003,49.9,25,9.45,32,40.45,38.65,73.63,2.4
2015/16,Premier League / First Division,Everton FC,29,48.2,18,11.0,17,37.2,38.65,73.63,-2.0
2015/16,Premier League / First Division,Liverpool FC,31,126.5,24,90.55,24,35.95,38.65,73.63,-3.7
2015/16,Premier League / First Division,West Ham United,379,52.7,25,18.52,26,34.18,38.65,73.63,-6.1
2015/16,Premier League / First Division,Stoke City,512,53.65,13,23.2,14,30.45,38.65,73.63,-11.1
2015/16,Premier League / First Division,West Bromwich Albion,984,42.9,12,12.92,13,29.98,38.65,73.63,-11.8
2015/16,Premier League / First Division,Norwich City,1123,50.5,33,21.49,30,29.01,38.65,73.63,-13.1
2015/16,Premier League / First Division,Arsenal FC,11,26.5,15,2.5,12,24.0,38.65,73.63,-19.9
2015/16,Premier League / First Division,Crystal Palace,873,28.8,19,5.4,23,23.4,38.65,73.63,-20.7
2015/16,Premier League / First Division,Chelsea FC,631,96.5,39,87.49,37,9.01,38.65,73.63,-40.3
2015/16,Premier League / First Division,Southampton FC,180,60.1,16,52.7,17,7.4,38.65,73.63,-42.4
2015/16,Premier League / First Division,Swansea City,2288,21.81,20,16.81,24,5.0,38.65,73.63,-45.7
2015/16,Premier League / First Division,Aston Villa,405,66.55,29,64.7,32,1.85,38.65,73.63,-50.0
2015/16,Premier League / First Division,Tottenham Hotspur,148,71.0,11,87.25,21,-16.25,38.65,73.63,-74.6
2016/17,Premier League / First Division,Manchester City,281,216.25,31,35.35,25,180.9,39.57,83.35,169.6
2016/17,Premier League / First Division,Manchester United,985,185.0,8,47.25,13,137.75,39.57,83.35,117.8
2016/17,Premier League / First Division,Arsenal FC,11,113.0,11,10.35,12,102.65,39.57,83.35,75.7
2016/17,Premier League / First Division,Crystal Palace,873,101.2,22,50.2,24,51.0,39.57,83.35,13.7
2016/17,Premier League / First Division,Burnley FC,1132,45.6,27,1.2,26,44.4,39.57,83.35,5.8
2016/17,Premier League / First Division,West Ham United,379,83.5,21,41.0,15,42.5,39.57,83.35,3.5
2016/17,Premier League / First Division,Stoke City,512,42.17,14,3.8,13,38.37,39.57,83.35,-1.4
2016/17,Premier League / First Division,Middlesbrough FC,641,47.95,18,13.5,19,34.45,39.57,83.35,-6.1
2016/17,Premier League / First Division,Tottenham Hotspur,148,83.5,8,52.3,8,31.2,39.57,83.35,-10.0
2016/17,Premier League / First Division,Leicester City,1003,92.1,17,66.05,18,26.05,39.57,83.35,-16.2
2016/17,Premier League / First Division,Everton FC,29,86.0,18,60.8,18,25.2,39.57,83.35,-17.2
2016/17,Premier League / First Division,Chelsea FC,631,132.8,27,108.9,30,23.9,39.57,83.35,-18.8
2016/17,Premier League / First Division,Sunderland AFC,289,41.9,25,23.77,23,18.13,39.57,83.35,-25.7
2016/17,Premier League / First Division,AFC Bournemouth,989,40.69,19,23.69,31,17.0,39.57,83.35,-27.1
2016/17,Premier League / First Division,Watford FC,1010,70.45,29,58.1,32,12.35,39.57,83.35,-32.7
2016/17,Premier League / First Division,Hull City,3008,40.0,26,28.9,17,11.1,39.57,83.35,-34.2
2016/17,Premier League / First Division,West Bromwich Albion,984,37.9,13,26.98,14,10.92,39.57,83.35,-34.4
2016/17,Premier League / First Division,Swansea City,2288,58.1,21,49.3,17,8.8,39.57,83.35,-36.9
2016/17,Premier League / First Division,Liverpool FC,31,79.9,21,88.98,19,-9.08,39.57,83.35,-58.4
2016/17,Premier League / First Division,Southampton FC,180,68.9,12,85.05,9,-16.15,39.57,83.35,-66.9
2017/18,Premier League / First Division,Manchester City,281,317.5,31,91.35,32,226.15,42.36,109.31,168.1
2017/18,Premier League / First Division,Manchester United,985,198.4,12,45.5,10,152.9,42.36,109.31,101.1
2017/18,Premier League / First Division,Everton FC,29,203.2,23,126.38,21,76.82,42.36,109.31,31.5
2017/18,Premier League / First Division,Brighton & Hove Albion,1237,70.0,23,0.4,22,69.6,42.36,109.31,24.9
2017/18,Premier League / First Division,Chelsea FC,631,260.5,40,194.6,31,65.9,42.36,109.31,21.5
2017/18,Premier League / First Division,Watford FC,1010,73.4,32,18.74,30,54.66,42.36,109.31,11.3
2017/18,Premier League / First Division,Crystal Palace,873,55.95,15,3.0,18,52.95,42.36,109.31,9.7
2017/18,Premier League / First Division,West Bromwich Albion,984,53.5,17,2.05,11,51.45,42.36,109.31,8.3
2017/18,Premier League / First Division,Huddersfield Town,1110,56.75,22,6.46,16,50.29,42.36,109.31,7.3
2017/18,Premier League / First Division,AFC Bournemouth,989,34.3,15,0.0,14,34.3,42.36,109.31,-7.4
2017/18,Premier League / First Division,Leicester City,1003,83.85,14,50.1,13,33.75,42.36,109.31,-7.9
2017/18,Premier League / First Division,Newcastle United,762,46.5,27,21.22,29,25.28,42.36,109.31,-15.6
2017/18,Premier League / First Division,Stoke City,512,57.7,18,35.14,17,22.56,42.36,109.31,-18.1
2017/18,Premier League / First Division,Tottenham Hotspur,148,121.0,15,103.8,12,17.2,42.36,109.31,-23.0
2017/18,Premier League / First Division,West Ham United,379,56.8,16,64.02,25,-7.22,42.36,109.31,-45.4
2017/18,Premier League / First Division,Swansea City,2288,73.39,21,81.1,24,-7.71,42.36,109.31,-45.8
2017/18,Premier League / First Division,Arsenal FC,11,152.85,10,162.4,16,-9.55,42.36,109.31,-47.5
2017/18,Premier League / First Division,Liverpool FC,31,173.65,13,184.5,15,-10.85,42.36,109.31,-48.7
2017/18,Premier League / First Division,Burnley FC,1132,35.74,20,50.0,22,-14.26,42.36,109.31,-51.8
2017/18,Premier League / First Division,Southampton FC,180,61.25,12,98.35,14,-37.1,42.36,109.31,-72.7
2018/19,Premier League / First Division,Liverpool FC,31,192.2,18,41.32,21,150.88,54.65,83.64,115.1
2018/19,Premier League / First Division,Chelsea FC,631,208.8,30,83.25,31,125.55,54.65,83.64,84.8
2018/19,Premier League / First Division,Fulham FC,931,116.5,18,5.35,11,111.15,54.65,83.64,67.5
2018/19,Premier League / First Division,Wolverhampton Wanderers,543,117.5,35,23.3,45,94.2,54.65,83.64,47.3
2018/19,Premier League / First Division,West Ham United,379,100.9,18,13.77,13,87.13,54.65,83.64,38.8
2018/19,Premier League / First Division,Brighton & Hove Albion,1237,90.62,28,13.62,29,77.0,54.65,83.64,26.7
2018/19,Premier League / First Division,AFC Bournemouth,989,91.6,14,20.2,16,71.4,54.65,83.64,20.0
2018/19,Premier League / First Division,Everton FC,29,99.8,19,28.65,23,71.15,54.65,83.64,19.7
2018/19,Premier League / First Division,Arsenal FC,11,80.15,17,9.1,12,71.05,54.65,83.64,19.6
2018/19,Premier League / First Division,Manchester United,985,82.7,10,30.55,10,52.15,54.65,83.64,-3.0
2018/19,Premier League / First Division,Cardiff City,603,51.2,18,0.0,18,51.2,54.65,83.64,-4.1
2018/19,Premier League / First Division,Huddersfield Town,1110,50.7,14,12.33,16,38.37,54.65,83.64,-19.5
2018/19,Premier League / First Division,Southampton FC,180,62.25,16,26.1,18,36.15,54.65,83.64,-22.1
2018/19,Premier League / First Division,Burnley FC,1132,33.0,10,8.0,13,25.0,54.65,83.64,-35.5
2018/19,Premier League / First Division,Manchester City,281,78.59,19,57.6,22,20.99,54.65,83.64,-40.2
2018/19,Premier League / First Division,Leicester City,1003,114.6,17,95.8,18,18.8,54.65,83.64,-42.9
2018/19,Premier League / First Division,Crystal Palace,873,11.85,11,0.35,16,11.5,54.65,83.64,-51.6
2018/19,Premier League / First Division,Newcastle United,762,59.75,22,51.05,23,8.7,54.65,83.64,-54.9
2018/19,Premier League / First Division,Tottenham Hotspur,148,0.0,4,5.35,4,-5.35,54.65,83.64,-71.7
2018/19,Premier League / First Division,Watford FC,1010,30.1,26,54.1,27,-24.0,54.65,83.64,-94.0
2019/20,Premier League / First Division,Aston Villa,405,159.5,22,3.0,22,156.5,43.22,90.7,124.9
2019/20,Premier League / First Division,Manchester United,985,236.8,13,81.18,12,155.62,43.22,90.7,123.9
2019/20,Premier League / First Division,Arsenal FC,11,160.8,16,53.65,19,107.15,43.22,90.7,70.5
2019/20,Premier League / First Division,Manchester City,281,169.82,25,71.0,26,98.82,43.22,90.7,61.3
2019/20,Premier League / First Division,Wolverhampton Wanderers,543,116.7,27,24.1,26,92.6,43.22,90.7,54.4
2019/20,Premier League / First Division,Tottenham Hotspur,148,150.5,12,64.5,14,86.0,43.22,90.7,47.2
2019/20,Premier League / First Division,Sheffield United,350,72.5,23,0.35,21,72.15,43.22,90.7,31.9
2019/20,Premier League / First Division,West Ham United,379,119.8,10,55.73,17,64.07,43.22,90.7,23.0
2019/20,Premier League / First Division,Brighton & Hove Albion,1237,61.74,25,8.5,30,53.24,43.22,90.7,11.0
2019/20,Premier League / First Division,Newcastle United,762,72.4,13,35.64,11,36.76,43.22,90.7,-7.1
2019/20,Premier League / First Division,Southampton FC,180,61.5,14,27.3,17,34.2,43.22,90.7,-9.9
2019/20,Premier League / First Division,Everton FC,29,121.0,22,87.8,22,33.2,43.22,90.7,-11.1
2019/20,Premier League / First Division,Watford FC,1010,56.0,21,29.4,21,26.6,43.22,90.7,-18.3
2019/20,Premier League / First Division,AFC Bournemouth,989,54.91,13,34.63,12,20.28,43.22,90.7,-25.3
2019/20,Premier League / First Division,Leicester City,1003,104.3,13,88.5,13,15.8,43.22,90.7,-30.2
2019/20,Premier League / First Division,Burnley FC,1132,23.85,8,13.55,11,10.3,43.22,90.7,-36.3
2019/20,Premier League / First Division,Norwich City,1123,8.82,22,2.2,27,6.62,43.22,90.7,-40.4
2019/20,Premier League / First Division,Liverpool FC,31,10.4,15,48.0,16,-37.6,43.22,90.7,-89.1
2019/20,Premier League / First Division,Crystal Palace,873,7.6,13,55.38,15,-47.78,43.22,90.7,-100.3
2019/20,Premier League / First Division,Chelsea FC,631,45.0,22,165.07,29,-120.07,43.22,90.7,-180.0
2020/21,Premier League / First Division,Chelsea FC,631,267.2,31,57.15,26,210.05,58.47,81.16,186.8
2020/21,Premier League / First Division,Leeds United,399,127.8,16,0.0,16,127.8,58.47,81.16,85.4
2020/21,Premier League / First Division,Manchester City,281,173.4,27,64.0,27,109.4,58.47,81.16,62.8
2020/21,Premier League / First Division,Aston Villa,405,101.35,12,2.77,15,98.58,58.47,81.16,49.4
2020/21,Premier League / First Division,Tottenham Hotspur,148,110.5,15,13.3,11,97.2,58.47,81.16,47.7
2020/21,Premier League / First Division,Manchester United,985,89.95,17,19.5,17,70.45,58.47,81.16,14.8
2020/21,Premier League / First Division,Everton FC,29,74.37,20,4.43,20,69.94,58.47,81.16,14.1
2020/21,Premier League / First Division,Liverpool FC,31,84.8,17,17.2,13,67.6,58.47,81.16,11.3
2020/21,Premier League / First Division,Arsenal FC,11,86.0,16,19.15,16,66.85,58.47,81.16,10.3
2020/21,Premier League / First Division,Sheffield United,350,62.7,16,0.0,19,62.7,58.47,81.16,5.2
2020/21,Premier League / First Division,Newcastle United,762,38.75,10,0.78,15,37.97,58.47,81.16,-25.3
2020/21,Premier League / First Division,Fulham FC,931,37.25,23,0.0,19,37.25,58.47,81.16,-26.1
2020/21,Premier League / First Division,West Bromwich Albion,984,42.14,23,8.1,22,34.04,58.47,81.16,-30.1
2020/21,Premier League / First Division,Brighton & Hove Albion,1237,54.6,28,20.6,22,34.0,58.47,81.16,-30.1
2020/21,Premier League / First Division,Crystal Palace,873,32.4,12,20.0,8,12.4,58.47,81.16,-56.8
2020/21,Premier League / First Division,Southampton FC,180,37.3,23,26.3,18,11.0,58.47,81.16,-58.5
2020/21,Premier League / First Division,West Ham United,379,54.7,16,45.41,17,9.29,58.47,81.16,-60.6
2020/21,Premier League / First Division,Wolverhampton Wanderers,543,87.59,21,79.2,22,8.39,58.47,81.16,-61.7
2020/21,Premier League / First Division,Leicester City,1003,59.4,19,53.77,18,5.63,58.47,81.16,-65.1
2020/21,Premier League / First Division,Burnley FC,1132,1.1,6,2.3,6,-1.2,58.47,81.16,-73.5
2021/22,Premier League / First Division,Newcastle United,762,138.5,12,0.0,10,138.5,44.61,85.86,109.4
2021/22,Premier League / First Division,Arsenal FC,11,167.4,13,31.4,20,136.0,44.61,85.86,106.4
2021/22,Premier League / First Division,Manchester United,985,142.0,16,31.1,14,110.9,44.61,85.86,77.2
2021/22,Premier League / First Division,Crystal Palace,873,85.62,13,0.0,15,85.62,44.61,85.86,47.8
2021/22,Premier League / First Division,West Ham United,379,74.5,10,4.24,8,70.26,44.61,85.86,29.9
2021/22,Premier League / First Division,Leicester City,1003,67.6,11,4.0,11,63.6,44.61,85.86,22.1
2021/22,Premier League / First Division,Tottenham Hotspur,148,95.9,14,34.62,19,61.28,44.61,85.86,19.4
2021/22,Premier League / First Division,Leeds United,399,59.3,13,0.0,15,59.3,44.61,85.86,17.1
2021/22,Premier League / First Division,Liverpool FC,31,89.0,14,31.65,12,57.35,44.61,85.86,14.8
2021/22,Premier League / First Division,Manchester City,281,138.9,22,93.8,24,45.1,44.61,85.86,0.6
2021/22,Premier League / First Division,Brentford FC,1148,38.2,19,1.0,15,37.2,44.61,85.86,-8.6
2021/22,Premier League / First Division,Watford FC,1010,43.5,31,12.85,29,30.65,44.61,85.86,-16.3
2021/22,Premier League / First Division,Norwich City,1123,63.55,32,38.4,30,25.15,44.61,85.86,-22.7
2021/22,Premier League / First Division,Burnley FC,1132,49.4,8,40.5,6,8.9,44.61,85.86,-41.6
2021/22,Premier League / First Division,Wolverhampton Wanderers,543,37.6,24,31.8,22,5.8,44.61,85.86,-45.2
2021/22,Premier League / First Division,Southampton FC,180,63.4,10,60.35,14,3.05,44.61,85.86,-48.4
2021/22,Premier League / First Division,Aston Villa,405,129.8,22,127.0,18,2.8,44.61,85.86,-48.7
2021/22,Premier League / First Division,Brighton & Hove Albion,1237,75.58,26,78.8,29,-3.22,44.61,85.86,-55.7
2021/22,Premier League / First Division,Everton FC,29,39.5,13,46.0,15,-6.5,44.61,85.86,-59.5
2021/22,Premier League / First Division,Chelsea FC,631,118.0,21,157.59,23,-39.59,44.61,85.86,-98.1
2022/23,Premier League / First Division,Chelsea FC,631,630.25,28,67.86,25,562.39,107.54,159.22,285.7
2022/23,Premier League / First Division,Manchester United,985,242.5,23,23.65,19,218.85,107.54,159.22,69.9
2022/23,Premier League / First Division,Nottingham Forest,703,198.35,42,5.0,26,193.35,107.54,159.22,53.9
2022/23,Premier League / First Division,West Ham United,379,196.6,12,21.55,13,175.05,107.54,159.22,42.4
2022/23,Premier League / First Division,Newcastle United,762,189.1,14,14.06,12,175.04,107.54,159.22,42.4
2022/23,Premier League / First Division,Arsenal FC,11,186.2,25,23.8,18,162.4,107.54,159.22,34.5
2022/23,Premier League / First Division,Southampton FC,180,154.21,21,5.5,14,148.71,107.54,159.22,25.9
2022/23,Premier League / First Division,Tottenham Hotspur,148,181.7,15,38.75,14,142.95,107.54,159.22,22.2
2022/23,Premier League / First Division,Wolverhampton Wanderers,543,179.51,31,64.87,27,114.64,107.54,159.22,4.5
2022/23,Premier League / First Division,AFC Bournemouth,989,93.4,17,0.0,13,93.4,107.54,159.22,-8.9
2022/23,Premier League / First Division,Liverpool FC,31,140.9,10,80.1,13,60.8,107.54,159.22,-29.4
2022/23,Premier League / First Division,Aston Villa,405,113.0,23,54.0,22,59.0,107.54,159.22,-30.5
2022/23,Premier League / First Division,Fulham FC,931,76.1,20,25.4,21,50.7,107.54,159.22,-35.7
2022/23,Premier League / First Division,Leeds United,399,163.89,24,114.5,19,49.39,107.54,159.22,-36.5
2022/23,Premier League / First Division,Brentford FC,1148,49.25,23,3.6,21,45.65,107.54,159.22,-38.9
2022/23,Premier League / First Division,Crystal Palace,873,46.6,15,5.46,13,41.14,107.54,159.22,-41.7
2022/23,Premier League / First Division,Manchester City,281,155.0,29,161.97,24,-6.97,107.54,159.22,-71.9
2022/23,Premier League / First Division,Everton FC,29,83.07,19,103.6,21,-20.53,107.54,159.22,-80.4
2022/23,Premier League / First Division,Leicester City,1003,49.0,11,81.4,10,-32.4,107.54,159.22,-87.9
2022/23,Premier League / First Division,Brighton & Hove Albion,1237,55.7,21,138.4,23,-82.7,107.54,159.22,-119.5
2023/24,Premier League / First Division,Chelsea FC,631,448.1,29,282.2,32,165.9,67.44,147.93,66.6
2023/24,Premier League / First Division,Arsenal FC,11,235.1,15,69.2,16,165.9,67.44,147.93,66.6
2023/24,Premier League / First Division,Tottenham Hotspur,148,275.1,27,120.7,22,154.4,67.44,147.93,58.8
2023/24,Premier League / First Division,Manchester United,985,212.7,15,63.77,23,148.93,67.44,147.93,55.1
2023/24,Premier League / First Division,AFC Bournemouth,989,129.89,23,1.5,21,128.39,67.44,147.93,41.2
2023/24,Premier League / First Division,Manchester City,281,259.6,19,138.8,21,120.8,67.44,147.93,36.1
2023/24,Premier League / First Division,Newcastle United,762,156.3,15,44.6,14,111.7,67.44,147.93,29.9
2023/24,Premier League / First Division,Liverpool FC,31,172.0,12,60.7,16,111.3,67.44,147.93,29.6
2023/24,Premier League / First Division,Burnley FC,1132,111.05,31,3.8,22,107.25,67.44,147.93,26.9
2023/24,Premier League / First Division,Aston Villa,405,135.1,14,33.16,14,101.94,67.44,147.93,23.3
2023/24,Premier League / First Division,Crystal Palace,873,67.8,9,0.0,9,67.8,67.44,147.93,0.2
2023/24,Premier League / First Division,Brentford FC,1148,72.35,19,10.25,16,62.1,67.44,147.93,-3.6
2023/24,Premier League / First Division,Nottingham Forest,703,131.63,35,82.82,41,48.81,67.44,147.93,-12.6
2023/24,Premier League / First Division,Sheffield United,350,66.95,18,30.9,15,36.05,67.44,147.93,-21.2
2023/24,Premier League / First Division,Luton Town,1031,25.9,28,0.3,26,25.6,67.44,147.93,-28.3
2023/24,Premier League / First Division,Fulham FC,931,73.17,15,53.2,16,19.97,67.44,147.93,-32.1
2023/24,Premier League / First Division,West Ham United,379,144.55,10,172.86,11,-28.31,67.44,147.93,-64.7
2023/24,Premier League / First Division,Everton FC,29,40.5,16,82.8,16,-42.3,67.44,147.93,-74.2
2023/24,Premier League / First Division,Wolverhampton Wanderers,543,94.0,26,169.2,31,-75.2,67.44,147.93,-96.4
2023/24,Premier League / First Division,Brighton & Hove Albion,1237,106.85,28,189.0,22,-82.15,67.44,147.93,-101.1
2024/25,Premier League / First Division,Brighton & Hove Albion,1237,281.45,23,50.74,25,230.71,51.98,143.35,124.7
2024/25,Premier League / First Division,Ipswich Town,677,152.59,17,2.36,18,150.23,51.98,143.35,68.5
2024/25,Premier League / First Division,Tottenham Hotspur,148,185.35,16,56.3,17,129.05,51.98,143.35,53.8
2024/25,Premier League / First Division,Manchester United,985,249.4,15,129.6,17,119.8,51.98,143.35,47.3
2024/25,Premier League / First Division,Manchester City,281,243.0,15,141.7,13,101.3,51.98,143.35,34.4
2024/25,Premier League / First Division,West Ham United,379,144.4,17,46.15,14,98.25,51.98,143.35,32.3
2024/25,Premier League / First Division,Southampton FC,180,126.75,30,41.59,19,85.16,51.98,143.35,23.1
2024/25,Premier League / First Division,AFC Bournemouth,989,145.17,17,66.09,23,79.08,51.98,143.35,18.9
2024/25,Premier League / First Division,Leicester City,1003,90.05,15,47.25,13,42.8,51.98,143.35,-6.4
2024/25,Premier League / First Division,Brentford FC,1148,98.4,14,74.5,18,23.9,51.98,143.35,-19.6
2024/25,Premier League / First Division,Arsenal FC,11,107.6,10,83.79,13,23.81,51.98,143.35,-19.6
2024/25,Premier League / First Division,Fulham FC,931,91.55,13,68.8,12,22.75,51.98,143.35,-20.4
2024/25,Premier League / First Division,Chelsea FC,631,259.4,31,237.1,31,22.3,51.98,143.35,-20.7
2024/25,Premier League / First Division,Nottingham Forest,703,105.5,26,86.7,32,18.8,51.98,143.35,-23.1
2024/25,Premier League / First Division,Wolverhampton Wanderers,543,119.4,22,116.2,16,3.2,51.98,143.35,-34.0
2024/25,Premier League / First Division,Liverpool FC,31,42.0,11,47.0,13,-5.0,51.98,143.35,-39.7
2024/25,Premier League / First Division,Crystal Palace,873,91.9,15,100.7,17,-8.8,51.98,143.35,-42.4
2024/25,Premier League / First Division,Newcastle United,762,68.2,9,89.55,14,-21.35,51.98,143.35,-51.2
2024/25,Premier League / First Division,Everton FC,29,50.64,11,84.15,12,-33.51,51.98,143.35,-59.6
2024/25,Premier League / First Division,Aston Villa,405,214.2,20,257.17,25,-42.97,51.98,143.35,-66.2
2025/26,Premier League / First Division,Arsenal FC,11,297.57,16,13.88,16,283.69,81.66,203.06,99.5
2025/26,Premier League / First Division,Liverpool FC,31,483.13,17,219.5,12,263.63,81.66,203.06,89.6
2025/26,Premier League / First Division,Manchester City,281,301.8,20,107.28,20,194.52,81.66,203.06,55.6
2025/26,Premier League / First Division,Tottenham Hotspur,148,265.6,19,82.7,19,182.9,81.66,203.06,49.9
2025/26,Premier League / First Division,Manchester United,985,246.7,12,77.2,14,169.5,81.66,203.06,43.3
2025/26,Premier League / First Division,Sunderland AFC,289,213.44,29,57.1,29,156.34,81.66,203.06,36.8
2025/26,Premier League / First Division,Everton FC,29,129.75,17,12.6,18,117.15,81.66,203.06,17.5
2025/26,Premier League / First Division,Nottingham Forest,703,241.83,26,130.4,24,111.43,81.66,203.06,14.7
2025/26,Premier League / First Division,Leeds United,399,113.7,15,7.0,14,106.7,81.66,203.06,12.3
2025/26,Premier League / First Division,Newcastle United,762,278.85,15,176.0,15,102.85,81.66,203.06,10.4
2025/26,Premier League / First Division,Burnley FC,1132,131.3,27,35.0,26,96.3,81.66,203.06,7.2
2025/26,Premier League / First Division,Fulham FC,931,75.7,6,19.3,8,56.4,81.66,203.06,-12.4
2025/26,Premier League / First Division,West Ham United,379,203.3,22,147.0,25,56.3,81.66,203.06,-12.5
2025/26,Premier League / First Division,Crystal Palace,873,145.0,24,97.15,20,47.85,81.66,203.06,-16.6
2025/26,Premier League / First Division,Aston Villa,405,83.5,24,57.85,22,25.65,81.66,203.06,-27.6
2025/26,Premier League / First Division,Chelsea FC,631,329.15,28,339.25,29,-10.1,81.66,203.06,-45.2
2025/26,Premier League / First Division,Brentford FC,1148,108.7,19,159.61,19,-50.91,81.66,203.06,-65.3
2025/26,Premier League / First Division,Brighton & Hove Albion,1237,82.0,31,148.65,30,-66.65,81.66,203.06,-73.0
2025/26,Premier League / First Division,Wolverhampton Wanderers,543,149.1,19,230.2,25,-81.1,81.66,203.06,-80.2
2025/26,Premier League / First Division,AFC Bournemouth,989,181.1,21,310.41,21,-129.31,81.66,203.06,-103.9
2026/27,Premier League / First Division,Liverpool FC,31,269.6,13,31.2,12,238.4,76.73,206.22,78.4
2026/27,Premier League / First Division,Tottenham Hotspur,148,366.35,18,164.25,19,202.1,76.73,206.22,60.8
2026/27,Premier League / First Division,Ipswich Town,677,220.65,23,19.36,19,201.29,76.73,206.22,60.4
2026/27,Premier League / First Division,Manchester City,281,526.2,19,337.02,19,189.18,76.73,206.22,54.5
2026/27,Premier League / First Division,Coventry City,990,160.55,17,5.15,10,155.4,76.73,206.22,38.1
2026/27,Premier League / First Division,Hull City,3008,175.65,27,20.27,20,155.38,76.73,206.22,38.1
2026/27,Premier League / First Division,Manchester United,985,173.2,13,55.65,8,117.55,76.73,206.22,19.8
2026/27,Premier League / First Division,Brentford FC,1148,124.3,14,12.85,12,111.45,76.73,206.22,16.8
2026/27,Premier League / First Division,Arsenal FC,11,227.1,12,135.15,11,91.95,76.73,206.22,7.4
2026/27,Premier League / First Division,Fulham FC,931,102.4,10,20.5,8,81.9,76.73,206.22,2.5
2026/27,Premier League / First Division,AFC Bournemouth,989,80.8,14,13.4,10,67.4,76.73,206.22,-4.5
2026/27,Premier League / First Division,Leeds United,399,99.7,14,35.1,14,64.6,76.73,206.22,-5.9
2026/27,Premier League / First Division,Sunderland AFC,289,70.9,18,32.75,17,38.15,76.73,206.22,-18.7
2026/27,Premier League / First Division,Newcastle United,762,313.0,11,279.1,13,33.9,76.73,206.22,-20.8
2026/27,Premier League / First Division,Brighton & Hove Albion,1237,180.1,21,192.15,19,-12.05,76.73,206.22,-43.0
2026/27,Premier League / First Division,Everton FC,29,102.75,8,128.95,11,-26.2,76.73,206.22,-49.9
2026/27,Premier League / First Division,Nottingham Forest,703,138.2,12,164.7,16,-26.5,76.73,206.22,-50.1
2026/27,Premier League / First Division,Chelsea FC,631,407.48,17,447.8,20,-40.32,76.73,206.22,-56.8
2026/27,Premier League / First Division,Crystal Palace,873,85.3,14,129.3,14,-44.0,76.73,206.22,-58.5
2026/27,Premier League / First Division,Aston Villa,405,300.2,21,365.25,18,-65.05,76.73,206.22,-68.7
1987/88,Championship / Second Division,Derby County,22,1.4,8,0.43,7,0.97,-0.0,1.14,84.8
1987/88,Championship / Second Division,Queens Park Rangers,1039,1.36,13,0.51,12,0.85,-0.0,1.14,74.8
1987/88,Championship / Second Division,Millwall FC,1028,0.69,8,0.05,2,0.65,-0.0,1.14,56.9
1987/88,Championship / Second Division,Portsmouth FC,1020,0.74,11,0.27,14,0.47,-0.0,1.14,41.4
1987/88,Championship / Second Division,Middlesbrough FC,641,0.37,5,0.06,3,0.31,-0.0,1.14,27.8
1987/88,Championship / Second Division,West Bromwich Albion,984,0.18,9,0.02,10,0.16,-0.0,1.14,14.3
1987/88,Championship / Second Division,Norwich City,1123,1.33,9,1.23,7,0.1,-0.0,1.14,9.1
1987/88,Championship / Second Division,Wolverhampton Wanderers,543,0.09,6,0.04,4,0.04,-0.0,1.14,4.2
1987/88,Championship / Second Division,Bolton Wanderers,355,0.09,6,0.05,5,0.04,-0.0,1.14,3.7
1987/88,Championship / Second Division,Bristol City,698,0.06,9,0.04,9,0.03,-0.0,1.14,3.0
1987/88,Championship / Second Division,Burnley FC,1132,0.02,9,0.0,6,0.02,-0.0,1.14,1.7
1987/88,Championship / Second Division,Blackburn Rovers,164,0.03,7,0.02,5,0.01,-0.0,1.14,1.0
1987/88,Championship / Second Division,Charlton Athletic,358,0.0,7,0.0,7,0.0,-0.0,1.14,0.4
1987/88,Championship / Second Division,Sheffield United,350,0.19,13,0.2,9,-0.01,-0.0,1.14,-0.4
1987/88,Championship / Second Division,Wrexham AFC,1112,0.01,10,0.09,6,-0.08,-0.0,1.14,-6.5
1987/88,Championship / Second Division,Preston North End,466,0.13,9,0.22,10,-0.09,-0.0,1.14,-7.7
1987/88,Championship / Second Division,Cardiff City,603,0.0,10,0.12,7,-0.12,-0.0,1.14,-9.8
1987/88,Championship / Second Division,West Ham United,379,0.76,2,0.92,4,-0.15,-0.0,1.14,-13.1
1987/88,Championship / Second Division,Lincoln City,1198,0.0,7,0.17,9,-0.17,-0.0,1.14,-14.6
1987/88,Championship / Second Division,Swansea City,2288,0.02,5,0.23,5,-0.21,-0.0,1.14,-18.0
1987/88,Championship / Second Division,Birmingham City,337,0.02,8,0.45,6,-0.43,-0.0,1.14,-36.9
1987/88,Championship / Second Division,Watford FC,1010,0.43,14,1.1,17,-0.67,-0.0,1.14,-57.9
1987/88,Championship / Second Division,Stoke City,512,0.01,7,0.68,7,-0.67,-0.0,1.14,-58.2
1987/88,Championship / Second Division,Southampton FC,180,0.2,12,1.35,14,-1.15,-0.0,1.14,-100.2
1988/89,Championship / Second Division,Derby County,22,2.36,13,0.13,9,2.23,0.26,1.83,107.7
1988/89,Championship / Second Division,Southampton FC,180,2.75,9,0.55,6,2.2,0.26,1.83,106.2
1988/89,Championship / Second Division,Queens Park Rangers,1039,2.83,11,0.76,8,2.07,0.26,1.83,99.1
1988/89,Championship / Second Division,Watford FC,1010,2.38,17,0.65,12,1.73,0.26,1.83,80.7
1988/89,Championship / Second Division,Middlesbrough FC,641,1.73,6,0.4,4,1.34,0.26,1.83,59.0
1988/89,Championship / Second Division,Millwall FC,1028,0.88,8,0.23,6,0.65,0.26,1.83,21.4
1988/89,Championship / Second Division,Norwich City,1123,0.85,7,0.3,11,0.55,0.26,1.83,16.4
1988/89,Championship / Second Division,Charlton Athletic,358,0.5,6,0.06,10,0.44,0.26,1.83,9.9
1988/89,Championship / Second Division,Bristol City,698,0.36,10,0.11,6,0.26,0.26,1.83,0.1
1988/89,Championship / Second Division,Lincoln City,1198,0.07,5,0.0,4,0.07,0.26,1.83,-10.0
1988/89,Championship / Second Division,Burnley FC,1132,0.02,5,0.0,1,0.02,0.26,1.83,-12.8
1988/89,Championship / Second Division,Bolton Wanderers,355,0.02,7,0.0,5,0.02,0.26,1.83,-12.9
1988/89,Championship / Second Division,Wrexham AFC,1112,0.01,4,0.0,4,0.01,0.26,1.83,-13.7
1988/89,Championship / Second Division,Wolverhampton Wanderers,543,0.0,5,0.0,4,0.0,0.26,1.83,-14.0
1988/89,Championship / Second Division,Cardiff City,603,0.0,6,0.0,6,0.0,0.26,1.83,-14.0
1988/89,Championship / Second Division,Swansea City,2288,0.01,10,0.06,5,-0.05,0.26,1.83,-16.8
1988/89,Championship / Second Division,Preston North End,466,0.04,7,0.22,4,-0.18,0.26,1.83,-23.8
1988/89,Championship / Second Division,Sheffield United,350,0.14,12,0.36,17,-0.23,0.26,1.83,-26.6
1988/89,Championship / Second Division,Portsmouth FC,1020,0.74,9,1.1,9,-0.36,0.26,1.83,-33.4
1988/89,Championship / Second Division,Stoke City,512,0.44,9,0.88,7,-0.44,0.26,1.83,-38.0
1988/89,Championship / Second Division,Birmingham City,337,0.09,4,0.6,6,-0.51,0.26,1.83,-41.9
1988/89,Championship / Second Division,Blackburn Rovers,164,0.1,8,0.71,6,-0.61,0.26,1.83,-47.3
1988/89,Championship / Second Division,West Ham United,379,2.06,5,3.5,3,-1.44,0.26,1.83,-92.7
1988/89,Championship / Second Division,West Bromwich Albion,984,0.28,9,1.9,11,-1.62,0.26,1.83,-102.3
1989/90,Championship / Second Division,West Bromwich Albion,984,1.19,12,0.0,7,1.19,-0.35,2.25,68.4
1989/90,Championship / Second Division,Wolverhampton Wanderers,543,0.59,4,0.1,5,0.49,-0.35,2.25,37.3
1989/90,Championship / Second Division,Birmingham City,337,0.37,9,0.0,6,0.37,-0.35,2.25,32.1
1989/90,Championship / Second Division,Sheffield United,350,0.42,13,0.06,10,0.36,-0.35,2.25,31.6
1989/90,Championship / Second Division,Bristol City,698,0.3,12,0.0,11,0.3,-0.35,2.25,28.8
1989/90,Championship / Second Division,Bolton Wanderers,355,0.22,4,0.02,4,0.2,-0.35,2.25,24.5
1989/90,Championship / Second Division,Cardiff City,603,0.15,12,0.06,10,0.09,-0.35,2.25,19.4
1989/90,Championship / Second Division,Lincoln City,1198,0.03,12,0.0,9,0.02,-0.35,2.25,16.6
1989/90,Championship / Second Division,Burnley FC,1132,0.04,10,0.06,9,-0.02,-0.35,2.25,14.5
1989/90,Championship / Second Division,Stoke City,512,1.34,15,1.37,16,-0.03,-0.35,2.25,14.1
1989/90,Championship / Second Division,Swansea City,2288,0.0,7,0.13,7,-0.13,-0.35,2.25,9.5
1989/90,Championship / Second Division,Preston North End,466,0.22,5,0.36,9,-0.14,-0.35,2.25,9.3
1989/90,Championship / Second Division,Charlton Athletic,358,0.98,11,1.15,7,-0.17,-0.35,2.25,7.7
1989/90,Championship / Second Division,Wrexham AFC,1112,0.0,11,0.2,5,-0.2,-0.35,2.25,6.4
1989/90,Championship / Second Division,Portsmouth FC,1020,0.5,10,0.96,6,-0.46,-0.35,2.25,-4.8
1989/90,Championship / Second Division,Derby County,22,0.68,3,1.2,5,-0.52,-0.35,2.25,-7.9
1989/90,Championship / Second Division,Queens Park Rangers,1039,2.07,7,2.91,13,-0.84,-0.35,2.25,-21.9
1989/90,Championship / Second Division,Norwich City,1123,0.71,11,1.69,8,-0.98,-0.35,2.25,-28.2
1989/90,Championship / Second Division,Blackburn Rovers,164,0.0,9,1.1,8,-1.1,-0.35,2.25,-33.5
1989/90,Championship / Second Division,Watford FC,1010,0.0,7,1.19,11,-1.19,-0.35,2.25,-37.5
1989/90,Championship / Second Division,West Ham United,379,2.89,10,4.08,9,-1.19,-0.35,2.25,-37.5
1989/90,Championship / Second Division,Middlesbrough FC,641,1.25,5,2.6,4,-1.35,-0.35,2.25,-44.6
1989/90,Championship / Second Division,Millwall FC,1028,0.93,9,2.32,11,-1.39,-0.35,2.25,-46.4
1989/90,Championship / Second Division,Southampton FC,180,0.0,5,1.64,7,-1.64,-0.35,2.25,-57.5
1990/91,Championship / Second Division,Sheffield United,350,2.72,16,0.1,13,2.62,0.06,1.72,148.6
1990/91,Championship / Second Division,Southampton FC,180,2.41,8,0.0,5,2.41,0.06,1.72,136.6
1990/91,Championship / Second Division,West Ham United,379,1.62,8,0.0,9,1.62,0.06,1.72,90.7
1990/91,Championship / Second Division,Blackburn Rovers,164,1.64,12,0.04,8,1.6,0.06,1.72,89.8
1990/91,Championship / Second Division,Wolverhampton Wanderers,543,1.34,13,0.0,12,1.34,0.06,1.72,74.4
1990/91,Championship / Second Division,Queens Park Rangers,1039,2.14,12,1.62,6,0.52,0.06,1.72,26.7
1990/91,Championship / Second Division,Portsmouth FC,1020,0.67,5,0.33,6,0.34,0.06,1.72,16.6
1990/91,Championship / Second Division,Bolton Wanderers,355,0.12,6,0.0,4,0.12,0.06,1.72,3.8
1990/91,Championship / Second Division,Middlesbrough FC,641,1.15,9,1.03,9,0.12,0.06,1.72,3.5
1990/91,Championship / Second Division,Bristol City,698,0.26,7,0.18,9,0.09,0.06,1.72,1.6
1990/91,Championship / Second Division,Lincoln City,1198,0.06,7,0.0,6,0.06,0.06,1.72,-0.1
1990/91,Championship / Second Division,Stoke City,512,0.0,11,0.0,8,0.0,0.06,1.72,-3.5
1990/91,Championship / Second Division,Wrexham AFC,1112,0.0,6,0.0,9,0.0,0.06,1.72,-3.5
1990/91,Championship / Second Division,Burnley FC,1132,0.0,7,0.04,7,-0.04,0.06,1.72,-5.9
1990/91,Championship / Second Division,Preston North End,466,0.17,11,0.26,6,-0.1,0.06,1.72,-9.2
1990/91,Championship / Second Division,Swansea City,2288,0.18,9,0.3,8,-0.12,0.06,1.72,-10.7
1990/91,Championship / Second Division,Cardiff City,603,0.0,9,0.13,11,-0.13,0.06,1.72,-11.1
1990/91,Championship / Second Division,Millwall FC,1028,1.07,11,1.3,13,-0.23,0.06,1.72,-16.9
1990/91,Championship / Second Division,West Bromwich Albion,984,0.34,7,0.62,8,-0.28,0.06,1.72,-19.8
1990/91,Championship / Second Division,Birmingham City,337,0.2,9,0.5,6,-0.3,0.06,1.72,-20.6
1990/91,Championship / Second Division,Derby County,22,0.0,3,1.42,4,-1.42,0.06,1.72,-86.0
1990/91,Championship / Second Division,Charlton Athletic,358,0.35,14,2.53,15,-2.18,0.06,1.72,-130.0
1990/91,Championship / Second Division,Watford FC,1010,0.79,8,3.08,9,-2.29,0.06,1.72,-136.4
1990/91,Championship / Second Division,Norwich City,1123,2.55,10,4.87,7,-2.32,0.06,1.72,-138.4
1991/92,Championship / Second Division,Blackburn Rovers,164,9.33,19,0.06,12,9.28,0.05,3.71,248.5
1991/92,Championship / Second Division,Bristol City,698,1.91,14,0.54,12,1.37,0.05,3.71,35.6
1991/92,Championship / Second Division,West Ham United,379,1.63,7,0.82,10,0.81,0.05,3.71,20.6
1991/92,Championship / Second Division,Burnley FC,1132,0.81,8,0.0,7,0.81,0.05,3.71,20.4
1991/92,Championship / Second Division,Wolverhampton Wanderers,543,0.68,10,0.1,5,0.58,0.05,3.71,14.4
1991/92,Championship / Second Division,Stoke City,512,0.33,16,0.0,14,0.33,0.05,3.71,7.6
1991/92,Championship / Second Division,Portsmouth FC,1020,0.6,6,0.3,6,0.3,0.05,3.71,6.8
1991/92,Championship / Second Division,Derby County,22,8.47,14,8.19,13,0.28,0.05,3.71,6.3
1991/92,Championship / Second Division,Cardiff City,603,0.0,12,0.0,8,0.0,0.05,3.71,-1.3
1991/92,Championship / Second Division,Bolton Wanderers,355,0.22,9,0.22,7,-0.0,0.05,3.71,-1.3
1991/92,Championship / Second Division,Birmingham City,337,0.21,13,0.33,16,-0.12,0.05,3.71,-4.5
1991/92,Championship / Second Division,Swansea City,2288,0.12,11,0.37,11,-0.24,0.05,3.71,-7.8
1991/92,Championship / Second Division,Lincoln City,1198,0.0,6,0.29,6,-0.29,0.05,3.71,-9.1
1991/92,Championship / Second Division,Watford FC,1010,0.45,13,0.76,11,-0.32,0.05,3.71,-9.7
1991/92,Championship / Second Division,Preston North End,466,0.0,7,0.46,12,-0.46,0.05,3.71,-13.8
1991/92,Championship / Second Division,Charlton Athletic,358,0.06,10,0.52,8,-0.47,0.05,3.71,-13.9
1991/92,Championship / Second Division,Wrexham AFC,1112,0.04,8,0.54,12,-0.5,0.05,3.71,-14.6
1991/92,Championship / Second Division,Millwall FC,1028,1.61,12,2.13,10,-0.52,0.05,3.71,-15.3
1991/92,Championship / Second Division,Sheffield United,350,1.46,19,2.23,16,-0.77,0.05,3.71,-22.0
1991/92,Championship / Second Division,West Bromwich Albion,984,0.4,11,1.23,11,-0.83,0.05,3.71,-23.6
1991/92,Championship / Second Division,Middlesbrough FC,641,1.75,16,2.63,15,-0.88,0.05,3.71,-25.0
1991/92,Championship / Second Division,Norwich City,1123,0.0,4,2.1,6,-2.1,0.05,3.71,-57.8
1991/92,Championship / Second Division,Southampton FC,180,1.92,13,4.37,14,-2.45,0.05,3.71,-67.2
1991/92,Championship / Second Division,Queens Park Rangers,1039,1.62,8,4.3,9,-2.68,0.05,3.71,-73.4
1992/93,Championship / Second Division,Derby County,22,6.29,7,0.96,3,5.33,-0.3,3.67,153.4
1992/93,Championship / Second Division,Birmingham City,337,0.97,18,0.43,15,0.54,-0.3,3.67,23.0
1992/93,Championship / Second Division,West Bromwich Albion,984,0.51,11,0.03,12,0.48,-0.3,3.67,21.4
1992/93,Championship / Second Division,Wolverhampton Wanderers,543,0.53,7,0.14,7,0.39,-0.3,3.67,18.9
1992/93,Championship / Second Division,Bolton Wanderers,355,0.49,7,0.26,7,0.24,-0.3,3.67,14.7
1992/93,Championship / Second Division,Cardiff City,603,0.21,5,0.0,5,0.21,-0.3,3.67,14.1
1992/93,Championship / Second Division,Burnley FC,1132,0.14,9,0.0,7,0.14,-0.3,3.67,12.1
1992/93,Championship / Second Division,Wrexham AFC,1112,0.05,11,0.02,7,0.03,-0.3,3.67,9.1
1992/93,Championship / Second Division,Lincoln City,1198,0.0,6,0.0,6,0.0,-0.3,3.67,8.2
1992/93,Championship / Second Division,Stoke City,512,0.3,10,0.47,16,-0.16,-0.3,3.67,3.8
1992/93,Championship / Second Division,Preston North End,466,0.17,11,0.43,14,-0.26,-0.3,3.67,1.1
1992/93,Championship / Second Division,Swansea City,2288,0.0,6,0.38,7,-0.38,-0.3,3.67,-2.0
1992/93,Championship / Second Division,Watford FC,1010,0.58,9,1.18,8,-0.6,-0.3,3.67,-8.1
1992/93,Championship / Second Division,Charlton Athletic,358,0.08,7,1.57,7,-1.5,-0.3,3.67,-32.5
1992/93,Championship / Second Division,Millwall FC,1028,0.38,19,2.31,21,-1.94,-0.3,3.67,-44.5
1992/93,Championship / Second Division,West Ham United,379,0.24,14,2.3,9,-2.06,-0.3,3.67,-47.8
1992/93,Championship / Second Division,Bristol City,698,0.42,12,2.79,8,-2.37,-0.3,3.67,-56.3
1992/93,Championship / Second Division,Portsmouth FC,1020,0.59,8,4.15,10,-3.56,-0.3,3.67,-88.7
1993/94,Championship / Second Division,Wolverhampton Wanderers,543,3.78,13,0.43,8,3.35,-0.01,4.71,71.3
1993/94,Championship / Second Division,Birmingham City,337,3.6,27,0.32,22,3.28,-0.01,4.71,69.8
1993/94,Championship / Second Division,Derby County,22,2.42,5,1.01,8,1.41,-0.01,4.71,30.1
1993/94,Championship / Second Division,Bolton Wanderers,355,1.6,11,0.22,5,1.38,-0.01,4.71,29.4
1993/94,Championship / Second Division,Burnley FC,1132,0.9,11,0.24,9,0.65,-0.01,4.71,14.0
1993/94,Championship / Second Division,Bristol City,698,0.49,11,0.0,14,0.49,-0.01,4.71,10.6
1993/94,Championship / Second Division,Swansea City,2288,0.41,14,0.0,11,0.41,-0.01,4.71,9.0
1993/94,Championship / Second Division,Wrexham AFC,1112,0.34,5,0.0,4,0.34,-0.01,4.71,7.4
1993/94,Championship / Second Division,Preston North End,466,0.2,11,0.12,7,0.09,-0.01,4.71,2.0
1993/94,Championship / Second Division,West Bromwich Albion,984,0.13,6,0.15,8,-0.02,-0.01,4.71,-0.2
1993/94,Championship / Second Division,Lincoln City,1198,0.08,13,0.22,10,-0.15,-0.01,4.71,-2.9
1993/94,Championship / Second Division,Charlton Athletic,358,0.27,8,0.65,8,-0.38,-0.01,4.71,-7.9
1993/94,Championship / Second Division,Cardiff City,603,0.0,10,0.67,15,-0.67,-0.01,4.71,-14.0
1993/94,Championship / Second Division,Watford FC,1010,0.3,9,1.78,12,-1.48,-0.01,4.71,-31.1
1993/94,Championship / Second Division,Stoke City,512,0.7,18,2.56,15,-1.86,-0.01,4.71,-39.2
1993/94,Championship / Second Division,Portsmouth FC,1020,1.41,17,3.51,18,-2.1,-0.01,4.71,-44.4
1993/94,Championship / Second Division,Middlesbrough FC,641,0.83,6,3.29,11,-2.46,-0.01,4.71,-52.0
1993/94,Championship / Second Division,Millwall FC,1028,0.55,15,3.01,12,-2.46,-0.01,4.71,-52.0
1994/95,Championship / Second Division,Wolverhampton Wanderers,543,8.28,12,1.66,15,6.62,-0.13,6.84,98.8
1994/95,Championship / Second Division,Middlesbrough FC,641,5.42,15,0.65,5,4.77,-0.13,6.84,71.7
1994/95,Championship / Second Division,Birmingham City,337,3.2,16,1.3,20,1.9,-0.13,6.84,29.7
1994/95,Championship / Second Division,Bolton Wanderers,355,1.49,11,0.29,14,1.2,-0.13,6.84,19.5
1994/95,Championship / Second Division,Stoke City,512,0.68,23,0.0,18,0.68,-0.13,6.84,11.9
1994/95,Championship / Second Division,Burnley FC,1132,0.77,17,0.13,12,0.64,-0.13,6.84,11.3
1994/95,Championship / Second Division,Portsmouth FC,1020,0.32,12,0.0,9,0.32,-0.13,6.84,6.6
1994/95,Championship / Second Division,Cardiff City,603,0.0,9,0.0,5,0.0,-0.13,6.84,2.0
1994/95,Championship / Second Division,Wrexham AFC,1112,0.0,2,0.0,4,0.0,-0.13,6.84,2.0
1994/95,Championship / Second Division,Lincoln City,1198,0.0,8,0.0,11,0.0,-0.13,6.84,2.0
1994/95,Championship / Second Division,Swansea City,2288,0.0,5,0.0,5,0.0,-0.13,6.84,2.0
1994/95,Championship / Second Division,West Bromwich Albion,984,0.0,3,0.06,3,-0.06,-0.13,6.84,1.1
1994/95,Championship / Second Division,Preston North End,466,0.15,13,0.29,9,-0.14,-0.13,6.84,-0.1
1994/95,Championship / Second Division,Sheffield United,350,0.0,15,0.9,17,-0.9,-0.13,6.84,-11.1
1994/95,Championship / Second Division,Bristol City,698,0.68,16,1.68,15,-1.0,-0.13,6.84,-12.7
1994/95,Championship / Second Division,Charlton Athletic,358,1.15,7,2.3,7,-1.15,-0.13,6.84,-14.9
1994/95,Championship / Second Division,Watford FC,1010,1.06,14,4.28,11,-3.22,-0.13,6.84,-45.1
1994/95,Championship / Second Division,Millwall FC,1028,0.44,18,5.3,22,-4.86,-0.13,6.84,-69.2
1994/95,Championship / Second Division,Derby County,22,0.88,15,8.21,15,-7.34,-0.13,6.84,-105.3
1995/96,Championship / Second Division,Bristol City,698,1.3,16,0.0,13,1.3,-0.21,12.13,12.4
1995/96,Championship / Second Division,Derby County,22,7.72,19,6.56,16,1.16,-0.21,12.13,11.3
1995/96,Championship / Second Division,Sheffield United,350,3.44,25,2.32,24,1.12,-0.21,12.13,10.9
1995/96,Championship / Second Division,West Bromwich Albion,984,0.98,23,0.0,17,0.98,-0.21,12.13,9.7
1995/96,Championship / Second Division,Wolverhampton Wanderers,543,2.2,17,1.3,12,0.9,-0.21,12.13,9.1
1995/96,Championship / Second Division,Charlton Athletic,358,0.6,12,0.0,10,0.6,-0.21,12.13,6.6
1995/96,Championship / Second Division,Watford FC,1010,0.8,11,0.44,8,0.36,-0.21,12.13,4.7
1995/96,Championship / Second Division,Cardiff City,603,0.08,15,0.0,22,0.08,-0.21,12.13,2.4
1995/96,Championship / Second Division,Preston North End,466,0.31,14,0.26,12,0.05,-0.21,12.13,2.1
1995/96,Championship / Second Division,Stoke City,512,0.62,8,0.87,12,-0.25,-0.21,12.13,-0.4
1995/96,Championship / Second Division,Wrexham AFC,1112,0.12,9,0.44,7,-0.32,-0.21,12.13,-0.9
1995/96,Championship / Second Division,Lincoln City,1198,0.17,19,0.84,17,-0.68,-0.21,12.13,-3.9
1995/96,Championship / Second Division,Millwall FC,1028,2.4,18,3.18,20,-0.78,-0.21,12.13,-4.7
1995/96,Championship / Second Division,Swansea City,2288,0.26,14,1.12,16,-0.87,-0.21,12.13,-5.4
1995/96,Championship / Second Division,Burnley FC,1132,0.24,8,1.12,10,-0.88,-0.21,12.13,-5.6
1995/96,Championship / Second Division,Birmingham City,337,3.19,33,4.71,31,-1.52,-0.21,12.13,-10.8
1995/96,Championship / Second Division,Portsmouth FC,1020,1.84,12,3.9,14,-2.06,-0.21,12.13,-15.3
1995/96,Championship / Second Division,Norwich City,1123,1.41,5,4.32,10,-2.91,-0.21,12.13,-22.3
1996/97,Championship / Second Division,Sheffield United,350,5.99,18,0.0,17,5.99,0.28,10.96,52.1
1996/97,Championship / Second Division,Queens Park Rangers,1039,6.38,14,0.45,16,5.93,0.28,10.96,51.6
1996/97,Championship / Second Division,West Bromwich Albion,984,5.74,14,0.0,15,5.74,0.28,10.96,49.8
1996/97,Championship / Second Division,Birmingham City,337,9.07,33,6.11,35,2.96,0.28,10.96,24.5
1996/97,Championship / Second Division,Wolverhampton Wanderers,543,2.45,12,0.09,11,2.36,0.28,10.96,19.0
1996/97,Championship / Second Division,Burnley FC,1132,0.69,15,0.0,13,0.69,0.28,10.96,3.7
1996/97,Championship / Second Division,Portsmouth FC,1020,1.34,11,0.92,8,0.42,0.28,10.96,1.2
1996/97,Championship / Second Division,Cardiff City,603,0.09,19,0.01,16,0.08,0.28,10.96,-1.8
1996/97,Championship / Second Division,Lincoln City,1198,0.08,10,0.0,10,0.08,0.28,10.96,-1.8
1996/97,Championship / Second Division,Bristol City,698,0.05,11,0.06,12,-0.01,0.28,10.96,-2.6
1996/97,Championship / Second Division,Stoke City,512,1.0,17,1.05,19,-0.05,0.28,10.96,-3.0
1996/97,Championship / Second Division,Swansea City,2288,0.0,6,0.21,7,-0.21,0.28,10.96,-4.5
1996/97,Championship / Second Division,Norwich City,1123,1.01,18,1.5,19,-0.49,0.28,10.96,-7.0
1996/97,Championship / Second Division,Watford FC,1010,0.06,9,0.95,12,-0.89,0.28,10.96,-10.6
1996/97,Championship / Second Division,Preston North End,466,1.06,20,2.5,21,-1.44,0.28,10.96,-15.7
1996/97,Championship / Second Division,Charlton Athletic,358,2.34,12,3.9,10,-1.56,0.28,10.96,-16.8
1996/97,Championship / Second Division,Wrexham AFC,1112,0.24,8,2.0,5,-1.76,0.28,10.96,-18.6
1996/97,Championship / Second Division,Millwall FC,1028,0.67,17,5.79,15,-5.12,0.28,10.96,-49.3
1996/97,Championship / Second Division,Bolton Wanderers,355,3.8,7,11.22,11,-7.42,0.28,10.96,-70.3
1997/98,Championship / Second Division,Birmingham City,337,7.96,17,1.4,17,6.56,-0.96,12.5,60.2
1997/98,Championship / Second Division,Sheffield United,350,7.85,32,6.29,26,1.56,-0.96,12.5,20.2
1997/98,Championship / Second Division,Preston North End,466,1.32,14,0.0,10,1.32,-0.96,12.5,18.2
1997/98,Championship / Second Division,Charlton Athletic,358,1.58,10,0.49,9,1.09,-0.96,12.5,16.4
1997/98,Championship / Second Division,Burnley FC,1132,0.78,24,0.16,21,0.62,-0.96,12.5,12.6
1997/98,Championship / Second Division,Millwall FC,1028,0.78,24,0.28,14,0.5,-0.96,12.5,11.6
1997/98,Championship / Second Division,Wrexham AFC,1112,0.0,11,0.22,11,-0.22,-0.96,12.5,5.9
1997/98,Championship / Second Division,West Bromwich Albion,984,2.97,19,3.25,14,-0.28,-0.96,12.5,5.4
1997/98,Championship / Second Division,Lincoln City,1198,0.22,9,0.75,6,-0.53,-0.96,12.5,3.4
1997/98,Championship / Second Division,Bristol City,698,1.14,15,1.68,14,-0.54,-0.96,12.5,3.4
1997/98,Championship / Second Division,Cardiff City,603,0.15,17,0.75,13,-0.6,-0.96,12.5,2.8
1997/98,Championship / Second Division,Swansea City,2288,0.26,16,0.99,11,-0.74,-0.96,12.5,1.8
1997/98,Championship / Second Division,Norwich City,1123,2.5,10,3.75,15,-1.25,-0.96,12.5,-2.3
1997/98,Championship / Second Division,Stoke City,512,1.24,20,2.68,14,-1.44,-0.96,12.5,-3.8
1997/98,Championship / Second Division,Watford FC,1010,0.94,11,2.85,8,-1.91,-0.96,12.5,-7.6
1997/98,Championship / Second Division,Wolverhampton Wanderers,543,3.04,23,5.46,23,-2.42,-0.96,12.5,-11.7
1997/98,Championship / Second Division,Queens Park Rangers,1039,2.53,20,5.25,16,-2.72,-0.96,12.5,-14.1
1997/98,Championship / Second Division,Portsmouth FC,1020,0.5,5,5.83,9,-5.33,-0.96,12.5,-35.0
1997/98,Championship / Second Division,Middlesbrough FC,641,19.07,16,30.95,16,-11.88,-0.96,12.5,-87.4
1998/99,Championship / Second Division,Bristol City,698,4.09,25,0.02,18,4.07,-0.95,19.4,25.9
1998/99,Championship / Second Division,Birmingham City,337,3.01,7,1.2,8,1.81,-0.95,19.4,14.2
1998/99,Championship / Second Division,Burnley FC,1132,1.73,25,0.13,25,1.6,-0.95,19.4,13.1
1998/99,Championship / Second Division,Norwich City,1123,1.73,13,0.94,8,0.79,-0.95,19.4,9.0
1998/99,Championship / Second Division,Preston North End,466,0.08,13,0.02,17,0.06,-0.95,19.4,5.2
1998/99,Championship / Second Division,West Bromwich Albion,984,0.3,12,0.28,16,0.02,-0.95,19.4,5.0
1998/99,Championship / Second Division,Swansea City,2288,0.01,7,0.0,7,0.01,-0.95,19.4,4.9
1998/99,Championship / Second Division,Millwall FC,1028,0.0,11,0.06,16,-0.06,-0.95,19.4,4.6
1998/99,Championship / Second Division,Lincoln City,1198,0.02,14,0.11,14,-0.08,-0.95,19.4,4.5
1998/99,Championship / Second Division,Cardiff City,603,0.12,16,0.38,16,-0.26,-0.95,19.4,3.6
1998/99,Championship / Second Division,Watford FC,1010,0.24,12,0.5,9,-0.26,-0.95,19.4,3.5
1998/99,Championship / Second Division,Stoke City,512,0.0,14,0.31,18,-0.31,-0.95,19.4,3.3
1998/99,Championship / Second Division,Portsmouth FC,1020,0.87,14,1.31,14,-0.44,-0.95,19.4,2.6
1998/99,Championship / Second Division,Wrexham AFC,1112,0.0,11,0.89,12,-0.89,-0.95,19.4,0.3
1998/99,Championship / Second Division,Wolverhampton Wanderers,543,1.6,16,4.65,22,-3.05,-0.95,19.4,-10.8
1998/99,Championship / Second Division,Sheffield United,350,0.25,18,4.41,27,-4.16,-0.95,19.4,-16.6
1998/99,Championship / Second Division,Queens Park Rangers,1039,0.02,13,6.05,14,-6.03,-0.95,19.4,-26.2
1998/99,Championship / Second Division,Bolton Wanderers,355,6.48,18,16.35,20,-9.87,-0.95,19.4,-46.0
1999/00,Championship / Second Division,Portsmouth FC,1020,7.08,29,0.4,19,6.68,-2.48,16.52,55.4
1999/00,Championship / Second Division,Birmingham City,337,2.81,16,1.38,18,1.43,-2.48,16.52,23.6
1999/00,Championship / Second Division,Millwall FC,1028,1.05,12,0.0,11,1.05,-2.48,16.52,21.3
1999/00,Championship / Second Division,Burnley FC,1132,0.88,9,0.0,14,0.88,-2.48,16.52,20.3
1999/00,Championship / Second Division,Stoke City,512,1.1,19,0.5,20,0.6,-2.48,16.52,18.6
1999/00,Championship / Second Division,Queens Park Rangers,1039,0.35,9,0.0,8,0.35,-2.48,16.52,17.1
1999/00,Championship / Second Division,Cardiff City,603,0.16,16,0.06,16,0.11,-2.48,16.52,15.7
1999/00,Championship / Second Division,Lincoln City,1198,0.03,13,0.03,14,0.0,-2.48,16.52,15.0
1999/00,Championship / Second Division,Swansea City,2288,0.02,7,0.04,4,-0.01,-2.48,16.52,14.9
1999/00,Championship / Second Division,Preston North End,466,0.01,10,0.05,6,-0.04,-2.48,16.52,14.7
1999/00,Championship / Second Division,Wrexham AFC,1112,0.0,12,0.63,10,-0.63,-2.48,16.52,11.2
1999/00,Championship / Second Division,Wolverhampton Wanderers,543,7.46,17,9.0,17,-1.54,-2.48,16.52,5.7
1999/00,Championship / Second Division,Norwich City,1123,0.69,8,4.5,10,-3.81,-2.48,16.52,-8.1
1999/00,Championship / Second Division,Charlton Athletic,358,2.6,13,6.82,21,-4.22,-2.48,16.52,-10.6
1999/00,Championship / Second Division,Bolton Wanderers,355,0.08,13,5.2,15,-5.12,-2.48,16.52,-16.0
1999/00,Championship / Second Division,Bristol City,698,1.38,20,7.49,20,-6.11,-2.48,16.52,-22.0
1999/00,Championship / Second Division,Sheffield United,350,1.96,27,9.58,31,-7.62,-2.48,16.52,-31.1
1999/00,Championship / Second Division,West Bromwich Albion,984,1.17,14,9.12,14,-7.95,-2.48,16.52,-33.1
1999/00,Championship / Second Division,Blackburn Rovers,164,7.6,22,28.67,27,-21.07,-2.48,16.52,-112.6
2000/01,Championship / Second Division,West Bromwich Albion,984,7.13,13,0.64,11,6.5,0.09,24.43,26.2
2000/01,Championship / Second Division,Wolverhampton Wanderers,543,6.35,20,0.0,15,6.35,0.09,24.43,25.6
2000/01,Championship / Second Division,Portsmouth FC,1020,5.74,20,1.0,19,4.74,0.09,24.43,19.0
2000/01,Championship / Second Division,Watford FC,1010,2.53,8,0.02,15,2.5,0.09,24.43,9.9
2000/01,Championship / Second Division,Preston North End,466,3.53,15,1.15,14,2.38,0.09,24.43,9.4
2000/01,Championship / Second Division,Cardiff City,603,2.29,20,0.0,16,2.29,0.09,24.43,9.0
2000/01,Championship / Second Division,Bristol City,698,1.05,15,0.04,13,1.01,0.09,24.43,3.8
2000/01,Championship / Second Division,Blackburn Rovers,164,14.7,31,13.87,32,0.83,0.09,24.43,3.0
2000/01,Championship / Second Division,Burnley FC,1132,1.5,14,0.71,16,0.79,0.09,24.43,2.9
2000/01,Championship / Second Division,Wrexham AFC,1112,0.6,11,0.0,11,0.6,0.09,24.43,2.1
2000/01,Championship / Second Division,Stoke City,512,0.79,21,0.22,22,0.57,0.09,24.43,2.0
2000/01,Championship / Second Division,Queens Park Rangers,1039,0.46,25,0.08,20,0.38,0.09,24.43,1.2
2000/01,Championship / Second Division,Birmingham City,337,4.88,15,4.56,14,0.32,0.09,24.43,0.9
2000/01,Championship / Second Division,Swansea City,2288,0.0,12,0.0,10,0.0,0.09,24.43,-0.4
2000/01,Championship / Second Division,Lincoln City,1198,0.0,15,0.4,14,-0.4,0.09,24.43,-2.0
2000/01,Championship / Second Division,Millwall FC,1028,0.0,9,0.68,11,-0.68,0.09,24.43,-3.1
2000/01,Championship / Second Division,Sheffield United,350,0.14,24,5.8,21,-5.66,0.09,24.43,-23.5
2000/01,Championship / Second Division,Norwich City,1123,0.68,14,9.95,17,-9.28,0.09,24.43,-38.3
2000/01,Championship / Second Division,Bolton Wanderers,355,3.5,24,15.05,22,-11.55,0.09,24.43,-47.6
2001/02,Championship / Second Division,Wolverhampton Wanderers,543,17.83,23,2.49,26,15.34,0.61,28.14,52.3
2001/02,Championship / Second Division,Cardiff City,603,6.7,15,0.0,11,6.7,0.61,28.14,21.6
2001/02,Championship / Second Division,Burnley FC,1132,2.58,16,0.44,10,2.14,0.61,28.14,5.4
2001/02,Championship / Second Division,Norwich City,1123,2.27,11,0.15,10,2.12,0.61,28.14,5.4
2001/02,Championship / Second Division,Birmingham City,337,1.92,25,0.0,20,1.92,0.61,28.14,4.6
2001/02,Championship / Second Division,Sheffield United,350,0.78,21,0.0,17,0.78,0.61,28.14,0.6
2001/02,Championship / Second Division,Bristol City,698,0.01,9,0.0,12,0.01,0.61,28.14,-2.1
2001/02,Championship / Second Division,Lincoln City,1198,0.0,8,0.0,9,0.0,0.61,28.14,-2.2
2001/02,Championship / Second Division,Wrexham AFC,1112,0.0,12,0.0,11,0.0,0.61,28.14,-2.2
2001/02,Championship / Second Division,Swansea City,2288,0.0,11,0.15,18,-0.15,0.61,28.14,-2.7
2001/02,Championship / Second Division,Watford FC,1010,1.63,25,1.95,19,-0.32,0.61,28.14,-3.3
2001/02,Championship / Second Division,Millwall FC,1028,0.75,16,1.67,19,-0.92,0.61,28.14,-5.5
2001/02,Championship / Second Division,Queens Park Rangers,1039,0.38,25,2.55,32,-2.17,0.61,28.14,-9.9
2001/02,Championship / Second Division,Portsmouth FC,1020,6.68,22,9.0,16,-2.32,0.61,28.14,-10.4
2001/02,Championship / Second Division,West Bromwich Albion,984,3.85,15,7.5,14,-3.65,0.61,28.14,-15.2
2001/02,Championship / Second Division,Stoke City,512,0.26,24,4.0,18,-3.74,0.61,28.14,-15.5
2001/02,Championship / Second Division,Preston North End,466,2.23,15,7.52,17,-5.29,0.61,28.14,-21.0
2002/03,Championship / Second Division,Cardiff City,603,0.9,14,0.0,15,0.9,-0.94,15.66,11.8
2002/03,Championship / Second Division,Portsmouth FC,1020,1.06,36,0.6,35,0.46,-0.94,15.66,9.0
2002/03,Championship / Second Division,Sheffield United,350,0.38,27,0.0,28,0.38,-0.94,15.66,8.4
2002/03,Championship / Second Division,Queens Park Rangers,1039,0.38,19,0.0,29,0.38,-0.94,15.66,8.4
2002/03,Championship / Second Division,Stoke City,512,0.0,17,0.0,22,0.0,-0.94,15.66,6.0
2002/03,Championship / Second Division,Bristol City,698,0.0,16,0.0,19,0.0,-0.94,15.66,6.0
2002/03,Championship / Second Division,Millwall FC,1028,0.0,16,0.0,12,0.0,-0.94,15.66,6.0
2002/03,Championship / Second Division,Wrexham AFC,1112,0.0,8,0.0,11,0.0,-0.94,15.66,6.0
2002/03,Championship / Second Division,Norwich City,1123,0.0,10,0.0,11,0.0,-0.94,15.66,6.0
2002/03,Championship / Second Division,Burnley FC,1132,0.0,10,0.0,12,0.0,-0.94,15.66,6.0
2002/03,Championship / Second Division,Lincoln City,1198,0.0,13,0.0,16,0.0,-0.94,15.66,6.0
2002/03,Championship / Second Division,Swansea City,2288,0.0,23,0.0,22,0.0,-0.94,15.66,6.0
2002/03,Championship / Second Division,Wolverhampton Wanderers,543,0.0,13,0.4,17,-0.4,-0.94,15.66,3.5
2002/03,Championship / Second Division,Preston North End,466,1.85,23,2.58,21,-0.73,-0.94,15.66,1.4
2002/03,Championship / Second Division,Watford FC,1010,0.0,17,1.88,23,-1.88,-0.94,15.66,-6.0
2002/03,Championship / Second Division,Derby County,22,0.0,15,14.22,20,-14.22,-0.94,15.66,-84.7
2003/04,Championship / Second Division,West Bromwich Albion,984,5.33,23,2.32,21,3.01,-2.25,21.12,24.9
2003/04,Championship / Second Division,Cardiff City,603,1.87,7,0.0,12,1.87,-2.25,21.12,19.5
2003/04,Championship / Second Division,Norwich City,1123,1.6,12,0.18,14,1.42,-2.25,21.12,17.3
2003/04,Championship / Second Division,Bristol City,698,1.63,13,1.08,14,0.55,-2.25,21.12,13.2
2003/04,Championship / Second Division,Stoke City,512,0.41,27,0.06,24,0.34,-2.25,21.12,12.3
2003/04,Championship / Second Division,Sheffield United,350,1.03,27,0.7,29,0.33,-2.25,21.12,12.2
2003/04,Championship / Second Division,Derby County,22,0.22,32,0.18,34,0.04,-2.25,21.12,10.9
2003/04,Championship / Second Division,Lincoln City,1198,0.1,17,0.08,10,0.02,-2.25,21.12,10.8
2003/04,Championship / Second Division,Watford FC,1010,0.3,19,0.38,19,-0.08,-2.25,21.12,10.3
2003/04,Championship / Second Division,Queens Park Rangers,1039,0.08,23,0.3,22,-0.22,-2.25,21.12,9.6
2003/04,Championship / Second Division,Preston North End,466,0.0,15,0.32,17,-0.32,-2.25,21.12,9.1
2003/04,Championship / Second Division,Wrexham AFC,1112,0.0,8,0.36,9,-0.36,-2.25,21.12,8.9
2003/04,Championship / Second Division,Swansea City,2288,0.05,24,0.45,24,-0.4,-2.25,21.12,8.7
2003/04,Championship / Second Division,Burnley FC,1132,0.0,17,1.13,26,-1.13,-2.25,21.12,5.3
2003/04,Championship / Second Division,Millwall FC,1028,0.31,23,3.6,18,-3.29,-2.25,21.12,-4.9
2003/04,Championship / Second Division,West Ham United,379,2.85,34,40.59,34,-37.74,-2.25,21.12,-168.0
2004/05,Championship / Second Division,Wolverhampton Wanderers,543,4.03,19,0.22,21,3.82,-2.4,25.38,24.5
2004/05,Championship / Second Division,Wigan Athletic,1071,1.8,18,0.0,18,1.8,-2.4,25.38,16.6
2004/05,Championship / Second Division,Sunderland AFC,289,1.45,19,0.0,24,1.45,-2.4,25.38,15.2
2004/05,Championship / Second Division,Reading FC,1032,1.2,12,0.0,15,1.2,-2.4,25.38,14.2
2004/05,Championship / Second Division,Plymouth Argyle,2262,0.95,20,0.29,19,0.66,-2.4,25.38,12.1
2004/05,Championship / Second Division,Sheffield United,350,0.56,29,0.08,27,0.48,-2.4,25.38,11.4
2004/05,Championship / Second Division,Leicester City,1003,2.17,27,1.91,29,0.26,-2.4,25.38,10.5
2004/05,Championship / Second Division,Watford FC,1010,0.38,17,0.28,22,0.1,-2.4,25.38,9.9
2004/05,Championship / Second Division,Queens Park Rangers,1039,0.23,25,0.18,27,0.06,-2.4,25.38,9.7
2004/05,Championship / Second Division,Derby County,22,0.0,16,0.0,18,0.0,-2.4,25.38,9.5
2004/05,Championship / Second Division,Ipswich Town,677,0.38,15,0.68,19,-0.3,-2.4,25.38,8.3
2004/05,Championship / Second Division,Gillingham FC,2814,0.0,23,0.52,21,-0.52,-2.4,25.38,7.4
2004/05,Championship / Second Division,Rotherham United,1194,0.0,13,0.6,16,-0.6,-2.4,25.38,7.1
2004/05,Championship / Second Division,Brighton & Hove Albion,1237,0.0,17,0.75,18,-0.75,-2.4,25.38,6.5
2004/05,Championship / Second Division,Stoke City,512,0.08,23,0.98,23,-0.9,-2.4,25.38,5.9
2004/05,Championship / Second Division,Millwall FC,1028,0.76,27,2.2,31,-1.45,-2.4,25.38,3.8
2004/05,Championship / Second Division,Coventry City,990,0.35,33,2.55,36,-2.2,-2.4,25.38,0.8
2004/05,Championship / Second Division,Preston North End,466,1.88,29,5.33,31,-3.45,-2.4,25.38,-4.1
2004/05,Championship / Second Division,Burnley FC,1132,0.98,16,4.58,18,-3.6,-2.4,25.38,-4.7
2004/05,Championship / Second Division,West Ham United,379,1.51,24,5.25,26,-3.74,-2.4,25.38,-5.3
2004/05,Championship / Second Division,Cardiff City,603,0.0,15,4.5,14,-4.5,-2.4,25.38,-8.3
2004/05,Championship / Second Division,Crewe Alexandra,1042,0.2,8,6.75,15,-6.55,-2.4,25.38,-16.3
2004/05,Championship / Second Division,Nottingham Forest,703,0.52,24,15.75,25,-15.23,-2.4,25.38,-50.5
2004/05,Championship / Second Division,Leeds United,399,4.03,44,27.7,44,-23.67,-2.4,25.38,-83.8
2005/06,Championship / Second Division,Sheffield United,350,6.83,53,2.38,44,4.45,-2.27,25.38,26.5
2005/06,Championship / Second Division,Leeds United,399,5.88,25,1.58,25,4.3,-2.27,25.38,25.9
2005/06,Championship / Second Division,Hull City,3008,3.96,22,0.08,22,3.88,-2.27,25.38,24.3
2005/06,Championship / Second Division,Crystal Palace,873,6.45,10,3.3,13,3.15,-2.27,25.38,21.4
2005/06,Championship / Second Division,Sheffield Wednesday,1035,2.32,33,0.08,34,2.24,-2.27,25.38,17.8
2005/06,Championship / Second Division,Reading FC,1032,2.67,27,0.62,23,2.04,-2.27,25.38,17.0
2005/06,Championship / Second Division,Crewe Alexandra,1042,0.16,31,0.0,24,0.16,-2.27,25.38,9.6
2005/06,Championship / Second Division,Coventry City,990,0.08,22,0.0,21,0.08,-2.27,25.38,9.2
2005/06,Championship / Second Division,Queens Park Rangers,1039,0.22,30,0.78,22,-0.56,-2.27,25.38,6.7
2005/06,Championship / Second Division,Plymouth Argyle,2262,0.0,18,0.63,16,-0.63,-2.27,25.38,6.5
2005/06,Championship / Second Division,Stoke City,512,2.18,19,2.93,24,-0.75,-2.27,25.38,6.0
2005/06,Championship / Second Division,Watford FC,1010,1.73,29,3.1,29,-1.37,-2.27,25.38,3.6
2005/06,Championship / Second Division,Leicester City,1003,1.6,23,3.43,28,-1.83,-2.27,25.38,1.7
2005/06,Championship / Second Division,Burnley FC,1132,0.6,21,2.63,17,-2.04,-2.27,25.38,0.9
2005/06,Championship / Second Division,Preston North End,466,0.72,25,2.78,22,-2.05,-2.27,25.38,0.9
2005/06,Championship / Second Division,Cardiff City,603,1.75,23,4.95,21,-3.2,-2.27,25.38,-3.7
2005/06,Championship / Second Division,Brighton & Hove Albion,1237,0.35,30,3.67,30,-3.32,-2.27,25.38,-4.1
2005/06,Championship / Second Division,Wolverhampton Wanderers,543,3.13,29,6.59,28,-3.46,-2.27,25.38,-4.7
2005/06,Championship / Second Division,Millwall FC,1028,0.42,29,4.43,37,-4.01,-2.27,25.38,-6.9
2005/06,Championship / Second Division,Luton Town,1031,0.2,13,4.5,14,-4.3,-2.27,25.38,-8.0
2005/06,Championship / Second Division,Ipswich Town,677,1.2,22,6.38,22,-5.18,-2.27,25.38,-11.5
2005/06,Championship / Second Division,Norwich City,1123,5.83,21,13.49,21,-7.66,-2.27,25.38,-21.2
2005/06,Championship / Second Division,Derby County,22,0.6,28,9.0,32,-8.4,-2.27,25.38,-24.1
2005/06,Championship / Second Division,Southampton FC,180,3.85,37,29.92,41,-26.07,-2.27,25.38,-93.8
2006/07,Championship / Second Division,Derby County,22,9.97,28,1.85,24,8.12,-1.73,26.83,36.7
2006/07,Championship / Second Division,Sunderland AFC,289,16.1,32,11.58,37,4.52,-1.73,26.83,23.3
2006/07,Championship / Second Division,Burnley FC,1132,2.83,10,0.18,10,2.64,-1.73,26.83,16.3
2006/07,Championship / Second Division,Southampton FC,180,6.95,29,4.35,31,2.6,-1.73,26.83,16.2
2006/07,Championship / Second Division,Plymouth Argyle,2262,1.6,25,0.0,21,1.6,-1.73,26.83,12.4
2006/07,Championship / Second Division,Southend United,2793,1.05,31,0.12,28,0.92,-1.73,26.83,9.9
2006/07,Championship / Second Division,Stoke City,512,2.55,36,2.05,32,0.5,-1.73,26.83,8.3
2006/07,Championship / Second Division,West Bromwich Albion,984,2.84,17,2.55,17,0.29,-1.73,26.83,7.5
2006/07,Championship / Second Division,Hull City,3008,2.95,29,3.53,28,-0.58,-1.73,26.83,4.3
2006/07,Championship / Second Division,Ipswich Town,677,1.34,31,2.2,25,-0.86,-1.73,26.83,3.3
2006/07,Championship / Second Division,Barnsley FC,349,0.62,32,1.58,36,-0.96,-1.73,26.83,2.9
2006/07,Championship / Second Division,Queens Park Rangers,1039,1.4,21,2.4,26,-1.0,-1.73,26.83,2.7
2006/07,Championship / Second Division,Leicester City,1003,0.0,14,1.84,18,-1.84,-1.73,26.83,-0.4
2006/07,Championship / Second Division,Sheffield Wednesday,1035,2.24,28,4.23,27,-1.99,-1.73,26.83,-1.0
2006/07,Championship / Second Division,Norwich City,1123,1.93,25,3.98,21,-2.05,-1.73,26.83,-1.2
2006/07,Championship / Second Division,Preston North End,466,3.45,26,5.55,27,-2.1,-1.73,26.83,-1.4
2006/07,Championship / Second Division,Cardiff City,603,1.91,38,4.45,34,-2.54,-1.73,26.83,-3.0
2006/07,Championship / Second Division,Coventry City,990,3.71,35,7.19,35,-3.48,-1.73,26.83,-6.5
2006/07,Championship / Second Division,Luton Town,1031,2.84,21,7.45,19,-4.61,-1.73,26.83,-10.7
2006/07,Championship / Second Division,Colchester United,1060,0.0,10,5.63,15,-5.63,-1.73,26.83,-14.5
2006/07,Championship / Second Division,Leeds United,399,3.09,34,9.43,34,-6.34,-1.73,26.83,-17.2
2006/07,Championship / Second Division,Wolverhampton Wanderers,543,2.81,29,10.25,30,-7.44,-1.73,26.83,-21.3
2006/07,Championship / Second Division,Crystal Palace,873,9.0,25,18.33,24,-9.33,-1.73,26.83,-28.3
2006/07,Championship / Second Division,Birmingham City,337,20.43,24,32.48,33,-12.05,-1.73,26.83,-38.5
2007/08,Championship / Second Division,Leicester City,1003,8.65,53,1.41,39,7.24,-3.14,47.03,22.1
2007/08,Championship / Second Division,Wolverhampton Wanderers,543,7.5,30,0.42,25,7.08,-3.14,47.03,21.7
2007/08,Championship / Second Division,Queens Park Rangers,1039,9.93,38,3.83,39,6.1,-3.14,47.03,19.7
2007/08,Championship / Second Division,Bristol City,698,4.2,26,0.13,23,4.07,-3.14,47.03,15.3
2007/08,Championship / Second Division,Barnsley FC,349,3.84,36,0.28,35,3.56,-3.14,47.03,14.3
2007/08,Championship / Second Division,Ipswich Town,677,4.35,24,1.1,26,3.25,-3.14,47.03,13.6
2007/08,Championship / Second Division,Coventry City,990,2.05,27,0.32,23,1.72,-3.14,47.03,10.4
2007/08,Championship / Second Division,Hull City,3008,3.35,23,1.67,26,1.68,-3.14,47.03,10.3
2007/08,Championship / Second Division,Watford FC,1010,10.42,26,9.3,30,1.12,-3.14,47.03,9.1
2007/08,Championship / Second Division,Colchester United,1060,2.1,21,1.25,13,0.85,-3.14,47.03,8.5
2007/08,Championship / Second Division,Blackpool FC,1181,0.4,28,0.06,24,0.34,-3.14,47.03,7.4
2007/08,Championship / Second Division,Stoke City,512,6.95,31,7.37,32,-0.42,-3.14,47.03,5.8
2007/08,Championship / Second Division,Scunthorpe United,2964,0.46,24,3.08,27,-2.62,-3.14,47.03,1.1
2007/08,Championship / Second Division,Burnley FC,1132,1.35,17,4.05,14,-2.7,-3.14,47.03,0.9
2007/08,Championship / Second Division,Sheffield Wednesday,1035,1.29,28,4.87,27,-3.58,-3.14,47.03,-0.9
2007/08,Championship / Second Division,Crystal Palace,873,1.65,33,5.24,32,-3.59,-3.14,47.03,-1.0
2007/08,Championship / Second Division,Preston North End,466,6.08,28,10.94,29,-4.86,-3.14,47.03,-3.7
2007/08,Championship / Second Division,Plymouth Argyle,2262,2.63,26,7.5,31,-4.87,-3.14,47.03,-3.7
2007/08,Championship / Second Division,Sheffield United,350,10.55,45,16.55,52,-6.0,-3.14,47.03,-6.1
2007/08,Championship / Second Division,Norwich City,1123,2.25,30,10.18,33,-7.93,-3.14,47.03,-10.2
2007/08,Championship / Second Division,West Bromwich Albion,984,22.23,31,32.25,27,-10.02,-3.14,47.03,-14.6
2007/08,Championship / Second Division,Cardiff City,603,0.0,20,11.45,28,-11.45,-3.14,47.03,-17.7
2007/08,Championship / Second Division,Charlton Athletic,358,13.49,41,40.1,43,-26.61,-3.14,47.03,-49.9
2007/08,Championship / Second Division,Southampton FC,180,3.13,27,30.91,32,-27.78,-3.14,47.03,-52.4
2008/09,Championship / Second Division,Ipswich Town,677,5.44,31,1.31,32,4.13,-1.28,42.92,12.6
2008/09,Championship / Second Division,Nottingham Forest,703,5.62,29,1.61,32,4.01,-1.28,42.92,12.3
2008/09,Championship / Second Division,Bristol City,698,4.78,22,1.88,24,2.9,-1.28,42.92,9.7
2008/09,Championship / Second Division,Coventry City,990,3.9,26,1.23,30,2.67,-1.28,42.92,9.2
2008/09,Championship / Second Division,Queens Park Rangers,1039,4.03,28,1.55,24,2.48,-1.28,42.92,8.8
2008/09,Championship / Second Division,Wolverhampton Wanderers,543,8.92,30,7.1,35,1.82,-1.28,42.92,7.2
2008/09,Championship / Second Division,Barnsley FC,349,2.34,19,0.81,22,1.53,-1.28,42.92,6.6
2008/09,Championship / Second Division,Swansea City,2288,1.33,22,0.05,22,1.28,-1.28,42.92,6.0
2008/09,Championship / Second Division,Doncaster Rovers,2454,1.04,27,0.0,25,1.04,-1.28,42.92,5.4
2008/09,Championship / Second Division,Blackpool FC,1181,1.41,41,0.72,46,0.68,-1.28,42.92,4.6
2008/09,Championship / Second Division,Preston North End,466,0.9,22,0.68,25,0.22,-1.28,42.92,3.5
2008/09,Championship / Second Division,Sheffield Wednesday,1035,0.1,17,0.0,18,0.1,-1.28,42.92,3.2
2008/09,Championship / Second Division,Plymouth Argyle,2262,2.19,32,2.5,30,-0.31,-1.28,42.92,2.3
2008/09,Championship / Second Division,Norwich City,1123,1.75,27,2.15,36,-0.4,-1.28,42.92,2.1
2008/09,Championship / Second Division,Burnley FC,1132,4.03,16,4.5,17,-0.47,-1.28,42.92,1.9
2008/09,Championship / Second Division,Southampton FC,180,2.03,35,3.38,26,-1.35,-1.28,42.92,-0.2
2008/09,Championship / Second Division,Crystal Palace,873,3.51,25,6.0,26,-2.49,-1.28,42.92,-2.8
2008/09,Championship / Second Division,Derby County,22,4.85,41,7.7,42,-2.85,-1.28,42.92,-3.6
2008/09,Championship / Second Division,Sheffield United,350,7.11,35,11.78,42,-4.67,-1.28,42.92,-7.9
2008/09,Championship / Second Division,Charlton Athletic,358,1.27,46,6.6,48,-5.33,-1.28,42.92,-9.4
2008/09,Championship / Second Division,Watford FC,1010,0.36,29,6.0,35,-5.64,-1.28,42.92,-10.2
2008/09,Championship / Second Division,Birmingham City,337,3.5,33,10.88,32,-7.38,-1.28,42.92,-14.2
2008/09,Championship / Second Division,Cardiff City,603,1.23,20,9.88,23,-8.65,-1.28,42.92,-17.2
2008/09,Championship / Second Division,Reading FC,1032,2.76,38,16.9,43,-14.14,-1.28,42.92,-30.0
2009/10,Championship / Second Division,Ipswich Town,677,9.95,31,2.35,29,7.6,-3.24,29.26,37.0
2009/10,Championship / Second Division,Nottingham Forest,703,7.33,23,0.0,29,7.33,-3.24,29.26,36.1
2009/10,Championship / Second Division,Bristol City,698,2.8,34,0.3,34,2.5,-3.24,29.26,19.6
2009/10,Championship / Second Division,West Bromwich Albion,984,7.23,22,4.81,27,2.42,-3.24,29.26,19.3
2009/10,Championship / Second Division,Cardiff City,603,7.58,15,6.35,13,1.23,-3.24,29.26,15.3
2009/10,Championship / Second Division,Scunthorpe United,2964,1.02,24,0.17,19,0.85,-3.24,29.26,14.0
2009/10,Championship / Second Division,Leicester City,1003,2.01,29,1.2,30,0.81,-3.24,29.26,13.8
2009/10,Championship / Second Division,Peterborough United,1072,1.38,51,0.81,50,0.57,-3.24,29.26,13.0
2009/10,Championship / Second Division,Sheffield Wednesday,1035,0.4,18,0.21,23,0.19,-3.24,29.26,11.7
2009/10,Championship / Second Division,Swansea City,2288,2.78,22,2.68,17,0.1,-3.24,29.26,11.4
2009/10,Championship / Second Division,Blackpool FC,1181,1.14,31,1.2,27,-0.06,-3.24,29.26,10.9
2009/10,Championship / Second Division,Barnsley FC,349,0.56,24,0.7,26,-0.14,-3.24,29.26,10.6
2009/10,Championship / Second Division,Plymouth Argyle,2262,0.28,39,0.64,37,-0.37,-3.24,29.26,9.8
2009/10,Championship / Second Division,Preston North End,466,1.19,22,1.75,22,-0.56,-3.24,29.26,9.1
2009/10,Championship / Second Division,Queens Park Rangers,1039,4.0,32,5.03,36,-1.03,-3.24,29.26,7.5
2009/10,Championship / Second Division,Derby County,22,1.76,41,3.29,39,-1.53,-3.24,29.26,5.8
2009/10,Championship / Second Division,Doncaster Rovers,2454,1.09,23,3.41,24,-2.32,-3.24,29.26,3.1
2009/10,Championship / Second Division,Crystal Palace,873,0.0,19,4.4,24,-4.4,-3.24,29.26,-4.0
2009/10,Championship / Second Division,Coventry City,990,2.57,27,8.38,27,-5.81,-3.24,29.26,-8.8
2009/10,Championship / Second Division,Watford FC,1010,1.66,25,8.97,26,-7.31,-3.24,29.26,-13.9
2009/10,Championship / Second Division,Sheffield United,350,7.28,35,15.62,39,-8.34,-3.24,29.26,-17.4
2009/10,Championship / Second Division,Reading FC,1032,6.44,28,14.85,33,-8.41,-3.24,29.26,-17.7
2009/10,Championship / Second Division,Newcastle United,762,6.27,16,27.55,20,-21.28,-3.24,29.26,-61.7
2009/10,Championship / Second Division,Middlesbrough FC,641,7.29,22,47.0,25,-39.71,-3.24,29.26,-124.6
2010/11,Championship / Second Division,Queens Park Rangers,1039,5.99,43,0.0,32,5.99,-0.55,35.07,18.6
2010/11,Championship / Second Division,Norwich City,1123,4.98,27,0.22,24,4.77,-0.55,35.07,15.2
2010/11,Championship / Second Division,Leicester City,1003,5.49,38,2.99,40,2.5,-0.55,35.07,8.7
2010/11,Championship / Second Division,Bristol City,698,2.31,36,0.45,34,1.86,-0.55,35.07,6.9
2010/11,Championship / Second Division,Millwall FC,1028,1.64,33,0.22,29,1.41,-0.55,35.07,5.6
2010/11,Championship / Second Division,Doncaster Rovers,2454,1.38,24,0.0,23,1.38,-0.55,35.07,5.5
2010/11,Championship / Second Division,Barnsley FC,349,2.71,28,1.6,27,1.11,-0.55,35.07,4.7
2010/11,Championship / Second Division,Swansea City,2288,0.98,24,0.0,26,0.98,-0.55,35.07,4.4
2010/11,Championship / Second Division,Nottingham Forest,703,2.1,18,1.2,19,0.9,-0.55,35.07,4.1
2010/11,Championship / Second Division,Leeds United,399,1.0,31,0.28,32,0.72,-0.55,35.07,3.6
2010/11,Championship / Second Division,Watford FC,1010,0.72,29,0.0,29,0.72,-0.55,35.07,3.6
2010/11,Championship / Second Division,Coventry City,990,0.7,22,0.0,20,0.7,-0.55,35.07,3.6
2010/11,Championship / Second Division,Crystal Palace,873,1.02,30,0.4,27,0.62,-0.55,35.07,3.3
2010/11,Championship / Second Division,Derby County,22,1.61,35,1.33,32,0.28,-0.55,35.07,2.4
2010/11,Championship / Second Division,Cardiff City,603,0.12,28,0.45,28,-0.32,-0.55,35.07,0.6
2010/11,Championship / Second Division,Burnley FC,1132,6.33,19,7.2,26,-0.87,-0.55,35.07,-0.9
2010/11,Championship / Second Division,Middlesbrough FC,641,7.21,24,8.45,20,-1.24,-0.55,35.07,-2.0
2010/11,Championship / Second Division,Preston North End,466,1.48,32,3.53,31,-2.05,-0.55,35.07,-4.3
2010/11,Championship / Second Division,Scunthorpe United,2964,1.36,33,3.47,35,-2.11,-0.55,35.07,-4.4
2010/11,Championship / Second Division,Sheffield United,350,0.28,37,2.53,33,-2.26,-0.55,35.07,-4.9
2010/11,Championship / Second Division,Ipswich Town,677,1.89,30,4.54,31,-2.65,-0.55,35.07,-6.0
2010/11,Championship / Second Division,Hull City,3008,5.08,41,9.0,43,-3.92,-0.55,35.07,-9.6
2010/11,Championship / Second Division,Reading FC,1032,1.53,38,7.07,37,-5.54,-0.55,35.07,-14.2
2010/11,Championship / Second Division,Portsmouth FC,1020,0.0,25,16.18,35,-16.18,-0.55,35.07,-44.6
2011/12,Championship / Second Division,Leicester City,1003,17.95,35,1.25,36,16.7,-2.69,32.16,60.3
2011/12,Championship / Second Division,Portsmouth FC,1020,5.11,37,0.78,37,4.33,-2.69,32.16,21.8
2011/12,Championship / Second Division,Brighton & Hove Albion,1237,6.03,29,1.87,26,4.16,-2.69,32.16,21.3
2011/12,Championship / Second Division,Derby County,22,3.43,27,0.88,34,2.55,-2.69,32.16,16.3
2011/12,Championship / Second Division,West Ham United,379,12.09,36,10.2,36,1.89,-2.69,32.16,14.3
2011/12,Championship / Second Division,Hull City,3008,1.61,31,0.0,29,1.61,-2.69,32.16,13.4
2011/12,Championship / Second Division,Cardiff City,603,2.84,29,1.93,22,0.91,-2.69,32.16,11.2
2011/12,Championship / Second Division,Crystal Palace,873,0.77,26,0.0,24,0.77,-2.69,32.16,10.8
2011/12,Championship / Second Division,Barnsley FC,349,1.29,30,1.73,28,-0.44,-2.69,32.16,7.0
2011/12,Championship / Second Division,Nottingham Forest,703,2.05,26,3.15,27,-1.1,-2.69,32.16,5.0
2011/12,Championship / Second Division,Millwall FC,1028,1.37,39,3.15,36,-1.78,-2.69,32.16,2.8
2011/12,Championship / Second Division,Coventry City,990,0.55,14,2.35,18,-1.8,-2.69,32.16,2.8
2011/12,Championship / Second Division,Bristol City,698,0.4,28,2.26,32,-1.86,-2.69,32.16,2.6
2011/12,Championship / Second Division,Doncaster Rovers,2454,0.22,36,2.15,33,-1.92,-2.69,32.16,2.4
2011/12,Championship / Second Division,Burnley FC,1132,3.03,32,5.75,32,-2.72,-2.69,32.16,-0.1
2011/12,Championship / Second Division,Middlesbrough FC,641,1.6,31,4.8,25,-3.2,-2.69,32.16,-1.6
2011/12,Championship / Second Division,Leeds United,399,0.92,31,4.78,30,-3.86,-2.69,32.16,-3.6
2011/12,Championship / Second Division,Ipswich Town,677,3.29,23,9.0,30,-5.71,-2.69,32.16,-9.4
2011/12,Championship / Second Division,Peterborough United,1072,0.64,32,6.95,39,-6.32,-2.69,32.16,-11.3
2011/12,Championship / Second Division,Watford FC,1010,1.41,39,8.6,37,-7.19,-2.69,32.16,-14.0
2011/12,Championship / Second Division,Southampton FC,180,6.81,23,14.34,23,-7.53,-2.69,32.16,-15.0
2011/12,Championship / Second Division,Blackpool FC,1181,2.03,49,10.65,49,-8.62,-2.69,32.16,-18.4
2011/12,Championship / Second Division,Reading FC,1032,1.99,33,11.3,34,-9.31,-2.69,32.16,-20.6
2011/12,Championship / Second Division,Birmingham City,337,0.57,30,34.78,34,-34.21,-2.69,32.16,-98.0
2012/13,Championship / Second Division,Cardiff City,603,13.08,28,1.54,26,11.54,-0.75,38.75,31.7
2012/13,Championship / Second Division,Hull City,3008,8.44,39,0.0,37,8.44,-0.75,38.75,23.7
2012/13,Championship / Second Division,Blackburn Rovers,164,17.38,41,11.4,39,5.98,-0.75,38.75,17.4
2012/13,Championship / Second Division,Bolton Wanderers,355,3.49,29,0.0,33,3.49,-0.75,38.75,11.0
2012/13,Championship / Second Division,Nottingham Forest,703,6.14,34,3.0,32,3.14,-0.75,38.75,10.0
2012/13,Championship / Second Division,Ipswich Town,677,2.87,35,0.0,35,2.87,-0.75,38.75,9.4
2012/13,Championship / Second Division,Bristol City,698,2.9,29,0.63,26,2.27,-0.75,38.75,7.8
2012/13,Championship / Second Division,Leicester City,1003,5.87,29,4.15,27,1.72,-0.75,38.75,6.4
2012/13,Championship / Second Division,Peterborough United,1072,3.78,40,2.25,35,1.53,-0.75,38.75,5.9
2012/13,Championship / Second Division,Charlton Athletic,358,1.26,37,0.0,32,1.26,-0.75,38.75,5.2
2012/13,Championship / Second Division,Derby County,22,3.62,23,2.37,22,1.25,-0.75,38.75,5.2
2012/13,Championship / Second Division,Millwall FC,1028,1.24,30,0.0,32,1.24,-0.75,38.75,5.1
2012/13,Championship / Second Division,Sheffield Wednesday,1035,1.31,41,0.3,39,1.01,-0.75,38.75,4.6
2012/13,Championship / Second Division,Brighton & Hove Albion,1237,2.18,26,1.51,28,0.67,-0.75,38.75,3.7
2012/13,Championship / Second Division,Blackpool FC,1181,0.25,32,0.38,29,-0.13,-0.75,38.75,1.6
2012/13,Championship / Second Division,Middlesbrough FC,641,1.28,17,3.15,20,-1.87,-0.75,38.75,-2.9
2012/13,Championship / Second Division,Leeds United,399,2.37,41,4.75,35,-2.38,-0.75,38.75,-4.2
2012/13,Championship / Second Division,Barnsley FC,349,0.0,29,3.87,24,-3.87,-0.75,38.75,-8.0
2012/13,Championship / Second Division,Watford FC,1010,0.0,43,3.99,35,-3.99,-0.75,38.75,-8.4
2012/13,Championship / Second Division,Burnley FC,1132,2.3,26,8.65,23,-6.35,-0.75,38.75,-14.4
2012/13,Championship / Second Division,Huddersfield Town,1110,3.46,34,10.1,28,-6.64,-0.75,38.75,-15.2
2012/13,Championship / Second Division,Birmingham City,337,0.32,31,10.1,30,-9.78,-0.75,38.75,-23.3
2012/13,Championship / Second Division,Crystal Palace,873,1.73,28,16.39,27,-14.66,-0.75,38.75,-35.9
2012/13,Championship / Second Division,Wolverhampton Wanderers,543,15.33,34,30.17,32,-14.84,-0.75,38.75,-36.3
2013/14,Championship / Second Division,Nottingham Forest,703,8.65,33,3.5,24,5.15,-1.38,46.22,14.1
2013/14,Championship / Second Division,AFC Bournemouth,989,4.06,37,0.0,34,4.06,-1.38,46.22,11.8
2013/14,Championship / Second Division,Middlesbrough FC,641,2.39,31,0.0,31,2.39,-1.38,46.22,8.2
2013/14,Championship / Second Division,Leeds United,399,2.27,24,0.0,25,2.27,-1.38,46.22,7.9
2013/14,Championship / Second Division,Bolton Wanderers,355,2.13,37,0.0,35,2.13,-1.38,46.22,7.6
2013/14,Championship / Second Division,Huddersfield Town,1110,3.18,32,2.35,35,0.83,-1.38,46.22,4.8
2013/14,Championship / Second Division,Barnsley FC,349,0.55,44,0.0,42,0.55,-1.38,46.22,4.2
2013/14,Championship / Second Division,Sheffield Wednesday,1035,0.41,37,0.0,34,0.41,-1.38,46.22,3.9
2013/14,Championship / Second Division,Doncaster Rovers,2454,0.18,31,0.0,27,0.18,-1.38,46.22,3.4
2013/14,Championship / Second Division,Ipswich Town,677,0.04,26,0.0,26,0.04,-1.38,46.22,3.1
2013/14,Championship / Second Division,Millwall FC,1028,0.0,50,0.0,42,0.0,-1.38,46.22,3.0
2013/14,Championship / Second Division,Yeovil Town,972,0.0,35,0.25,34,-0.25,-1.38,46.22,2.4
2013/14,Championship / Second Division,Leicester City,1003,0.5,24,1.15,23,-0.65,-1.38,46.22,1.6
2013/14,Championship / Second Division,Derby County,22,1.65,37,2.68,34,-1.03,-1.38,46.22,0.8
2013/14,Championship / Second Division,Watford FC,1010,0.0,33,2.08,41,-2.08,-1.38,46.22,-1.5
2013/14,Championship / Second Division,Charlton Athletic,358,0.5,40,2.62,38,-2.12,-1.38,46.22,-1.6
2013/14,Championship / Second Division,Reading FC,1032,2.0,16,5.13,24,-3.13,-1.38,46.22,-3.8
2013/14,Championship / Second Division,Blackburn Rovers,164,2.27,49,5.43,45,-3.16,-1.38,46.22,-3.9
2013/14,Championship / Second Division,Brighton & Hove Albion,1237,2.0,21,5.2,27,-3.2,-1.38,46.22,-3.9
2013/14,Championship / Second Division,Queens Park Rangers,1039,11.83,45,15.05,41,-3.22,-1.38,46.22,-4.0
2013/14,Championship / Second Division,Burnley FC,1132,0.55,25,4.65,26,-4.11,-1.38,46.22,-5.9
2013/14,Championship / Second Division,Birmingham City,337,0.0,38,4.95,36,-4.95,-1.38,46.22,-7.7
2013/14,Championship / Second Division,Blackpool FC,1181,0.58,45,5.8,47,-5.22,-1.38,46.22,-8.3
2013/14,Championship / Second Division,Wigan Athletic,1071,6.41,36,24.41,36,-18.0,-1.38,46.22,-36.0
2014/15,Championship / Second Division,Watford FC,1010,9.0,34,0.55,34,8.45,-0.99,61.71,15.3
2014/15,Championship / Second Division,Middlesbrough FC,641,11.11,37,6.15,40,4.96,-0.99,61.71,9.6
2014/15,Championship / Second Division,Charlton Athletic,358,3.8,46,0.0,44,3.8,-0.99,61.71,7.8
2014/15,Championship / Second Division,Blackburn Rovers,164,3.03,27,0.0,35,3.03,-0.99,61.71,6.5
2014/15,Championship / Second Division,Derby County,22,3.01,33,0.0,33,3.01,-0.99,61.71,6.5
2014/15,Championship / Second Division,Wolverhampton Wanderers,543,3.85,32,1.83,34,2.02,-0.99,61.71,4.9
2014/15,Championship / Second Division,Brentford FC,1148,5.6,32,3.8,30,1.8,-0.99,61.71,4.5
2014/15,Championship / Second Division,AFC Bournemouth,989,4.82,28,3.7,27,1.12,-0.99,61.71,3.4
2014/15,Championship / Second Division,Norwich City,1123,20.34,26,19.38,27,0.96,-0.99,61.71,3.2
2014/15,Championship / Second Division,Sheffield Wednesday,1035,2.5,30,1.9,29,0.6,-0.99,61.71,2.6
2014/15,Championship / Second Division,Millwall FC,1028,0.31,34,0.13,36,0.18,-0.99,61.71,1.9
2014/15,Championship / Second Division,Rotherham United,1194,1.0,50,1.17,57,-0.17,-0.99,61.71,1.3
2014/15,Championship / Second Division,Nottingham Forest,703,10.2,30,10.6,37,-0.4,-0.99,61.71,0.9
2014/15,Championship / Second Division,Fulham FC,931,17.43,40,17.9,42,-0.47,-0.99,61.71,0.8
2014/15,Championship / Second Division,Bolton Wanderers,355,0.01,49,0.63,48,-0.62,-0.99,61.71,0.6
2014/15,Championship / Second Division,Birmingham City,337,0.0,42,1.26,41,-1.26,-0.99,61.71,-0.4
2014/15,Championship / Second Division,Blackpool FC,1181,0.0,54,1.95,59,-1.95,-0.99,61.71,-1.6
2014/15,Championship / Second Division,Huddersfield Town,1110,0.47,30,3.85,38,-3.38,-0.99,61.71,-3.9
2014/15,Championship / Second Division,Leeds United,399,9.11,26,12.83,26,-3.72,-0.99,61.71,-4.4
2014/15,Championship / Second Division,Wigan Athletic,1071,14.15,30,18.41,38,-4.26,-0.99,61.71,-5.3
2014/15,Championship / Second Division,Ipswich Town,677,0.14,41,4.75,32,-4.62,-0.99,61.71,-5.9
2014/15,Championship / Second Division,Brighton & Hove Albion,1237,3.8,32,13.22,34,-9.42,-0.99,61.71,-13.7
2014/15,Championship / Second Division,Reading FC,1032,2.1,29,12.44,27,-10.34,-0.99,61.71,-15.2
2014/15,Championship / Second Division,Cardiff City,603,18.77,36,31.75,37,-12.98,-0.99,61.71,-19.4
2015/16,Championship / Second Division,Derby County,22,34.06,24,0.0,21,34.06,-0.42,73.63,46.8
2015/16,Championship / Second Division,Middlesbrough FC,641,33.4,28,7.1,30,26.3,-0.42,73.63,36.3
2015/16,Championship / Second Division,Sheffield Wednesday,1035,15.46,24,1.36,28,14.1,-0.42,73.63,19.7
2015/16,Championship / Second Division,Brighton & Hove Albion,1237,13.47,30,0.0,25,13.47,-0.42,73.63,18.9
2015/16,Championship / Second Division,Queens Park Rangers,1039,17.41,41,11.8,40,5.61,-0.42,73.63,8.2
2015/16,Championship / Second Division,Burnley FC,1132,25.71,22,20.7,23,5.01,-0.42,73.63,7.4
2015/16,Championship / Second Division,Bristol City,698,3.72,26,0.25,25,3.47,-0.42,73.63,5.3
2015/16,Championship / Second Division,Leeds United,399,6.97,21,5.51,27,1.46,-0.42,73.63,2.6
2015/16,Championship / Second Division,Preston North End,466,1.24,30,0.0,33,1.24,-0.42,73.63,2.3
2015/16,Championship / Second Division,Rotherham United,1194,0.0,46,0.0,37,0.0,-0.42,73.63,0.6
2015/16,Championship / Second Division,Milton Keynes Dons,991,0.0,35,0.2,34,-0.2,-0.42,73.63,0.3
2015/16,Championship / Second Division,Fulham FC,931,8.67,30,9.52,31,-0.85,-0.42,73.63,-0.6
2015/16,Championship / Second Division,Charlton Athletic,358,4.75,39,5.9,41,-1.15,-0.42,73.63,-1.0
2015/16,Championship / Second Division,Bolton Wanderers,355,0.0,27,1.77,34,-1.77,-0.42,73.63,-1.8
2015/16,Championship / Second Division,Birmingham City,337,3.04,29,5.1,28,-2.06,-0.42,73.63,-2.2
2015/16,Championship / Second Division,Reading FC,1032,6.2,33,8.8,36,-2.6,-0.42,73.63,-3.0
2015/16,Championship / Second Division,Wolverhampton Wanderers,543,9.34,32,15.08,32,-5.74,-0.42,73.63,-7.2
2015/16,Championship / Second Division,Cardiff City,603,0.0,28,5.9,33,-5.9,-0.42,73.63,-7.4
2015/16,Championship / Second Division,Nottingham Forest,703,0.0,23,9.5,24,-9.5,-0.42,73.63,-12.3
2015/16,Championship / Second Division,Huddersfield Town,1110,0.64,29,10.4,32,-9.76,-0.42,73.63,-12.7
2015/16,Championship / Second Division,Ipswich Town,677,0.51,26,11.4,29,-10.89,-0.42,73.63,-14.2
2015/16,Championship / Second Division,Brentford FC,1148,10.39,22,25.51,32,-15.12,-0.42,73.63,-20.0
2015/16,Championship / Second Division,Hull City,3008,11.45,14,35.15,23,-23.7,-0.42,73.63,-31.6
2015/16,Championship / Second Division,Blackburn Rovers,164,0.0,20,25.58,26,-25.58,-0.42,73.63,-34.2
2016/17,Championship / Second Division,Aston Villa,405,85.5,22,45.8,25,39.7,0.08,83.35,47.5
2016/17,Championship / Second Division,Wolverhampton Wanderers,543,36.1,31,2.99,26,33.11,0.08,83.35,39.6
2016/17,Championship / Second Division,Sheffield Wednesday,1035,10.9,22,0.0,19,10.9,0.08,83.35,13.0
2016/17,Championship / Second Division,Birmingham City,337,10.09,27,0.2,30,9.89,0.08,83.35,11.8
2016/17,Championship / Second Division,Brighton & Hove Albion,1237,8.75,21,0.0,21,8.75,0.08,83.35,10.4
2016/17,Championship / Second Division,Reading FC,1032,8.94,31,5.9,26,3.04,0.08,83.35,3.5
2016/17,Championship / Second Division,Huddersfield Town,1110,4.45,21,1.45,21,3.0,0.08,83.35,3.5
2016/17,Championship / Second Division,Fulham FC,931,25.55,30,23.78,33,1.77,0.08,83.35,2.0
2016/17,Championship / Second Division,Rotherham United,1194,1.43,33,0.0,32,1.43,0.08,83.35,1.6
2016/17,Championship / Second Division,Derby County,22,17.27,16,16.26,20,1.01,0.08,83.35,1.1
2016/17,Championship / Second Division,Leeds United,399,8.58,23,7.58,19,1.0,0.08,83.35,1.1
2016/17,Championship / Second Division,Burton Albion,2963,0.36,28,0.0,29,0.36,0.08,83.35,0.3
2016/17,Championship / Second Division,Preston North End,466,0.3,20,1.73,19,-1.43,0.08,83.35,-1.8
2016/17,Championship / Second Division,Bristol City,698,12.6,30,14.22,26,-1.62,0.08,83.35,-2.0
2016/17,Championship / Second Division,Ipswich Town,677,1.79,16,3.5,17,-1.71,0.08,83.35,-2.2
2016/17,Championship / Second Division,Cardiff City,603,4.3,28,6.98,30,-2.68,0.08,83.35,-3.3
2016/17,Championship / Second Division,Queens Park Rangers,1039,12.87,26,16.88,34,-4.01,0.08,83.35,-4.9
2016/17,Championship / Second Division,Wigan Athletic,1071,1.99,41,8.2,40,-6.21,0.08,83.35,-7.6
2016/17,Championship / Second Division,Brentford FC,1148,5.15,11,14.4,13,-9.25,0.08,83.35,-11.2
2016/17,Championship / Second Division,Norwich City,1123,26.45,18,36.7,18,-10.25,0.08,83.35,-12.4
2016/17,Championship / Second Division,Barnsley FC,349,2.54,35,13.48,33,-10.94,0.08,83.35,-13.2
2016/17,Championship / Second Division,Blackburn Rovers,164,0.2,20,13.25,24,-13.05,0.08,83.35,-15.8
2016/17,Championship / Second Division,Nottingham Forest,703,4.46,31,18.6,27,-14.14,0.08,83.35,-17.1
2016/17,Championship / Second Division,Newcastle United,762,64.25,24,100.88,26,-36.63,0.08,83.35,-44.1
2017/18,Championship / Second Division,Wolverhampton Wanderers,543,24.61,33,6.32,34,18.29,-0.96,109.31,17.6
2017/18,Championship / Second Division,Sheffield Wednesday,1035,15.2,14,0.0,14,15.2,-0.96,109.31,14.8
2017/18,Championship / Second Division,Birmingham City,337,17.65,27,4.7,29,12.95,-0.96,109.31,12.7
2017/18,Championship / Second Division,Reading FC,1032,14.1,17,2.87,25,11.23,-0.96,109.31,11.2
2017/18,Championship / Second Division,Leeds United,399,28.43,31,17.5,26,10.93,-0.96,109.31,10.9
2017/18,Championship / Second Division,Bristol City,698,13.43,28,3.3,22,10.13,-0.96,109.31,10.1
2017/18,Championship / Second Division,Cardiff City,603,12.67,33,2.65,27,10.02,-0.96,109.31,10.0
2017/18,Championship / Second Division,Sheffield United,350,5.64,25,0.0,20,5.64,-0.96,109.31,6.0
2017/18,Championship / Second Division,Fulham FC,931,22.43,18,18.2,28,4.23,-0.96,109.31,4.7
2017/18,Championship / Second Division,Ipswich Town,677,3.53,22,0.85,22,2.68,-0.96,109.31,3.3
2017/18,Championship / Second Division,Barnsley FC,349,6.39,35,4.8,34,1.59,-0.96,109.31,2.3
2017/18,Championship / Second Division,Middlesbrough FC,641,55.65,26,54.3,29,1.35,-0.96,109.31,2.1
2017/18,Championship / Second Division,Millwall FC,1028,1.02,25,0.0,23,1.02,-0.96,109.31,1.8
2017/18,Championship / Second Division,Queens Park Rangers,1039,0.7,19,0.0,20,0.7,-0.96,109.31,1.5
2017/18,Championship / Second Division,Burton Albion,2963,1.02,27,2.15,25,-1.13,-0.96,109.31,-0.2
2017/18,Championship / Second Division,Brentford FC,1148,11.32,15,15.17,12,-3.85,-0.96,109.31,-2.6
2017/18,Championship / Second Division,Bolton Wanderers,355,0.0,22,6.89,23,-6.89,-0.96,109.31,-5.4
2017/18,Championship / Second Division,Preston North End,466,2.38,19,10.65,16,-8.27,-0.96,109.31,-6.7
2017/18,Championship / Second Division,Derby County,22,12.27,19,21.28,18,-9.01,-0.96,109.31,-7.4
2017/18,Championship / Second Division,Nottingham Forest,703,7.26,33,17.1,31,-9.84,-0.96,109.31,-8.1
2017/18,Championship / Second Division,Aston Villa,405,2.8,18,17.83,18,-15.03,-0.96,109.31,-12.9
2017/18,Championship / Second Division,Norwich City,1123,15.72,29,33.64,33,-17.92,-0.96,109.31,-15.5
2017/18,Championship / Second Division,Hull City,3008,19.85,24,45.17,28,-25.32,-0.96,109.31,-22.3
2017/18,Championship / Second Division,Sunderland AFC,289,1.41,22,33.14,27,-31.73,-0.96,109.31,-28.1
2018/19,Championship / Second Division,Stoke City,512,62.9,22,30.15,25,32.75,-4.72,83.64,44.8
2018/19,Championship / Second Division,Nottingham Forest,703,29.69,38,9.51,36,20.18,-4.72,83.64,29.8
2018/19,Championship / Second Division,Blackburn Rovers,164,10.2,20,0.0,17,10.2,-4.72,83.64,17.8
2018/19,Championship / Second Division,Leeds United,399,11.4,25,7.55,29,3.85,-4.72,83.64,10.2
2018/19,Championship / Second Division,Aston Villa,405,19.1,25,16.15,26,2.95,-4.72,83.64,9.2
2018/19,Championship / Second Division,Birmingham City,337,2.5,25,0.0,25,2.5,-4.72,83.64,8.6
2018/19,Championship / Second Division,Hull City,3008,2.4,16,0.0,20,2.4,-4.72,83.64,8.5
2018/19,Championship / Second Division,Bolton Wanderers,355,0.22,24,0.0,24,0.22,-4.72,83.64,5.9
2018/19,Championship / Second Division,Rotherham United,1194,0.0,22,0.0,20,0.0,-4.72,83.64,5.6
2018/19,Championship / Second Division,Preston North End,466,3.63,27,4.0,23,-0.37,-4.72,83.64,5.2
2018/19,Championship / Second Division,Derby County,22,13.98,25,14.45,23,-0.47,-4.72,83.64,5.1
2018/19,Championship / Second Division,Reading FC,1032,5.25,29,5.85,31,-0.6,-4.72,83.64,4.9
2018/19,Championship / Second Division,Wigan Athletic,1071,5.65,27,6.95,30,-1.3,-4.72,83.64,4.1
2018/19,Championship / Second Division,Sheffield Wednesday,1035,0.0,12,1.7,9,-1.7,-4.72,83.64,3.6
2018/19,Championship / Second Division,Queens Park Rangers,1039,0.0,18,4.0,23,-4.0,-4.72,83.64,0.9
2018/19,Championship / Second Division,Millwall FC,1028,3.2,18,7.8,26,-4.6,-4.72,83.64,0.1
2018/19,Championship / Second Division,Sheffield United,350,6.7,27,12.4,31,-5.7,-4.72,83.64,-1.2
2018/19,Championship / Second Division,Ipswich Town,677,3.43,28,11.0,26,-7.57,-4.72,83.64,-3.4
2018/19,Championship / Second Division,West Bromwich Albion,984,15.19,21,26.6,24,-11.41,-4.72,83.64,-8.0
2018/19,Championship / Second Division,Bristol City,698,10.15,22,29.5,24,-19.35,-4.72,83.64,-17.5
2018/19,Championship / Second Division,Middlesbrough FC,641,21.5,23,48.09,26,-26.59,-4.72,83.64,-26.1
2018/19,Championship / Second Division,Brentford FC,1148,6.55,16,34.95,16,-28.4,-4.72,83.64,-28.3
2018/19,Championship / Second Division,Norwich City,1123,5.45,26,37.6,22,-32.15,-4.72,83.64,-32.8
2018/19,Championship / Second Division,Swansea City,2288,7.15,20,51.25,21,-44.1,-4.72,83.64,-47.1
2019/20,Championship / Second Division,Reading FC,1032,12.9,25,0.85,21,12.05,-6.56,90.7,20.5
2019/20,Championship / Second Division,Fulham FC,931,37.0,16,28.5,16,8.5,-6.56,90.7,16.6
2019/20,Championship / Second Division,Wigan Athletic,1071,7.93,21,0.0,19,7.93,-6.56,90.7,16.0
2019/20,Championship / Second Division,Derby County,22,8.2,16,1.35,22,6.85,-6.56,90.7,14.8
2019/20,Championship / Second Division,Stoke City,512,6.7,21,1.28,22,5.42,-6.56,90.7,13.2
2019/20,Championship / Second Division,Blackburn Rovers,164,6.5,12,3.35,11,3.15,-6.56,90.7,10.7
2019/20,Championship / Second Division,Millwall FC,1028,1.95,17,0.0,15,1.95,-6.56,90.7,9.4
2019/20,Championship / Second Division,Brentford FC,1148,34.71,22,34.26,17,0.45,-6.56,90.7,7.7
2019/20,Championship / Second Division,Cardiff City,603,18.02,18,19.8,22,-1.78,-6.56,90.7,5.3
2019/20,Championship / Second Division,Barnsley FC,349,6.35,22,8.3,19,-1.95,-6.56,90.7,5.1
2019/20,Championship / Second Division,Charlton Athletic,358,0.22,25,2.2,21,-1.98,-6.56,90.7,5.1
2019/20,Championship / Second Division,Sheffield Wednesday,1035,1.1,14,5.4,17,-4.3,-6.56,90.7,2.5
2019/20,Championship / Second Division,Preston North End,466,2.2,21,7.8,21,-5.6,-6.56,90.7,1.1
2019/20,Championship / Second Division,Queens Park Rangers,1039,0.06,21,8.4,22,-8.34,-6.56,90.7,-2.0
2019/20,Championship / Second Division,Luton Town,1031,1.82,20,11.15,16,-9.33,-6.56,90.7,-3.1
2019/20,Championship / Second Division,Nottingham Forest,703,8.0,21,17.75,32,-9.75,-6.56,90.7,-3.5
2019/20,Championship / Second Division,Middlesbrough FC,641,3.52,17,14.15,11,-10.63,-6.56,90.7,-4.5
2019/20,Championship / Second Division,Birmingham City,337,10.28,22,23.8,22,-13.52,-6.56,90.7,-7.7
2019/20,Championship / Second Division,West Bromwich Albion,984,21.5,19,37.27,14,-15.77,-6.56,90.7,-10.2
2019/20,Championship / Second Division,Bristol City,698,32.95,33,48.74,27,-15.79,-6.56,90.7,-10.2
2019/20,Championship / Second Division,Huddersfield Town,1110,13.0,30,29.1,26,-16.1,-6.56,90.7,-10.5
2019/20,Championship / Second Division,Hull City,3008,3.69,21,22.25,19,-18.56,-6.56,90.7,-13.2
2019/20,Championship / Second Division,Leeds United,399,0.29,25,31.51,26,-31.22,-6.56,90.7,-27.2
2019/20,Championship / Second Division,Swansea City,2288,0.55,20,39.7,23,-39.15,-6.56,90.7,-35.9
2020/21,Championship / Second Division,Coventry City,990,4.72,22,0.0,23,4.72,-13.34,81.16,22.2
2020/21,Championship / Second Division,Middlesbrough FC,641,4.32,17,0.44,21,3.88,-13.34,81.16,21.2
2020/21,Championship / Second Division,Reading FC,1032,3.9,16,1.6,20,2.3,-13.34,81.16,19.3
2020/21,Championship / Second Division,Cardiff City,603,4.8,18,2.77,22,2.03,-13.34,81.16,18.9
2020/21,Championship / Second Division,Blackburn Rovers,164,1.81,18,0.0,19,1.81,-13.34,81.16,18.7
2020/21,Championship / Second Division,Sheffield Wednesday,1035,1.11,14,0.0,19,1.11,-13.34,81.16,17.8
2020/21,Championship / Second Division,Barnsley FC,349,3.0,22,2.2,24,0.8,-13.34,81.16,17.4
2020/21,Championship / Second Division,Nottingham Forest,703,16.54,23,15.75,23,0.79,-13.34,81.16,17.4
2020/21,Championship / Second Division,Preston North End,466,3.15,23,2.55,26,0.6,-13.34,81.16,17.2
2020/21,Championship / Second Division,Rotherham United,1194,0.78,24,0.2,20,0.58,-13.34,81.16,17.1
2020/21,Championship / Second Division,Stoke City,512,2.2,30,1.88,27,0.32,-13.34,81.16,16.8
2020/21,Championship / Second Division,Millwall FC,1028,0.0,10,0.0,12,0.0,-13.34,81.16,16.4
2020/21,Championship / Second Division,Luton Town,1031,0.0,21,0.0,25,0.0,-13.34,81.16,16.4
2020/21,Championship / Second Division,Wycombe Wanderers,2805,0.0,19,0.0,17,0.0,-13.34,81.16,16.4
2020/21,Championship / Second Division,Bristol City,698,0.0,19,4.1,22,-4.1,-13.34,81.16,11.4
2020/21,Championship / Second Division,Derby County,22,4.3,23,8.5,25,-4.2,-13.34,81.16,11.3
2020/21,Championship / Second Division,Queens Park Rangers,1039,7.1,29,18.59,26,-11.49,-13.34,81.16,2.3
2020/21,Championship / Second Division,Swansea City,2288,1.96,28,16.25,30,-14.29,-13.34,81.16,-1.2
2020/21,Championship / Second Division,Birmingham City,337,8.34,28,32.85,28,-24.51,-13.34,81.16,-13.8
2020/21,Championship / Second Division,Huddersfield Town,1110,0.7,25,30.9,22,-30.2,-13.34,81.16,-20.8
2020/21,Championship / Second Division,Norwich City,1123,13.29,27,44.0,24,-30.71,-13.34,81.16,-21.4
2020/21,Championship / Second Division,Brentford FC,1148,7.3,13,62.0,19,-54.7,-13.34,81.16,-51.0
2020/21,Championship / Second Division,Watford FC,1010,0.0,28,72.0,25,-72.0,-13.34,81.16,-72.3
2020/21,Championship / Second Division,AFC Bournemouth,989,0.7,15,93.55,21,-92.85,-13.34,81.16,-98.0
2021/22,Championship / Second Division,Fulham FC,931,22.0,13,6.2,16,15.8,-2.3,85.86,21.1
2021/22,Championship / Second Division,Middlesbrough FC,641,12.56,28,1.8,21,10.76,-2.3,85.86,15.2
2021/22,Championship / Second Division,Nottingham Forest,703,7.99,22,0.88,26,7.12,-2.3,85.86,11.0
2021/22,Championship / Second Division,Blackpool FC,1181,2.0,23,0.0,23,2.0,-2.3,85.86,5.0
2021/22,Championship / Second Division,Queens Park Rangers,1039,1.85,25,0.0,23,1.85,-2.3,85.86,4.8
2021/22,Championship / Second Division,Millwall FC,1028,1.8,11,0.0,15,1.8,-2.3,85.86,4.8
2021/22,Championship / Second Division,Bristol City,698,1.6,14,0.0,18,1.6,-2.3,85.86,4.5
2021/22,Championship / Second Division,Preston North End,466,1.4,21,0.0,23,1.4,-2.3,85.86,4.3
2021/22,Championship / Second Division,Swansea City,2288,5.92,23,4.6,22,1.32,-2.3,85.86,4.2
2021/22,Championship / Second Division,Coventry City,990,1.2,11,0.0,16,1.2,-2.3,85.86,4.1
2021/22,Championship / Second Division,Hull City,3008,0.86,25,0.0,22,0.86,-2.3,85.86,3.7
2021/22,Championship / Second Division,Barnsley FC,349,1.2,18,0.88,19,0.32,-2.3,85.86,3.1
2021/22,Championship / Second Division,Birmingham City,337,0.0,24,0.35,29,-0.35,-2.3,85.86,2.3
2021/22,Championship / Second Division,Luton Town,1031,0.0,17,0.5,17,-0.5,-2.3,85.86,2.1
2021/22,Championship / Second Division,Peterborough United,1072,2.67,25,4.14,24,-1.47,-2.3,85.86,1.0
2021/22,Championship / Second Division,Huddersfield Town,1110,0.0,23,2.3,26,-2.3,-2.3,85.86,-0.0
2021/22,Championship / Second Division,Cardiff City,603,2.34,21,5.2,22,-2.86,-2.3,85.86,-0.7
2021/22,Championship / Second Division,Derby County,22,0.0,16,4.14,20,-4.14,-2.3,85.86,-2.1
2021/22,Championship / Second Division,Reading FC,1032,0.0,16,9.35,18,-9.35,-2.3,85.86,-8.2
2021/22,Championship / Second Division,Stoke City,512,4.65,29,16.15,30,-11.5,-2.3,85.86,-10.7
2021/22,Championship / Second Division,AFC Bournemouth,989,14.74,21,26.9,18,-12.16,-2.3,85.86,-11.5
2021/22,Championship / Second Division,West Bromwich Albion,984,8.63,14,21.08,21,-12.45,-2.3,85.86,-11.8
2021/22,Championship / Second Division,Blackburn Rovers,164,1.36,17,17.7,18,-16.34,-2.3,85.86,-16.4
2021/22,Championship / Second Division,Sheffield United,350,0.3,16,28.0,19,-27.7,-2.3,85.86,-29.6
2022/23,Championship / Second Division,Norwich City,1123,15.0,15,4.07,22,10.93,-4.63,159.22,9.8
2022/23,Championship / Second Division,Sunderland AFC,289,6.06,18,0.0,15,6.06,-4.63,159.22,6.7
2022/23,Championship / Second Division,Blackburn Rovers,164,4.75,16,0.0,16,4.75,-4.63,159.22,5.9
2022/23,Championship / Second Division,Sheffield United,350,4.5,16,0.0,15,4.5,-4.63,159.22,5.7
2022/23,Championship / Second Division,Millwall FC,1028,2.5,18,0.0,15,2.5,-4.63,159.22,4.5
2022/23,Championship / Second Division,Luton Town,1031,2.67,23,0.85,19,1.82,-4.63,159.22,4.0
2022/23,Championship / Second Division,Birmingham City,337,2.21,19,0.6,18,1.61,-4.63,159.22,3.9
2022/23,Championship / Second Division,West Bromwich Albion,984,1.35,18,0.0,12,1.35,-4.63,159.22,3.8
2022/23,Championship / Second Division,Cardiff City,603,0.66,25,0.0,20,0.66,-4.63,159.22,3.3
2022/23,Championship / Second Division,Preston North End,466,0.0,14,0.0,21,0.0,-4.63,159.22,2.9
2022/23,Championship / Second Division,Reading FC,1032,0.0,22,0.0,21,0.0,-4.63,159.22,2.9
2022/23,Championship / Second Division,Wigan Athletic,1071,0.0,19,0.0,17,0.0,-4.63,159.22,2.9
2022/23,Championship / Second Division,Queens Park Rangers,1039,0.0,23,0.9,27,-0.9,-4.63,159.22,2.3
2022/23,Championship / Second Division,Rotherham United,1194,0.0,31,1.03,28,-1.03,-4.63,159.22,2.3
2022/23,Championship / Second Division,Coventry City,990,0.0,15,1.75,16,-1.75,-4.63,159.22,1.8
2022/23,Championship / Second Division,Blackpool FC,1181,0.35,22,2.3,22,-1.95,-4.63,159.22,1.7
2022/23,Championship / Second Division,Hull City,3008,11.66,29,19.0,28,-7.34,-4.63,159.22,-1.7
2022/23,Championship / Second Division,Huddersfield Town,1110,5.32,34,12.8,31,-7.48,-4.63,159.22,-1.8
2022/23,Championship / Second Division,Swansea City,2288,2.77,15,10.65,17,-7.88,-4.63,159.22,-2.0
2022/23,Championship / Second Division,Bristol City,698,0.0,13,10.31,17,-10.31,-4.63,159.22,-3.6
2022/23,Championship / Second Division,Stoke City,512,0.0,23,17.0,29,-17.0,-4.63,159.22,-7.8
2022/23,Championship / Second Division,Middlesbrough FC,641,10.23,22,27.37,29,-17.14,-4.63,159.22,-7.9
2022/23,Championship / Second Division,Burnley FC,1132,45.88,29,76.33,29,-30.45,-4.63,159.22,-16.2
2022/23,Championship / Second Division,Watford FC,1010,18.81,30,60.83,33,-42.02,-4.63,159.22,-23.5
2023/24,Championship / Second Division,Stoke City,512,24.79,28,5.45,22,19.34,-14.82,147.93,23.1
2023/24,Championship / Second Division,Hull City,3008,14.15,33,4.68,29,9.47,-14.82,147.93,16.4
2023/24,Championship / Second Division,Millwall FC,1028,6.59,15,0.67,15,5.92,-14.82,147.93,14.0
2023/24,Championship / Second Division,Ipswich Town,677,5.67,22,0.0,26,5.67,-14.82,147.93,13.9
2023/24,Championship / Second Division,Huddersfield Town,1110,6.1,22,2.0,25,4.1,-14.82,147.93,12.8
2023/24,Championship / Second Division,Preston North End,466,3.84,21,0.0,12,3.84,-14.82,147.93,12.6
2023/24,Championship / Second Division,Leeds United,399,35.9,18,33.58,24,2.32,-14.82,147.93,11.6
2023/24,Championship / Second Division,Plymouth Argyle,2262,2.48,29,0.35,28,2.13,-14.82,147.93,11.5
2023/24,Championship / Second Division,Cardiff City,603,2.33,24,0.33,27,2.0,-14.82,147.93,11.4
2023/24,Championship / Second Division,Sunderland AFC,289,12.45,24,10.62,19,1.83,-14.82,147.93,11.3
2023/24,Championship / Second Division,Sheffield Wednesday,1035,1.49,20,0.0,16,1.49,-14.82,147.93,11.0
2023/24,Championship / Second Division,Rotherham United,1194,1.7,28,1.1,26,0.6,-14.82,147.93,10.4
2023/24,Championship / Second Division,Birmingham City,337,5.8,22,6.45,17,-0.65,-14.82,147.93,9.6
2023/24,Championship / Second Division,Queens Park Rangers,1039,0.0,23,3.11,19,-3.11,-14.82,147.93,7.9
2023/24,Championship / Second Division,West Bromwich Albion,984,0.0,15,9.3,15,-9.3,-14.82,147.93,3.7
2023/24,Championship / Second Division,Coventry City,990,40.51,19,50.25,15,-9.74,-14.82,147.93,3.4
2023/24,Championship / Second Division,Swansea City,2288,8.85,22,20.02,22,-11.17,-14.82,147.93,2.5
2023/24,Championship / Second Division,Bristol City,698,7.2,22,23.0,16,-15.8,-14.82,147.93,-0.7
2023/24,Championship / Second Division,Norwich City,1123,3.12,20,27.35,22,-24.23,-14.82,147.93,-6.4
2023/24,Championship / Second Division,Blackburn Rovers,164,1.5,22,26.89,23,-25.39,-14.82,147.93,-7.1
2023/24,Championship / Second Division,Middlesbrough FC,641,17.76,21,49.3,17,-31.54,-14.82,147.93,-11.3
2023/24,Championship / Second Division,Watford FC,1010,4.56,19,63.28,27,-58.72,-14.82,147.93,-29.7
2023/24,Championship / Second Division,Leicester City,1003,46.89,17,106.05,19,-59.16,-14.82,147.93,-30.0
2023/24,Championship / Second Division,Southampton FC,180,21.55,12,187.24,24,-165.69,-14.82,147.93,-102.0
2024/25,Championship / Second Division,Coventry City,990,21.25,10,0.0,9,21.25,-9.01,143.35,21.1
2024/25,Championship / Second Division,Luton Town,1031,32.85,27,24.0,29,8.85,-9.01,143.35,12.5
2024/25,Championship / Second Division,Bristol City,698,11.95,10,5.3,15,6.65,-9.01,143.35,10.9
2024/25,Championship / Second Division,Preston North End,466,4.63,17,0.0,19,4.63,-9.01,143.35,9.5
2024/25,Championship / Second Division,Portsmouth FC,1020,4.9,32,0.3,30,4.6,-9.01,143.35,9.5
2024/25,Championship / Second Division,Sheffield Wednesday,1035,4.75,18,0.4,16,4.35,-9.01,143.35,9.3
2024/25,Championship / Second Division,West Bromwich Albion,984,11.7,19,7.59,23,4.11,-9.01,143.35,9.2
2024/25,Championship / Second Division,Oxford United,988,3.82,34,0.0,25,3.82,-9.01,143.35,9.0
2024/25,Championship / Second Division,Queens Park Rangers,1039,7.82,20,4.15,19,3.67,-9.01,143.35,8.8
2024/25,Championship / Second Division,Stoke City,512,6.64,19,4.19,19,2.45,-9.01,143.35,8.0
2024/25,Championship / Second Division,Swansea City,2288,8.93,19,7.5,18,1.43,-9.01,143.35,7.3
2024/25,Championship / Second Division,Cardiff City,603,12.95,25,13.1,21,-0.15,-9.01,143.35,6.2
2024/25,Championship / Second Division,Derby County,22,8.97,23,10.75,15,-1.78,-9.01,143.35,5.0
2024/25,Championship / Second Division,Middlesbrough FC,641,25.19,15,27.15,17,-1.96,-9.01,143.35,4.9
2024/25,Championship / Second Division,Norwich City,1123,34.9,25,38.75,21,-3.85,-9.01,143.35,3.6
2024/25,Championship / Second Division,Millwall FC,1028,10.15,23,14.2,13,-4.05,-9.01,143.35,3.5
2024/25,Championship / Second Division,Plymouth Argyle,2262,5.92,29,11.6,26,-5.68,-9.01,143.35,2.3
2024/25,Championship / Second Division,Sunderland AFC,289,11.75,18,18.2,22,-6.45,-9.01,143.35,1.8
2024/25,Championship / Second Division,Blackburn Rovers,164,4.79,20,13.4,21,-8.61,-9.01,143.35,0.3
2024/25,Championship / Second Division,Hull City,3008,31.2,32,42.57,34,-11.37,-9.01,143.35,-1.6
2024/25,Championship / Second Division,Sheffield United,350,22.14,24,47.29,22,-25.15,-9.01,143.35,-11.3
2024/25,Championship / Second Division,Watford FC,1010,3.58,23,30.1,22,-26.52,-9.01,143.35,-12.2
2024/25,Championship / Second Division,Burnley FC,1132,53.19,29,109.26,34,-56.07,-9.01,143.35,-32.8
2024/25,Championship / Second Division,Leeds United,399,32.45,17,162.9,20,-130.45,-9.01,143.35,-84.7
2025/26,Championship / Second Division,Wrexham AFC,1112,39.09,30,0.0,36,39.09,-3.77,203.06,21.1
2025/26,Championship / Second Division,Birmingham City,337,37.45,30,12.53,37,24.92,-3.77,203.06,14.1
2025/26,Championship / Second Division,Swansea City,2288,16.7,24,1.95,23,14.75,-3.77,203.06,9.1
2025/26,Championship / Second Division,Charlton Athletic,358,13.92,31,0.0,25,13.92,-3.77,203.06,8.7
2025/26,Championship / Second Division,Derby County,22,12.2,26,0.57,29,11.62,-3.77,203.06,7.6
2025/26,Championship / Second Division,Queens Park Rangers,1039,15.05,22,3.5,23,11.55,-3.77,203.06,7.5
2025/26,Championship / Second Division,Blackburn Rovers,164,13.42,22,7.43,17,5.99,-3.77,203.06,4.8
2025/26,Championship / Second Division,Stoke City,512,12.0,21,6.25,21,5.75,-3.77,203.06,4.7
2025/26,Championship / Second Division,Portsmouth FC,1020,4.74,25,0.29,24,4.45,-3.77,203.06,4.0
2025/26,Championship / Second Division,Coventry City,990,13.6,14,10.5,15,3.1,-3.77,203.06,3.4
2025/26,Championship / Second Division,Middlesbrough FC,641,29.6,28,26.78,23,2.82,-3.77,203.06,3.2
2025/26,Championship / Second Division,Oxford United,988,1.15,26,0.0,24,1.15,-3.77,203.06,2.4
2025/26,Championship / Second Division,Sheffield United,350,25.31,26,24.4,25,0.91,-3.77,203.06,2.3
2025/26,Championship / Second Division,Preston North End,466,2.75,29,1.95,26,0.8,-3.77,203.06,2.2
2025/26,Championship / Second Division,Bristol City,698,4.86,23,4.75,21,0.11,-3.77,203.06,1.9
2025/26,Championship / Second Division,Watford FC,1010,12.3,23,12.37,19,-0.07,-3.77,203.06,1.8
2025/26,Championship / Second Division,Sheffield Wednesday,1035,0.0,23,4.56,28,-4.56,-3.77,203.06,-0.4
2025/26,Championship / Second Division,Hull City,3008,1.1,26,7.33,30,-6.23,-3.77,203.06,-1.2
2025/26,Championship / Second Division,Millwall FC,1028,7.95,22,15.65,20,-7.7,-3.77,203.06,-1.9
2025/26,Championship / Second Division,West Bromwich Albion,984,14.95,16,23.65,17,-8.7,-3.77,203.06,-2.4
2025/26,Championship / Second Division,Norwich City,1123,34.76,22,56.28,16,-21.52,-3.77,203.06,-8.7
2025/26,Championship / Second Division,Ipswich Town,677,62.25,22,92.2,21,-29.95,-3.77,203.06,-12.9
2025/26,Championship / Second Division,Leicester City,1003,0.0,19,57.3,20,-57.3,-3.77,203.06,-26.4
2025/26,Championship / Second Division,Southampton FC,180,59.91,26,155.22,29,-95.31,-3.77,203.06,-45.1
2026/27,Championship / Second Division,Wrexham AFC,1112,39.75,20,0.58,20,39.16,-5.49,206.22,21.7
2026/27,Championship / Second Division,Stoke City,512,46.86,16,8.75,14,38.11,-5.49,206.22,21.1
2026/27,Championship / Second Division,Derby County,22,14.85,14,0.0,12,14.85,-5.49,206.22,9.9
2026/27,Championship / Second Division,Middlesbrough FC,641,49.7,15,35.9,17,13.8,-5.49,206.22,9.4
2026/27,Championship / Second Division,Birmingham City,337,18.1,8,4.7,7,13.4,-5.49,206.22,9.2
2026/27,Championship / Second Division,West Bromwich Albion,984,17.58,12,4.3,13,13.28,-5.49,206.22,9.1
2026/27,Championship / Second Division,Swansea City,2288,26.68,17,13.81,16,12.87,-5.49,206.22,8.9
2026/27,Championship / Second Division,Portsmouth FC,1020,12.56,24,0.0,20,12.56,-5.49,206.22,8.8
2026/27,Championship / Second Division,Norwich City,1123,11.39,9,0.0,13,11.39,-5.49,206.22,8.2
2026/27,Championship / Second Division,Bristol City,698,18.65,14,7.95,14,10.7,-5.49,206.22,7.9
2026/27,Championship / Second Division,Preston North End,466,15.9,15,6.0,18,9.9,-5.49,206.22,7.5
2026/27,Championship / Second Division,Cardiff City,603,7.7,10,0.0,8,7.7,-5.49,206.22,6.4
2026/27,Championship / Second Division,Lincoln City,1198,8.0,15,3.0,14,5.0,-5.49,206.22,5.1
2026/27,Championship / Second Division,Blackburn Rovers,164,3.68,5,0.0,9,3.68,-5.49,206.22,4.4
2026/27,Championship / Second Division,Bolton Wanderers,355,3.24,21,0.6,17,2.64,-5.49,206.22,3.9
2026/27,Championship / Second Division,Charlton Athletic,358,1.8,22,0.29,17,1.51,-5.49,206.22,3.4
2026/27,Championship / Second Division,Queens Park Rangers,1039,0.76,14,3.54,15,-2.78,-5.49,206.22,1.3
2026/27,Championship / Second Division,Millwall FC,1028,8.17,15,14.6,15,-6.43,-5.49,206.22,-0.5
2026/27,Championship / Second Division,Watford FC,1010,14.8,24,25.85,22,-11.05,-5.49,206.22,-2.7
2026/27,Championship / Second Division,Wolverhampton Wanderers,543,20.0,14,42.6,14,-22.6,-5.49,206.22,-8.3
2026/27,Championship / Second Division,Sheffield United,350,0.0,15,25.14,20,-25.14,-5.49,206.22,-9.5
2026/27,Championship / Second Division,Southampton FC,180,26.45,19,59.6,21,-33.15,-5.49,206.22,-13.4
2026/27,Championship / Second Division,Burnley FC,1132,53.5,19,123.72,19,-70.22,-5.49,206.22,-31.4
2026/27,Championship / Second Division,West Ham United,379,46.15,20,217.15,16,-171.0,-5.49,206.22,-80.3
1994/95,League One,Blackpool FC,1181,0.74,17,0.0,11,0.74,-0.34,6.84,15.9
1994/95,League One,Huddersfield Town,1110,0.47,16,0.0,13,0.47,-0.34,6.84,11.8
1994/95,League One,Reading FC,1032,0.36,7,0.0,1,0.36,-0.34,6.84,10.2
1994/95,League One,Peterborough United,1072,0.31,21,0.09,17,0.22,-0.34,6.84,8.2
1994/95,League One,Plymouth Argyle,2262,0.39,7,0.19,5,0.2,-0.34,6.84,8.0
1994/95,League One,Wycombe Wanderers,2805,0.26,15,0.22,9,0.04,-0.34,6.84,5.6
1994/95,League One,Mansfield Town,3820,0.08,13,0.04,9,0.04,-0.34,6.84,5.5
1994/95,League One,Wigan Athletic,1071,0.02,8,0.0,8,0.02,-0.34,6.84,5.3
1994/95,League One,Barnsley FC,349,0.0,3,0.0,5,0.0,-0.34,6.84,5.0
1994/95,League One,Milton Keynes Dons,991,0.0,0,0.0,0,0.0,-0.34,6.84,5.0
1994/95,League One,Burton Albion,2963,0.0,0,0.0,0,0.0,-0.34,6.84,5.0
1994/95,League One,Stevenage Borough FC,3684,0.0,8,0.0,5,0.0,-0.34,6.84,5.0
1994/95,League One,Bromley FC,8981,0.0,0,0.0,1,0.0,-0.34,6.84,5.0
1994/95,League One,AFC Wimbledon,3884,0.0,0,0.0,0,0.0,-0.34,6.84,5.0
1994/95,League One,Leyton Orient,1150,0.0,6,0.06,11,-0.06,-0.34,6.84,4.1
1994/95,League One,Notts County,1045,1.64,21,2.04,20,-0.4,-0.34,6.84,-0.9
1994/95,League One,Doncaster Rovers,2454,0.05,17,0.46,14,-0.41,-0.34,6.84,-1.0
1994/95,League One,Cambridge United,986,0.0,6,0.45,10,-0.45,-0.34,6.84,-1.6
1994/95,League One,Stockport County,1098,0.36,14,1.44,9,-1.08,-0.34,6.84,-10.9
1994/95,League One,Oxford United,988,0.26,9,1.47,10,-1.21,-0.34,6.84,-12.7
1994/95,League One,Bradford City,1027,0.86,18,3.26,17,-2.4,-0.34,6.84,-30.2
1994/95,League One,Luton Town,1031,0.33,16,3.9,13,-3.57,-0.34,6.84,-47.2
1995/96,League One,Huddersfield Town,1110,0.84,8,0.16,6,0.69,-0.26,12.13,7.8
1995/96,League One,Blackpool FC,1181,0.6,18,0.13,15,0.47,-0.26,12.13,6.0
1995/96,League One,Wycombe Wanderers,2805,0.46,13,0.0,13,0.46,-0.26,12.13,5.9
1995/96,League One,Wigan Athletic,1071,0.38,13,0.0,8,0.38,-0.26,12.13,5.2
1995/96,League One,Oxford United,988,0.27,8,0.0,7,0.27,-0.26,12.13,4.3
1995/96,League One,Stockport County,1098,0.23,8,0.0,8,0.23,-0.26,12.13,4.0
1995/96,League One,Bradford City,1027,0.72,12,0.53,12,0.19,-0.26,12.13,3.7
1995/96,League One,Peterborough United,1072,0.53,19,0.37,19,0.16,-0.26,12.13,3.4
1995/96,League One,Bromley FC,8981,0.0,1,0.0,1,0.0,-0.26,12.13,2.1
1995/96,League One,AFC Wimbledon,3884,0.0,0,0.0,0,0.0,-0.26,12.13,2.1
1995/96,League One,Burton Albion,2963,0.0,0,0.0,0,0.0,-0.26,12.13,2.1
1995/96,League One,Milton Keynes Dons,991,0.0,0,0.0,0,0.0,-0.26,12.13,2.1
1995/96,League One,Notts County,1045,1.3,19,1.3,21,0.0,-0.26,12.13,2.1
1995/96,League One,Stevenage Borough FC,3684,0.0,4,0.0,6,-0.0,-0.26,12.13,2.1
1995/96,League One,Doncaster Rovers,2454,0.15,12,0.2,15,-0.04,-0.26,12.13,1.8
1995/96,League One,Leyton Orient,1150,0.07,8,0.19,10,-0.12,-0.26,12.13,1.1
1995/96,League One,Mansfield Town,3820,0.11,16,0.45,10,-0.34,-0.26,12.13,-0.7
1995/96,League One,Cambridge United,986,0.0,15,0.48,8,-0.48,-0.26,12.13,-1.9
1995/96,League One,Luton Town,1031,2.31,20,2.83,20,-0.52,-0.26,12.13,-2.2
1995/96,League One,Plymouth Argyle,2262,0.54,17,1.63,14,-1.09,-0.26,12.13,-6.9
1995/96,League One,Barnsley FC,349,0.62,8,2.25,9,-1.63,-0.26,12.13,-11.3
1995/96,League One,Reading FC,1032,2.47,14,4.17,11,-1.7,-0.26,12.13,-11.9
1995/96,League One,Leicester City,1003,5.14,13,7.93,14,-2.79,-0.26,12.13,-20.9
1996/97,League One,Barnsley FC,349,2.8,15,0.53,9,2.27,-0.13,10.96,21.9
1996/97,League One,Wigan Athletic,1071,1.08,12,0.0,6,1.08,-0.13,10.96,11.0
1996/97,League One,Stockport County,1098,0.46,19,0.07,15,0.38,-0.13,10.96,4.7
1996/97,League One,Wycombe Wanderers,2805,0.33,19,0.0,15,0.33,-0.13,10.96,4.2
1996/97,League One,Blackpool FC,1181,1.05,12,0.75,12,0.3,-0.13,10.96,3.9
1996/97,League One,Leyton Orient,1150,0.54,20,0.26,19,0.28,-0.13,10.96,3.8
1996/97,League One,Huddersfield Town,1110,4.54,13,4.52,15,0.02,-0.13,10.96,1.4
1996/97,League One,Milton Keynes Dons,991,0.0,0,0.0,0,0.0,-0.13,10.96,1.2
1996/97,League One,Bromley FC,8981,0.0,1,0.0,1,0.0,-0.13,10.96,1.2
1996/97,League One,AFC Wimbledon,3884,0.0,0,0.0,0,0.0,-0.13,10.96,1.2
1996/97,League One,Mansfield Town,3820,0.0,7,0.0,9,0.0,-0.13,10.96,1.2
1996/97,League One,Stevenage Borough FC,3684,0.0,2,0.0,3,0.0,-0.13,10.96,1.2
1996/97,League One,Burton Albion,2963,0.0,2,0.0,0,0.0,-0.13,10.96,1.2
1996/97,League One,Doncaster Rovers,2454,0.03,14,0.04,9,-0.01,-0.13,10.96,1.1
1996/97,League One,Reading FC,1032,0.75,8,0.96,9,-0.21,-0.13,10.96,-0.7
1996/97,League One,Cambridge United,986,0.0,11,0.45,12,-0.45,-0.13,10.96,-2.9
1996/97,League One,Notts County,1045,0.85,16,1.31,21,-0.46,-0.13,10.96,-3.0
1996/97,League One,Luton Town,1031,0.0,8,0.64,8,-0.64,-0.13,10.96,-4.7
1996/97,League One,Bradford City,1027,2.31,32,3.13,23,-0.82,-0.13,10.96,-6.3
1996/97,League One,Peterborough United,1072,0.73,25,1.64,22,-0.91,-0.13,10.96,-7.1
1996/97,League One,Plymouth Argyle,2262,0.0,4,1.24,8,-1.24,-0.13,10.96,-10.1
1996/97,League One,Oxford United,988,0.22,7,2.98,9,-2.76,-0.13,10.96,-24.0
1997/98,League One,Reading FC,1032,3.41,21,0.17,14,3.24,-0.5,12.5,29.9
1997/98,League One,Wigan Athletic,1071,1.1,18,0.07,14,1.03,-0.5,12.5,12.2
1997/98,League One,Huddersfield Town,1110,1.24,18,0.3,14,0.94,-0.5,12.5,11.5
1997/98,League One,Plymouth Argyle,2262,0.16,8,0.04,10,0.12,-0.5,12.5,5.0
1997/98,League One,Bromley FC,8981,0.0,0,0.0,1,0.0,-0.5,12.5,4.0
1997/98,League One,AFC Wimbledon,3884,0.0,0,0.0,0,0.0,-0.5,12.5,4.0
1997/98,League One,Stevenage Borough FC,3684,0.0,12,0.0,10,0.0,-0.5,12.5,4.0
1997/98,League One,Burton Albion,2963,0.0,1,0.0,3,0.0,-0.5,12.5,4.0
1997/98,League One,Milton Keynes Dons,991,0.0,0,0.0,0,0.0,-0.5,12.5,4.0
1997/98,League One,Leyton Orient,1150,0.11,16,0.13,12,-0.02,-0.5,12.5,3.8
1997/98,League One,Wycombe Wanderers,2805,0.1,7,0.17,10,-0.07,-0.5,12.5,3.4
1997/98,League One,Doncaster Rovers,2454,0.01,8,0.26,18,-0.24,-0.5,12.5,2.0
1997/98,League One,Mansfield Town,3820,0.14,10,0.45,13,-0.32,-0.5,12.5,1.4
1997/98,League One,Blackpool FC,1181,0.54,17,1.18,17,-0.64,-0.5,12.5,-1.1
1997/98,League One,Cambridge United,986,0.06,14,0.82,12,-0.77,-0.5,12.5,-2.2
1997/98,League One,Peterborough United,1072,0.04,19,1.02,21,-0.98,-0.5,12.5,-3.9
1997/98,League One,Oxford United,988,0.37,16,1.71,11,-1.34,-0.5,12.5,-6.7
1997/98,League One,Notts County,1045,0.0,15,1.56,16,-1.56,-0.5,12.5,-8.5
1997/98,League One,Bradford City,1027,1.91,19,3.93,24,-2.02,-0.5,12.5,-12.2
1997/98,League One,Luton Town,1031,1.26,13,4.45,14,-3.19,-0.5,12.5,-21.6
1997/98,League One,Stockport County,1098,1.02,13,5.63,17,-4.61,-0.5,12.5,-32.9
1998/99,League One,Bradford City,1027,5.95,14,0.36,14,5.59,0.16,19.4,28.0
1998/99,League One,Huddersfield Town,1110,2.76,14,0.63,15,2.13,0.16,19.4,10.2
1998/99,League One,Wigan Athletic,1071,1.68,11,0.08,13,1.6,0.16,19.4,7.5
1998/99,League One,Stockport County,1098,1.37,13,0.0,12,1.37,0.16,19.4,6.3
1998/99,League One,Reading FC,1032,2.05,21,0.92,25,1.13,0.16,19.4,5.0
1998/99,League One,Peterborough United,1072,0.14,16,0.03,13,0.11,0.16,19.4,-0.3
1998/99,League One,Wycombe Wanderers,2805,0.11,13,0.01,10,0.1,0.16,19.4,-0.3
1998/99,League One,Milton Keynes Dons,991,0.0,0,0.0,0,0.0,0.16,19.4,-0.8
1998/99,League One,Bromley FC,8981,0.0,1,0.0,0,0.0,0.16,19.4,-0.8
1998/99,League One,AFC Wimbledon,3884,0.0,0,0.0,0,0.0,0.16,19.4,-0.8
1998/99,League One,Burton Albion,2963,0.0,4,0.0,2,0.0,0.16,19.4,-0.8
1998/99,League One,Doncaster Rovers,2454,0.0,14,0.0,11,0.0,0.16,19.4,-0.8
1998/99,League One,Plymouth Argyle,2262,0.0,20,0.0,18,0.0,0.16,19.4,-0.8
1998/99,League One,Cambridge United,986,0.06,9,0.06,11,-0.0,0.16,19.4,-0.8
1998/99,League One,Stevenage Borough FC,3684,0.0,9,0.01,11,-0.01,0.16,19.4,-0.9
1998/99,League One,Mansfield Town,3820,0.02,8,0.05,7,-0.03,0.16,19.4,-1.0
1998/99,League One,Leyton Orient,1150,0.0,13,0.12,12,-0.12,0.16,19.4,-1.4
1998/99,League One,Blackpool FC,1181,0.0,16,0.26,17,-0.26,0.16,19.4,-2.1
1998/99,League One,Notts County,1045,0.39,34,0.93,22,-0.54,0.16,19.4,-3.6
1998/99,League One,Luton Town,1031,0.0,10,0.96,11,-0.96,0.16,19.4,-5.8
1998/99,League One,Oxford United,988,0.7,12,1.8,16,-1.1,0.16,19.4,-6.5
1998/99,League One,Barnsley FC,349,3.1,13,8.66,12,-5.56,0.16,19.4,-29.5
1999/00,League One,Reading FC,1032,3.17,19,0.3,17,2.87,-0.04,16.52,17.6
1999/00,League One,Barnsley FC,349,1.45,21,0.33,23,1.12,-0.04,16.52,7.0
1999/00,League One,Wigan Athletic,1071,1.12,16,0.12,12,1.0,-0.04,16.52,6.3
1999/00,League One,Leyton Orient,1150,0.17,15,0.0,12,0.17,-0.04,16.52,1.2
1999/00,League One,Blackpool FC,1181,0.08,23,0.0,19,0.08,-0.04,16.52,0.7
1999/00,League One,Plymouth Argyle,2262,0.04,13,0.0,6,0.04,-0.04,16.52,0.5
1999/00,League One,Oxford United,988,0.08,15,0.04,16,0.04,-0.04,16.52,0.5
1999/00,League One,Doncaster Rovers,2454,0.04,14,0.0,11,0.04,-0.04,16.52,0.5
1999/00,League One,Bromley FC,8981,0.0,0,0.0,1,0.0,-0.04,16.52,0.2
1999/00,League One,AFC Wimbledon,3884,0.0,0,0.0,0,0.0,-0.04,16.52,0.2
1999/00,League One,Stevenage Borough FC,3684,0.0,9,0.0,2,0.0,-0.04,16.52,0.2
1999/00,League One,Burton Albion,2963,0.0,5,0.0,0,0.0,-0.04,16.52,0.2
1999/00,League One,Milton Keynes Dons,991,0.0,0,0.0,0,0.0,-0.04,16.52,0.2
1999/00,League One,Huddersfield Town,1110,4.12,19,4.13,13,-0.01,-0.04,16.52,0.2
1999/00,League One,Stockport County,1098,0.23,24,0.38,21,-0.14,-0.04,16.52,-0.6
1999/00,League One,Notts County,1045,0.0,11,0.24,13,-0.24,-0.04,16.52,-1.3
1999/00,League One,Wycombe Wanderers,2805,0.0,4,0.3,8,-0.3,-0.04,16.52,-1.6
1999/00,League One,Mansfield Town,3820,0.0,18,0.84,13,-0.84,-0.04,16.52,-4.8
1999/00,League One,Cambridge United,986,0.0,19,1.2,13,-1.2,-0.04,16.52,-7.0
1999/00,League One,Peterborough United,1072,0.46,13,1.8,13,-1.34,-0.04,16.52,-7.9
1999/00,League One,Luton Town,1031,0.0,10,2.1,12,-2.1,-0.04,16.52,-12.5
2000/01,League One,Wigan Athletic,1071,1.63,13,0.0,15,1.63,-0.46,24.43,8.6
2000/01,League One,Reading FC,1032,1.51,19,0.0,20,1.51,-0.46,24.43,8.1
2000/01,League One,Notts County,1045,0.56,17,0.04,18,0.52,-0.46,24.43,4.0
2000/01,League One,Huddersfield Town,1110,0.6,14,0.44,16,0.16,-0.46,24.43,2.6
2000/01,League One,Mansfield Town,3820,0.18,8,0.04,10,0.15,-0.46,24.43,2.5
2000/01,League One,Plymouth Argyle,2262,0.16,18,0.02,14,0.14,-0.46,24.43,2.5
2000/01,League One,Doncaster Rovers,2454,0.1,16,0.0,16,0.1,-0.46,24.43,2.3
2000/01,League One,Wycombe Wanderers,2805,0.09,9,0.0,4,0.09,-0.46,24.43,2.3
2000/01,League One,Leyton Orient,1150,0.03,15,0.0,12,0.03,-0.46,24.43,2.0
2000/01,League One,Stevenage Borough FC,3684,0.02,17,0.01,14,0.01,-0.46,24.43,2.0
2000/01,League One,Burton Albion,2963,0.0,4,0.0,1,0.0,-0.46,24.43,1.9
2000/01,League One,Bromley FC,8981,0.0,0,0.0,0,0.0,-0.46,24.43,1.9
2000/01,League One,AFC Wimbledon,3884,0.0,0,0.0,0,0.0,-0.46,24.43,1.9
2000/01,League One,Milton Keynes Dons,991,0.0,0,0.0,0,0.0,-0.46,24.43,1.9
2000/01,League One,Peterborough United,1072,0.0,19,0.08,19,-0.08,-0.46,24.43,1.6
2000/01,League One,Oxford United,988,0.05,22,0.15,21,-0.1,-0.46,24.43,1.5
2000/01,League One,Blackpool FC,1181,0.03,14,0.38,17,-0.34,-0.46,24.43,0.5
2000/01,League One,Luton Town,1031,0.59,19,1.0,11,-0.41,-0.46,24.43,0.2
2000/01,League One,Cambridge United,986,0.0,20,2.78,16,-2.78,-0.46,24.43,-9.5
2000/01,League One,Stockport County,1098,0.94,23,3.87,20,-2.92,-0.46,24.43,-10.1
2000/01,League One,Barnsley FC,349,1.07,22,4.53,20,-3.46,-0.46,24.43,-12.3
2000/01,League One,Sheffield Wednesday,1035,0.68,21,5.15,34,-4.48,-0.46,24.43,-16.4
2001/02,League One,Wigan Athletic,1071,6.89,23,3.23,22,3.66,-0.14,28.14,13.5
2001/02,League One,Sheffield Wednesday,1035,1.65,18,0.11,16,1.54,-0.14,28.14,6.0
2001/02,League One,Wycombe Wanderers,2805,0.45,16,0.0,14,0.45,-0.14,28.14,2.1
2001/02,League One,Reading FC,1032,0.28,16,0.0,18,0.28,-0.14,28.14,1.5
2001/02,League One,Notts County,1045,0.22,19,0.0,21,0.22,-0.14,28.14,1.3
2001/02,League One,Luton Town,1031,0.21,23,0.0,21,0.21,-0.14,28.14,1.3
2001/02,League One,Doncaster Rovers,2454,0.19,13,0.0,7,0.19,-0.14,28.14,1.2
2001/02,League One,Cambridge United,986,0.18,20,0.0,18,0.18,-0.14,28.14,1.1
2001/02,League One,Oxford United,988,0.17,19,0.02,17,0.15,-0.14,28.14,1.0
2001/02,League One,Bromley FC,8981,0.0,2,0.0,0,0.0,-0.14,28.14,0.5
2001/02,League One,AFC Wimbledon,3884,0.0,0,0.0,0,0.0,-0.14,28.14,0.5
2001/02,League One,Burton Albion,2963,0.0,4,0.0,1,0.0,-0.14,28.14,0.5
2001/02,League One,Plymouth Argyle,2262,0.0,16,0.0,18,0.0,-0.14,28.14,0.5
2001/02,League One,Milton Keynes Dons,991,0.0,0,0.0,0,0.0,-0.14,28.14,0.5
2001/02,League One,Stevenage Borough FC,3684,0.0,24,0.01,16,-0.01,-0.14,28.14,0.5
2001/02,League One,Barnsley FC,349,1.08,23,1.1,19,-0.02,-0.14,28.14,0.4
2001/02,League One,Mansfield Town,3820,0.0,10,0.08,12,-0.08,-0.14,28.14,0.2
2001/02,League One,Leyton Orient,1150,0.0,16,0.13,24,-0.13,-0.14,28.14,0.0
2001/02,League One,Peterborough United,1072,0.0,11,0.78,9,-0.78,-0.14,28.14,-2.3
2001/02,League One,Stockport County,1098,0.46,21,1.5,21,-1.04,-0.14,28.14,-3.2
2001/02,League One,Huddersfield Town,1110,0.0,12,2.33,15,-2.33,-0.14,28.14,-7.8
2001/02,League One,Blackpool FC,1181,0.24,14,2.65,11,-2.4,-0.14,28.14,-8.0
2001/02,League One,Bradford City,1027,0.15,16,3.52,17,-3.37,-0.14,28.14,-11.5
2002/03,League One,Stockport County,1098,1.31,15,0.15,19,1.16,-0.52,15.66,10.7
2002/03,League One,Wigan Athletic,1071,0.4,11,0.0,15,0.4,-0.52,15.66,5.9
2002/03,League One,Sheffield Wednesday,1035,0.22,19,0.0,20,0.22,-0.52,15.66,4.8
2002/03,League One,Mansfield Town,3820,0.18,28,0.0,19,0.18,-0.52,15.66,4.4
2002/03,League One,Stevenage Borough FC,3684,0.04,23,0.0,26,0.04,-0.52,15.66,3.6
2002/03,League One,Plymouth Argyle,2262,0.04,11,0.0,10,0.04,-0.52,15.66,3.6
2002/03,League One,Leyton Orient,1150,0.01,21,0.0,16,0.01,-0.52,15.66,3.4
2002/03,League One,Burton Albion,2963,0.0,10,0.0,7,0.0,-0.52,15.66,3.4
2002/03,League One,Bromley FC,8981,0.0,0,0.0,1,0.0,-0.52,15.66,3.3
2002/03,League One,AFC Wimbledon,3884,0.0,2,0.0,0,0.0,-0.52,15.66,3.3
2002/03,League One,Wycombe Wanderers,2805,0.0,7,0.0,13,0.0,-0.52,15.66,3.3
2002/03,League One,Doncaster Rovers,2454,0.0,16,0.0,18,0.0,-0.52,15.66,3.3
2002/03,League One,Blackpool FC,1181,0.0,20,0.0,19,0.0,-0.52,15.66,3.3
2002/03,League One,Huddersfield Town,1110,0.0,11,0.0,14,0.0,-0.52,15.66,3.3
2002/03,League One,Notts County,1045,0.0,6,0.0,11,0.0,-0.52,15.66,3.3
2002/03,League One,Reading FC,1032,0.0,17,0.0,15,0.0,-0.52,15.66,3.3
2002/03,League One,Bradford City,1027,0.0,23,0.0,19,0.0,-0.52,15.66,3.3
2002/03,League One,Milton Keynes Dons,991,0.0,0,0.0,0,0.0,-0.52,15.66,3.3
2002/03,League One,Oxford United,988,0.0,19,0.0,19,0.0,-0.52,15.66,3.3
2002/03,League One,Cambridge United,986,0.0,15,0.06,20,-0.06,-0.52,15.66,2.9
2002/03,League One,Luton Town,1031,0.15,14,0.6,15,-0.45,-0.52,15.66,0.4
2002/03,League One,Barnsley FC,349,0.0,6,0.95,19,-0.95,-0.52,15.66,-2.7
2002/03,League One,Peterborough United,1072,0.0,19,1.03,21,-1.03,-0.52,15.66,-3.3
2002/03,League One,Leicester City,1003,0.0,13,12.05,18,-12.05,-0.52,15.66,-73.6
2003/04,League One,Wigan Athletic,1071,3.6,18,1.5,10,2.1,0.0,21.12,9.9
2003/04,League One,Reading FC,1032,2.08,16,1.1,20,0.98,0.0,21.12,4.6
2003/04,League One,Sheffield Wednesday,1035,0.18,26,0.02,26,0.16,0.0,21.12,0.8
2003/04,League One,Wycombe Wanderers,2805,0.14,23,0.0,22,0.14,0.0,21.12,0.6
2003/04,League One,Doncaster Rovers,2454,0.08,18,0.0,13,0.08,0.0,21.12,0.3
2003/04,League One,Mansfield Town,3820,0.05,12,0.0,12,0.05,0.0,21.12,0.2
2003/04,League One,Barnsley FC,349,0.0,25,0.0,22,0.0,0.0,21.12,-0.0
2003/04,League One,Stevenage Borough FC,3684,0.0,24,0.0,21,0.0,0.0,21.12,-0.0
2003/04,League One,Notts County,1045,0.0,23,0.0,21,0.0,0.0,21.12,-0.0
2003/04,League One,Leyton Orient,1150,0.0,15,0.0,16,0.0,0.0,21.12,-0.0
2003/04,League One,Blackpool FC,1181,0.0,16,0.0,19,0.0,0.0,21.12,-0.0
2003/04,League One,Plymouth Argyle,2262,0.0,8,0.0,10,0.0,0.0,21.12,-0.0
2003/04,League One,Burton Albion,2963,0.0,15,0.0,10,0.0,0.0,21.12,-0.0
2003/04,League One,Milton Keynes Dons,991,0.0,0,0.0,0,0.0,0.0,21.12,-0.0
2003/04,League One,Bromley FC,8981,0.0,1,0.0,1,0.0,0.0,21.12,-0.0
2003/04,League One,AFC Wimbledon,3884,0.0,3,0.0,2,0.0,0.0,21.12,-0.0
2003/04,League One,Luton Town,1031,0.0,15,0.08,17,-0.08,0.0,21.12,-0.4
2003/04,League One,Stockport County,1098,0.14,29,0.22,28,-0.08,0.0,21.12,-0.4
2003/04,League One,Cambridge United,986,0.0,15,0.22,13,-0.22,0.0,21.12,-1.1
2003/04,League One,Bradford City,1027,0.0,20,0.38,25,-0.38,0.0,21.12,-1.8
2003/04,League One,Oxford United,988,0.0,19,0.4,14,-0.4,0.0,21.12,-1.9
2003/04,League One,Peterborough United,1072,0.04,33,0.6,29,-0.56,0.0,21.12,-2.7
2003/04,League One,Huddersfield Town,1110,0.18,21,1.88,18,-1.7,0.0,21.12,-8.1
2004/05,League One,Hull City,3008,1.08,18,0.0,14,1.08,0.01,25.38,4.2
2004/05,League One,Luton Town,1031,0.6,11,0.0,11,0.6,0.01,25.38,2.3
2004/05,League One,Bristol City,698,0.4,31,0.16,27,0.24,0.01,25.38,0.9
2004/05,League One,Sheffield Wednesday,1035,0.15,30,0.0,32,0.15,0.01,25.38,0.5
2004/05,League One,Barnsley FC,349,0.13,27,0.0,29,0.13,0.01,25.38,0.5
2004/05,League One,Swindon Town,352,0.13,17,0.0,20,0.13,0.01,25.38,0.5
2004/05,League One,Doncaster Rovers,2454,0.04,22,0.02,23,0.03,0.01,25.38,0.1
2004/05,League One,Hartlepool United,2577,0.0,14,0.0,13,0.0,0.01,25.38,-0.0
2004/05,League One,Chesterfield FC,1219,0.0,12,0.0,16,0.0,0.01,25.38,-0.0
2004/05,League One,Brentford FC,1148,0.0,29,0.0,23,0.0,0.01,25.38,-0.0
2004/05,League One,Walsall FC,899,0.0,28,0.0,31,0.0,0.01,25.38,-0.0
2004/05,League One,Milton Keynes Dons,991,0.0,38,0.0,8,0.0,0.01,25.38,-0.0
2004/05,League One,Bradford City,1027,0.0,23,0.0,20,0.0,0.01,25.38,-0.0
2004/05,League One,Tranmere Rovers,1074,0.0,9,0.0,9,0.0,0.01,25.38,-0.0
2004/05,League One,Oldham Athletic,1078,0.0,27,0.0,26,0.0,0.01,25.38,-0.0
2004/05,League One,Huddersfield Town,1110,0.0,8,0.0,11,0.0,0.01,25.38,-0.0
2004/05,League One,Wrexham AFC,1112,0.0,12,0.0,9,0.0,0.01,25.38,-0.0
2004/05,League One,Peterborough United,1072,0.04,28,0.1,31,-0.06,0.01,25.38,-0.3
2004/05,League One,Blackpool FC,1181,0.0,26,0.15,22,-0.15,0.01,25.38,-0.6
2004/05,League One,Port Vale FC,1211,0.03,18,0.22,14,-0.2,0.01,25.38,-0.8
2004/05,League One,Torquay United,1218,0.1,22,0.3,24,-0.2,0.01,25.38,-0.8
2004/05,League One,Stockport County,1098,0.06,21,0.49,25,-0.42,0.01,25.38,-1.7
2004/05,League One,AFC Bournemouth,989,0.02,10,0.48,9,-0.46,0.01,25.38,-1.8
2004/05,League One,Colchester United,1060,0.15,22,0.8,16,-0.65,0.01,25.38,-2.6
2005/06,League One,Nottingham Forest,703,3.95,28,0.65,24,3.3,-0.05,25.38,13.2
2005/06,League One,Swansea City,2288,1.02,12,0.06,14,0.96,-0.05,25.38,4.0
2005/06,League One,Doncaster Rovers,2454,0.68,31,0.0,29,0.68,-0.05,25.38,2.9
2005/06,League One,Milton Keynes Dons,991,0.52,14,0.0,25,0.52,-0.05,25.38,2.3
2005/06,League One,Scunthorpe United,2964,0.15,15,0.0,15,0.15,-0.05,25.38,0.8
2005/06,League One,Southend United,2793,0.13,8,0.0,9,0.13,-0.05,25.38,0.7
2005/06,League One,Barnsley FC,349,0.2,16,0.1,11,0.1,-0.05,25.38,0.6
2005/06,League One,Hartlepool United,2577,0.04,16,0.0,15,0.04,-0.05,25.38,0.4
2005/06,League One,Bradford City,1027,0.0,17,0.0,18,0.0,-0.05,25.38,0.2
2005/06,League One,Colchester United,1060,0.0,16,0.0,19,0.0,-0.05,25.38,0.2
2005/06,League One,Huddersfield Town,1110,0.0,10,0.0,12,0.0,-0.05,25.38,0.2
2005/06,League One,Blackpool FC,1181,0.0,25,0.0,27,0.0,-0.05,25.38,0.2
2005/06,League One,Oldham Athletic,1078,0.12,22,0.18,27,-0.05,-0.05,25.38,0.0
2005/06,League One,Walsall FC,899,0.01,34,0.15,33,-0.14,-0.05,25.38,-0.4
2005/06,League One,AFC Bournemouth,989,0.03,16,0.23,16,-0.2,-0.05,25.38,-0.6
2005/06,League One,Chesterfield FC,1219,0.0,13,0.22,15,-0.22,-0.05,25.38,-0.7
2005/06,League One,Yeovil Town,972,0.01,30,0.24,30,-0.23,-0.05,25.38,-0.7
2005/06,League One,Port Vale FC,1211,0.0,15,0.32,14,-0.32,-0.05,25.38,-1.1
2005/06,League One,Rotherham United,1194,0.04,20,0.56,18,-0.52,-0.05,25.38,-1.8
2005/06,League One,Brentford FC,1148,0.22,25,0.76,26,-0.54,-0.05,25.38,-1.9
2005/06,League One,Gillingham FC,2814,0.04,17,0.75,31,-0.71,-0.05,25.38,-2.6
2005/06,League One,Tranmere Rovers,1074,0.0,14,1.05,23,-1.05,-0.05,25.38,-3.9
2005/06,League One,Swindon Town,352,0.0,31,1.1,32,-1.1,-0.05,25.38,-4.1
2005/06,League One,Bristol City,698,0.45,32,2.48,37,-2.03,-0.05,25.38,-7.8
2006/07,League One,Nottingham Forest,703,0.9,32,0.0,36,0.9,-0.49,26.83,5.2
2006/07,League One,Swansea City,2288,1.56,19,1.0,15,0.56,-0.49,26.83,3.9
2006/07,League One,Blackpool FC,1181,0.46,34,0.29,35,0.18,-0.49,26.83,2.5
2006/07,League One,Crewe Alexandra,1042,0.2,28,0.08,32,0.12,-0.49,26.83,2.3
2006/07,League One,Tranmere Rovers,1074,0.1,15,0.0,13,0.1,-0.49,26.83,2.2
2006/07,League One,Gillingham FC,2814,0.0,25,0.0,19,0.0,-0.49,26.83,1.8
2006/07,League One,Oldham Athletic,1078,0.0,26,0.0,26,0.0,-0.49,26.83,1.8
2006/07,League One,Cheltenham Town,3371,0.03,10,0.15,11,-0.12,-0.49,26.83,1.4
2006/07,League One,Northampton Town,1302,0.0,21,0.2,25,-0.2,-0.49,26.83,1.1
2006/07,League One,Huddersfield Town,1110,0.0,15,0.23,12,-0.23,-0.49,26.83,1.0
2006/07,League One,Yeovil Town,972,0.0,35,0.32,33,-0.32,-0.49,26.83,0.6
2006/07,League One,Millwall FC,1028,0.42,35,0.75,31,-0.32,-0.49,26.83,0.6
2006/07,League One,AFC Bournemouth,989,0.0,28,0.35,25,-0.35,-0.49,26.83,0.5
2006/07,League One,Carlisle United,1220,0.28,21,0.64,17,-0.36,-0.49,26.83,0.5
2006/07,League One,Port Vale FC,1211,0.08,18,0.52,18,-0.45,-0.49,26.83,0.1
2006/07,League One,Scunthorpe United,2964,0.38,17,0.9,20,-0.52,-0.49,26.83,-0.1
2006/07,League One,Doncaster Rovers,2454,0.2,28,0.88,30,-0.68,-0.49,26.83,-0.7
2006/07,League One,Chesterfield FC,1219,0.0,19,0.75,20,-0.75,-0.49,26.83,-1.0
2006/07,League One,Bradford City,1027,0.0,31,0.75,32,-0.75,-0.49,26.83,-1.0
2006/07,League One,Brentford FC,1148,0.0,26,0.82,31,-0.82,-0.49,26.83,-1.3
2006/07,League One,Leyton Orient,1150,0.09,19,1.53,17,-1.44,-0.49,26.83,-3.6
2006/07,League One,Rotherham United,1194,0.09,19,1.78,19,-1.69,-0.49,26.83,-4.5
2006/07,League One,Brighton & Hove Albion,1237,0.02,24,1.73,27,-1.7,-0.49,26.83,-4.5
2006/07,League One,Bristol City,698,0.38,28,3.2,29,-2.82,-0.49,26.83,-8.7
2007/08,League One,Nottingham Forest,703,0.83,31,0.0,28,0.83,-0.75,47.03,3.4
2007/08,League One,Bristol Rovers,2455,0.48,15,0.0,11,0.48,-0.75,47.03,2.6
2007/08,League One,Swindon Town,352,1.03,27,0.9,23,0.13,-0.75,47.03,1.9
2007/08,League One,Yeovil Town,972,0.36,38,0.24,41,0.12,-0.75,47.03,1.9
2007/08,League One,Huddersfield Town,1110,0.21,20,0.12,15,0.09,-0.75,47.03,1.8
2007/08,League One,Carlisle United,1220,0.08,17,0.0,20,0.08,-0.75,47.03,1.8
2007/08,League One,Tranmere Rovers,1074,0.18,15,0.12,15,0.05,-0.75,47.03,1.7
2007/08,League One,Doncaster Rovers,2454,0.0,23,0.0,25,0.0,-0.75,47.03,1.6
2007/08,League One,Hartlepool United,2577,0.18,16,0.18,21,0.0,-0.75,47.03,1.6
2007/08,League One,AFC Bournemouth,989,0.0,23,0.0,25,0.0,-0.75,47.03,1.6
2007/08,League One,Brighton & Hove Albion,1237,0.63,21,0.65,21,-0.02,-0.75,47.03,1.5
2007/08,League One,Gillingham FC,2814,0.6,41,0.75,41,-0.14,-0.75,47.03,1.3
2007/08,League One,Leyton Orient,1150,0.04,17,0.18,17,-0.14,-0.75,47.03,1.3
2007/08,League One,Port Vale FC,1211,0.0,34,0.16,32,-0.16,-0.75,47.03,1.2
2007/08,League One,Northampton Town,1302,0.0,19,0.28,21,-0.28,-0.75,47.03,1.0
2007/08,League One,Cheltenham Town,3371,0.0,18,0.3,17,-0.3,-0.75,47.03,1.0
2007/08,League One,Oldham Athletic,1078,0.1,30,0.75,36,-0.65,-0.75,47.03,0.2
2007/08,League One,Millwall FC,1028,0.45,31,1.1,25,-0.65,-0.75,47.03,0.2
2007/08,League One,Walsall FC,899,0.0,25,0.75,29,-0.75,-0.75,47.03,-0.0
2007/08,League One,Swansea City,2288,0.18,19,1.78,16,-1.6,-0.75,47.03,-1.8
2007/08,League One,Southend United,2793,0.65,26,2.94,24,-2.29,-0.75,47.03,-3.3
2007/08,League One,Leeds United,399,2.31,34,5.28,32,-2.97,-0.75,47.03,-4.7
2007/08,League One,Crewe Alexandra,1042,0.1,31,4.59,35,-4.49,-0.75,47.03,-8.0
2007/08,League One,Luton Town,1031,0.0,24,5.28,28,-5.28,-0.75,47.03,-9.6
2008/09,League One,Peterborough United,1072,1.08,28,0.0,27,1.08,-0.53,42.92,3.8
2008/09,League One,Huddersfield Town,1110,1.22,31,0.23,32,0.99,-0.53,42.92,3.6
2008/09,League One,Leeds United,399,0.5,29,0.06,33,0.44,-0.53,42.92,2.3
2008/09,League One,Brighton & Hove Albion,1237,0.35,38,0.25,37,0.1,-0.53,42.92,1.5
2008/09,League One,Swindon Town,352,0.09,21,0.0,18,0.09,-0.53,42.92,1.5
2008/09,League One,Hereford United (- 2014),3064,0.04,29,0.0,28,0.04,-0.53,42.92,1.3
2008/09,League One,Bristol Rovers,2455,0.0,26,0.0,23,0.0,-0.53,42.92,1.2
2008/09,League One,Walsall FC,899,0.0,17,0.0,18,0.0,-0.53,42.92,1.2
2008/09,League One,Leyton Orient,1150,0.0,25,0.0,26,0.0,-0.53,42.92,1.2
2008/09,League One,Hartlepool United,2577,0.0,12,0.03,16,-0.03,-0.53,42.92,1.2
2008/09,League One,Colchester United,1060,1.03,25,1.08,28,-0.05,-0.53,42.92,1.1
2008/09,League One,Millwall FC,1028,0.08,22,0.13,29,-0.06,-0.53,42.92,1.1
2008/09,League One,Oldham Athletic,1078,0.14,26,0.21,27,-0.07,-0.53,42.92,1.1
2008/09,League One,Yeovil Town,972,0.05,31,0.15,32,-0.1,-0.53,42.92,1.0
2008/09,League One,Cheltenham Town,3371,0.0,42,0.42,41,-0.42,-0.53,42.92,0.3
2008/09,League One,Tranmere Rovers,1074,0.0,21,0.42,18,-0.42,-0.53,42.92,0.3
2008/09,League One,Northampton Town,1302,0.0,26,0.45,23,-0.45,-0.53,42.92,0.2
2008/09,League One,Milton Keynes Dons,991,0.13,22,0.93,28,-0.8,-0.53,42.92,-0.6
2008/09,League One,Southend United,2793,0.0,31,1.32,31,-1.32,-0.53,42.92,-1.8
2008/09,League One,Stockport County,1098,0.48,26,1.88,27,-1.4,-0.53,42.92,-2.0
2008/09,League One,Scunthorpe United,2964,0.49,19,1.9,17,-1.41,-0.53,42.92,-2.0
2008/09,League One,Carlisle United,1220,0.14,30,2.47,26,-2.34,-0.53,42.92,-4.2
2008/09,League One,Crewe Alexandra,1042,0.55,29,3.37,29,-2.82,-0.53,42.92,-5.3
2008/09,League One,Leicester City,1003,1.17,32,5.03,36,-3.86,-0.53,42.92,-7.7
2009/10,League One,Huddersfield Town,1110,1.73,26,0.0,26,1.73,-0.64,29.26,8.1
2009/10,League One,Brentford FC,1148,0.83,32,0.06,33,0.77,-0.64,29.26,4.8
2009/10,League One,Norwich City,1123,1.41,32,0.9,26,0.51,-0.64,29.26,3.9
2009/10,League One,Brighton & Hove Albion,1237,0.43,33,0.0,33,0.43,-0.64,29.26,3.7
2009/10,League One,Millwall FC,1028,0.52,17,0.21,21,0.3,-0.64,29.26,3.2
2009/10,League One,Milton Keynes Dons,991,0.25,34,0.0,29,0.25,-0.64,29.26,3.1
2009/10,League One,Gillingham FC,2814,0.08,29,0.0,26,0.08,-0.64,29.26,2.5
2009/10,League One,Carlisle United,1220,0.3,24,0.21,28,0.08,-0.64,29.26,2.5
2009/10,League One,Hartlepool United,2577,0.01,17,0.0,13,0.01,-0.64,29.26,2.2
2009/10,League One,Yeovil Town,972,0.0,26,0.0,27,0.0,-0.64,29.26,2.2
2009/10,League One,Leyton Orient,1150,0.0,20,0.0,23,0.0,-0.64,29.26,2.2
2009/10,League One,Southend United,2793,0.0,20,0.0,29,0.0,-0.64,29.26,2.2
2009/10,League One,Wycombe Wanderers,2805,0.0,35,0.06,37,-0.06,-0.64,29.26,2.0
2009/10,League One,Colchester United,1060,0.8,40,1.1,29,-0.3,-0.64,29.26,1.2
2009/10,League One,Walsall FC,899,0.0,15,0.45,15,-0.45,-0.64,29.26,0.7
2009/10,League One,Tranmere Rovers,1074,0.0,24,0.52,30,-0.52,-0.64,29.26,0.4
2009/10,League One,Oldham Athletic,1078,0.0,43,0.58,34,-0.58,-0.64,29.26,0.2
2009/10,League One,Exeter City,6699,0.1,24,1.02,18,-0.92,-0.64,29.26,-0.9
2009/10,League One,Charlton Athletic,358,0.09,39,1.25,42,-1.16,-0.64,29.26,-1.8
2009/10,League One,Bristol Rovers,2455,0.0,25,1.2,31,-1.2,-0.64,29.26,-1.9
2009/10,League One,Stockport County,1098,0.0,25,1.57,23,-1.57,-0.64,29.26,-3.2
2009/10,League One,Southampton FC,180,3.4,32,5.08,31,-1.68,-0.64,29.26,-3.5
2009/10,League One,Swindon Town,352,0.12,21,2.25,33,-2.13,-0.64,29.26,-5.1
2009/10,League One,Leeds United,399,0.48,26,9.5,27,-9.02,-0.64,29.26,-28.6
2010/11,League One,Southampton FC,180,2.82,25,0.0,29,2.82,-0.49,35.07,9.4
2010/11,League One,Brighton & Hove Albion,1237,1.13,26,0.48,21,0.64,-0.49,35.07,3.2
2010/11,League One,Brentford FC,1148,0.5,41,0.2,37,0.3,-0.49,35.07,2.3
2010/11,League One,Notts County,1045,0.7,33,0.44,29,0.25,-0.49,35.07,2.1
2010/11,League One,Exeter City,6699,0.0,24,0.0,21,0.0,-0.49,35.07,1.4
2010/11,League One,Hartlepool United,2577,0.0,12,0.0,14,0.0,-0.49,35.07,1.4
2010/11,League One,Leyton Orient,1150,0.0,31,0.0,29,0.0,-0.49,35.07,1.4
2010/11,League One,Rochdale AFC,1088,0.22,29,0.3,30,-0.08,-0.49,35.07,1.2
2010/11,League One,Bristol Rovers,2455,0.0,31,0.1,28,-0.1,-0.49,35.07,1.1
2010/11,League One,Oldham Athletic,1078,0.0,34,0.27,39,-0.27,-0.49,35.07,0.6
2010/11,League One,Huddersfield Town,1110,0.86,29,1.15,34,-0.28,-0.49,35.07,0.6
2010/11,League One,Dagenham & Redbridge FC,3696,0.0,49,0.32,47,-0.32,-0.49,35.07,0.5
2010/11,League One,Tranmere Rovers,1074,0.0,30,0.32,25,-0.32,-0.49,35.07,0.5
2010/11,League One,Sheffield Wednesday,1035,1.48,24,1.8,21,-0.32,-0.49,35.07,0.5
2010/11,League One,Yeovil Town,972,0.0,34,0.38,34,-0.38,-0.49,35.07,0.3
2010/11,League One,Walsall FC,899,0.0,26,0.72,29,-0.72,-0.49,35.07,-0.7
2010/11,League One,Colchester United,1060,0.0,25,0.76,30,-0.76,-0.49,35.07,-0.8
2010/11,League One,Milton Keynes Dons,991,0.0,22,0.82,28,-0.82,-0.49,35.07,-0.9
2010/11,League One,Swindon Town,352,1.07,25,2.06,20,-0.99,-0.49,35.07,-1.4
2010/11,League One,Carlisle United,1220,0.02,34,1.42,38,-1.4,-0.49,35.07,-2.6
2010/11,League One,Plymouth Argyle,2262,0.22,26,1.84,30,-1.62,-0.49,35.07,-3.2
2010/11,League One,Peterborough United,1072,0.58,46,2.33,48,-1.75,-0.49,35.07,-3.6
2010/11,League One,AFC Bournemouth,989,0.14,25,2.08,21,-1.94,-0.49,35.07,-4.1
2010/11,League One,Charlton Athletic,358,0.6,30,4.35,37,-3.74,-0.49,35.07,-9.3
2011/12,League One,Sheffield Wednesday,1035,0.64,33,0.22,30,0.42,-0.53,32.16,2.9
2011/12,League One,Walsall FC,899,0.0,22,0.0,23,0.0,-0.53,32.16,1.6
2011/12,League One,Notts County,1045,0.0,38,0.0,34,0.0,-0.53,32.16,1.6
2011/12,League One,Colchester United,1060,0.0,18,0.0,20,0.0,-0.53,32.16,1.6
2011/12,League One,Carlisle United,1220,0.0,16,0.0,16,0.0,-0.53,32.16,1.6
2011/12,League One,Yeovil Town,972,0.0,43,0.0,43,0.0,-0.53,32.16,1.6
2011/12,League One,Hartlepool United,2577,0.0,20,0.0,16,0.0,-0.53,32.16,1.6
2011/12,League One,Stevenage FC,3684,0.0,27,0.07,29,-0.07,-0.53,32.16,1.4
2011/12,League One,Brentford FC,1148,0.0,36,0.11,39,-0.11,-0.53,32.16,1.3
2011/12,League One,Bury FC,2413,0.06,32,0.18,28,-0.12,-0.53,32.16,1.3
2011/12,League One,Exeter City,6699,0.0,26,0.12,32,-0.12,-0.53,32.16,1.2
2011/12,League One,Leyton Orient,1150,0.0,35,0.22,35,-0.22,-0.53,32.16,0.9
2011/12,League One,Charlton Athletic,358,0.91,45,1.28,39,-0.37,-0.53,32.16,0.5
2011/12,League One,Oldham Athletic,1078,0.0,31,0.39,30,-0.39,-0.53,32.16,0.4
2011/12,League One,Scunthorpe United,2964,0.04,29,0.48,31,-0.44,-0.53,32.16,0.3
2011/12,League One,Rochdale AFC,1088,0.0,34,0.5,37,-0.5,-0.53,32.16,0.1
2011/12,League One,AFC Bournemouth,989,1.7,39,2.22,35,-0.52,-0.53,32.16,0.0
2011/12,League One,Chesterfield FC,1219,0.0,31,0.78,28,-0.78,-0.53,32.16,-0.8
2011/12,League One,Wycombe Wanderers,2805,0.0,32,0.78,36,-0.78,-0.53,32.16,-0.8
2011/12,League One,Tranmere Rovers,1074,0.0,19,0.88,22,-0.88,-0.53,32.16,-1.1
2011/12,League One,Huddersfield Town,1110,2.09,32,3.1,26,-1.01,-0.53,32.16,-1.5
2011/12,League One,Preston North End,466,0.16,37,1.73,35,-1.56,-0.53,32.16,-3.2
2011/12,League One,Sheffield United,350,0.17,27,2.65,31,-2.48,-0.53,32.16,-6.1
2011/12,League One,Milton Keynes Dons,991,0.11,22,2.8,27,-2.69,-0.53,32.16,-6.7
2012/13,League One,AFC Bournemouth,989,1.57,34,0.94,32,0.63,-0.99,38.75,4.2
2012/13,League One,Shrewsbury Town,3054,0.0,32,0.0,31,0.0,-0.99,38.75,2.6
2012/13,League One,Hartlepool United,2577,0.0,12,0.0,15,0.0,-0.99,38.75,2.6
2012/13,League One,Yeovil Town,972,0.0,34,0.0,35,0.0,-0.99,38.75,2.6
2012/13,League One,Scunthorpe United,2964,0.0,31,0.0,34,0.0,-0.99,38.75,2.6
2012/13,League One,Milton Keynes Dons,991,0.0,26,0.0,26,0.0,-0.99,38.75,2.6
2012/13,League One,Notts County,1045,0.0,28,0.0,32,0.0,-0.99,38.75,2.6
2012/13,League One,Tranmere Rovers,1074,0.0,26,0.0,28,0.0,-0.99,38.75,2.6
2012/13,League One,Oldham Athletic,1078,0.0,27,0.0,30,0.0,-0.99,38.75,2.6
2012/13,League One,Brentford FC,1148,0.0,35,0.0,33,0.0,-0.99,38.75,2.6
2012/13,League One,Carlisle United,1220,0.0,19,0.0,18,0.0,-0.99,38.75,2.6
2012/13,League One,Bury FC,2413,0.0,40,0.0,39,0.0,-0.99,38.75,2.6
2012/13,League One,Walsall FC,899,0.0,32,0.03,30,-0.03,-0.99,38.75,2.5
2012/13,League One,Colchester United,1060,0.0,39,0.12,38,-0.12,-0.99,38.75,2.3
2012/13,League One,Leyton Orient,1150,0.0,23,0.12,25,-0.12,-0.99,38.75,2.3
2012/13,League One,Preston North End,466,0.0,32,0.19,37,-0.19,-0.99,38.75,2.1
2012/13,League One,Swindon Town,352,0.24,29,0.56,35,-0.32,-0.99,38.75,1.7
2012/13,League One,Doncaster Rovers,2454,0.0,30,0.64,38,-0.64,-0.99,38.75,0.9
2012/13,League One,Stevenage FC,3684,0.09,40,1.14,41,-1.05,-0.99,38.75,-0.2
2012/13,League One,Crawley Town,3537,0.0,36,1.72,34,-1.72,-0.99,38.75,-1.9
2012/13,League One,Portsmouth FC,1020,0.0,62,2.52,64,-2.52,-0.99,38.75,-4.0
2012/13,League One,Coventry City,990,0.0,33,2.55,28,-2.55,-0.99,38.75,-4.0
2012/13,League One,Sheffield United,350,0.0,25,5.15,23,-5.15,-0.99,38.75,-10.7
2012/13,League One,Crewe Alexandra,1042,0.05,16,10.0,18,-9.95,-0.99,38.75,-23.1
2013/14,League One,Brentford FC,1148,0.48,42,0.18,37,0.31,-0.45,46.22,1.7
2013/14,League One,Rotherham United,1194,0.16,35,0.0,29,0.16,-0.45,46.22,1.3
2013/14,League One,Crawley Town,3537,0.12,23,0.1,31,0.02,-0.45,46.22,1.0
2013/14,League One,Swindon Town,352,0.59,46,0.58,38,0.01,-0.45,46.22,1.0
2013/14,League One,Preston North End,466,0.0,32,0.0,26,0.0,-0.45,46.22,1.0
2013/14,League One,Milton Keynes Dons,991,0.0,23,0.0,23,0.0,-0.45,46.22,1.0
2013/14,League One,Notts County,1045,0.0,37,0.0,37,0.0,-0.45,46.22,1.0
2013/14,League One,Colchester United,1060,0.0,25,0.0,27,0.0,-0.45,46.22,1.0
2013/14,League One,Tranmere Rovers,1074,0.0,32,0.0,28,0.0,-0.45,46.22,1.0
2013/14,League One,Leyton Orient,1150,0.0,29,0.0,26,0.0,-0.45,46.22,1.0
2013/14,League One,Port Vale FC,1211,0.0,29,0.0,25,0.0,-0.45,46.22,1.0
2013/14,League One,Coventry City,990,0.0,26,0.0,35,0.0,-0.45,46.22,1.0
2013/14,League One,Carlisle United,1220,0.0,43,0.0,44,0.0,-0.45,46.22,1.0
2013/14,League One,Gillingham FC,2814,0.0,30,0.0,28,0.0,-0.45,46.22,1.0
2013/14,League One,Shrewsbury Town,3054,0.0,33,0.0,32,0.0,-0.45,46.22,1.0
2013/14,League One,Stevenage FC,3684,0.0,32,0.0,29,0.0,-0.45,46.22,1.0
2013/14,League One,Sheffield United,350,0.84,36,0.9,40,-0.06,-0.45,46.22,0.9
2013/14,League One,Bristol City,698,0.46,33,0.58,39,-0.11,-0.45,46.22,0.7
2013/14,League One,Oldham Athletic,1078,0.0,39,0.41,44,-0.41,-0.45,46.22,0.1
2013/14,League One,Crewe Alexandra,1042,0.0,23,1.17,24,-1.17,-0.45,46.22,-1.5
2013/14,League One,Walsall FC,899,0.0,20,1.29,18,-1.29,-0.45,46.22,-1.8
2013/14,League One,Bradford City,1027,0.0,24,1.8,28,-1.8,-0.45,46.22,-2.9
2013/14,League One,Peterborough United,1072,3.11,31,5.42,31,-2.31,-0.45,46.22,-4.0
2013/14,League One,Wolverhampton Wanderers,543,1.85,29,6.1,34,-4.25,-0.45,46.22,-8.2
2014/15,League One,Scunthorpe United,2964,0.3,42,0.0,43,0.3,-1.05,61.71,2.2
2014/15,League One,Barnsley FC,349,0.28,42,0.0,46,0.28,-1.05,61.71,2.2
2014/15,League One,Oldham Athletic,1078,0.13,38,0.0,38,0.13,-1.05,61.71,1.9
2014/15,League One,Preston North End,466,0.1,32,0.0,34,0.1,-1.05,61.71,1.8
2014/15,League One,Fleetwood Town,11177,0.0,35,0.0,32,0.0,-1.05,61.71,1.7
2014/15,League One,Gillingham FC,2814,0.0,29,0.0,33,0.0,-1.05,61.71,1.7
2014/15,League One,Walsall FC,899,0.0,26,0.0,27,0.0,-1.05,61.71,1.7
2014/15,League One,Yeovil Town,972,0.0,36,0.0,34,0.0,-1.05,61.71,1.7
2014/15,League One,Bradford City,1027,0.0,29,0.0,32,0.0,-1.05,61.71,1.7
2014/15,League One,Crewe Alexandra,1042,0.0,32,0.0,29,0.0,-1.05,61.71,1.7
2014/15,League One,Notts County,1045,0.0,50,0.0,47,0.0,-1.05,61.71,1.7
2014/15,League One,Port Vale FC,1211,0.0,33,0.03,37,-0.03,-1.05,61.71,1.6
2014/15,League One,Colchester United,1060,0.0,44,0.14,38,-0.14,-1.05,61.71,1.5
2014/15,League One,Crawley Town,3537,0.0,44,0.32,37,-0.32,-1.05,61.71,1.2
2014/15,League One,Swindon Town,352,0.25,28,0.76,34,-0.51,-1.05,61.71,0.9
2014/15,League One,Doncaster Rovers,2454,0.0,19,0.63,21,-0.63,-1.05,61.71,0.7
2014/15,League One,Sheffield United,350,2.42,53,3.15,43,-0.73,-1.05,61.71,0.5
2014/15,League One,Rochdale AFC,1088,0.0,20,0.95,22,-0.95,-1.05,61.71,0.2
2014/15,League One,Leyton Orient,1150,0.0,27,1.25,23,-1.25,-1.05,61.71,-0.3
2014/15,League One,Bristol City,698,0.94,23,2.5,26,-1.56,-1.05,61.71,-0.8
2014/15,League One,Chesterfield FC,1219,0.12,32,1.75,32,-1.62,-1.05,61.71,-0.9
2014/15,League One,Coventry City,990,0.0,34,3.81,35,-3.81,-1.05,61.71,-4.5
2014/15,League One,Milton Keynes Dons,991,0.44,30,6.63,26,-6.19,-1.05,61.71,-8.3
2014/15,League One,Peterborough United,1072,0.94,32,9.11,38,-8.16,-1.05,61.71,-11.5
2015/16,League One,Blackpool FC,1181,0.61,30,0.0,35,0.61,-0.89,73.63,2.0
2015/16,League One,Millwall FC,1028,0.2,27,0.0,31,0.2,-0.89,73.63,1.5
2015/16,League One,Fleetwood Town,11177,0.1,36,0.0,38,0.1,-0.89,73.63,1.3
2015/16,League One,Scunthorpe United,2964,0.0,23,0.0,30,0.0,-0.89,73.63,1.2
2015/16,League One,Gillingham FC,2814,0.0,26,0.0,26,0.0,-0.89,73.63,1.2
2015/16,League One,Walsall FC,899,0.0,20,0.0,23,0.0,-0.89,73.63,1.2
2015/16,League One,Crewe Alexandra,1042,0.0,24,0.0,24,0.0,-0.89,73.63,1.2
2015/16,League One,Colchester United,1060,0.0,22,0.0,24,0.0,-0.89,73.63,1.2
2015/16,League One,Rochdale AFC,1088,0.0,18,0.0,14,0.0,-0.89,73.63,1.2
2015/16,League One,Port Vale FC,1211,0.0,29,0.0,26,0.0,-0.89,73.63,1.2
2015/16,League One,Bury FC,2413,0.0,32,0.0,29,0.0,-0.89,73.63,1.2
2015/16,League One,Doncaster Rovers,2454,0.0,29,0.0,34,0.0,-0.89,73.63,1.2
2015/16,League One,Southend United,2793,0.0,19,0.0,18,0.0,-0.89,73.63,1.2
2015/16,League One,Oldham Athletic,1078,0.0,42,0.1,40,-0.1,-0.89,73.63,1.1
2015/16,League One,Burton Albion,2963,0.05,33,0.46,31,-0.41,-0.89,73.63,0.7
2015/16,League One,Bradford City,1027,0.0,28,0.45,25,-0.45,-0.89,73.63,0.6
2015/16,League One,Barnsley FC,349,0.2,44,1.4,41,-1.2,-0.89,73.63,-0.4
2015/16,League One,Sheffield United,350,0.7,29,2.1,34,-1.4,-0.89,73.63,-0.7
2015/16,League One,Wigan Athletic,1071,4.36,44,6.03,40,-1.67,-0.89,73.63,-1.1
2015/16,League One,Shrewsbury Town,3054,0.0,33,2.2,31,-2.2,-0.89,73.63,-1.8
2015/16,League One,Coventry City,990,0.03,36,2.65,28,-2.62,-0.89,73.63,-2.3
2015/16,League One,Peterborough United,1072,0.35,42,3.3,34,-2.95,-0.89,73.63,-2.8
2015/16,League One,Chesterfield FC,1219,0.0,30,2.99,24,-2.99,-0.89,73.63,-2.9
2015/16,League One,Swindon Town,352,0.07,31,6.34,34,-6.27,-0.89,73.63,-7.3
2016/17,League One,Bradford City,1027,0.29,26,0.18,27,0.11,-1.38,83.35,1.8
2016/17,League One,Fleetwood Town,11177,0.08,36,0.0,32,0.08,-1.38,83.35,1.8
2016/17,League One,Oldham Athletic,1078,0.06,34,0.0,36,0.06,-1.38,83.35,1.7
2016/17,League One,Scunthorpe United,2964,0.0,28,0.0,22,0.0,-1.38,83.35,1.7
2016/17,League One,Shrewsbury Town,3054,0.0,34,0.0,37,0.0,-1.38,83.35,1.7
2016/17,League One,Milton Keynes Dons,991,0.0,22,0.0,20,0.0,-1.38,83.35,1.7
2016/17,League One,Millwall FC,1028,0.0,22,0.0,21,0.0,-1.38,83.35,1.7
2016/17,League One,Rochdale AFC,1088,0.0,21,0.0,23,0.0,-1.38,83.35,1.7
2016/17,League One,Chesterfield FC,1219,0.0,25,0.0,29,0.0,-1.38,83.35,1.7
2016/17,League One,Northampton Town,1302,0.0,25,0.0,24,0.0,-1.38,83.35,1.7
2016/17,League One,Southend United,2793,0.0,18,0.0,20,0.0,-1.38,83.35,1.7
2016/17,League One,Coventry City,990,0.0,25,0.0,27,0.0,-1.38,83.35,1.7
2016/17,League One,Gillingham FC,2814,0.0,23,0.18,22,-0.18,-1.38,83.35,1.4
2016/17,League One,AFC Wimbledon,3884,0.0,22,0.3,17,-0.3,-1.38,83.35,1.3
2016/17,League One,Swindon Town,352,0.66,25,1.0,25,-0.34,-1.38,83.35,1.2
2016/17,League One,Bristol Rovers,2455,0.0,24,0.35,26,-0.35,-1.38,83.35,1.2
2016/17,League One,Port Vale FC,1211,0.0,46,0.4,41,-0.4,-1.38,83.35,1.2
2016/17,League One,Peterborough United,1072,0.12,31,0.72,36,-0.6,-1.38,83.35,0.9
2016/17,League One,Bury FC,2413,0.04,35,1.0,34,-0.96,-1.38,83.35,0.5
2016/17,League One,Walsall FC,899,0.35,23,2.58,22,-2.23,-1.38,83.35,-1.0
2016/17,League One,Oxford United,988,1.06,32,4.7,33,-3.64,-1.38,83.35,-2.7
2016/17,League One,Sheffield United,350,0.76,29,4.94,32,-4.19,-1.38,83.35,-3.4
2016/17,League One,Bolton Wanderers,355,0.0,25,6.13,29,-6.13,-1.38,83.35,-5.7
2016/17,League One,Charlton Athletic,358,1.3,25,15.42,38,-14.12,-1.38,83.35,-15.3
2017/18,League One,Blackburn Rovers,164,1.72,22,0.56,19,1.16,-0.31,109.31,1.3
2017/18,League One,Peterborough United,1072,0.5,26,0.0,23,0.5,-0.31,109.31,0.7
2017/18,League One,Bradford City,1027,0.4,31,0.0,23,0.4,-0.31,109.31,0.7
2017/18,League One,Oldham Athletic,1078,0.4,36,0.0,29,0.4,-0.31,109.31,0.7
2017/18,League One,Fleetwood Town,11177,0.62,35,0.3,38,0.32,-0.31,109.31,0.6
2017/18,League One,Northampton Town,1302,0.17,38,0.0,32,0.17,-0.31,109.31,0.4
2017/18,League One,Portsmouth FC,1020,0.11,19,0.0,28,0.11,-0.31,109.31,0.4
2017/18,League One,Plymouth Argyle,2262,0.0,28,0.0,26,0.0,-0.31,109.31,0.3
2017/18,League One,Doncaster Rovers,2454,0.0,31,0.0,25,0.0,-0.31,109.31,0.3
2017/18,League One,Shrewsbury Town,3054,0.0,37,0.0,35,0.0,-0.31,109.31,0.3
2017/18,League One,Scunthorpe United,2964,0.15,20,0.17,25,-0.02,-0.31,109.31,0.3
2017/18,League One,AFC Wimbledon,3884,0.0,19,0.17,21,-0.17,-0.31,109.31,0.1
2017/18,League One,Walsall FC,899,0.0,25,0.2,24,-0.2,-0.31,109.31,0.1
2017/18,League One,Bristol Rovers,2455,0.17,22,0.45,22,-0.28,-0.31,109.31,0.0
2017/18,League One,Rochdale AFC,1088,0.12,16,0.45,22,-0.34,-0.31,109.31,-0.0
2017/18,League One,Charlton Athletic,358,0.0,21,0.45,20,-0.45,-0.31,109.31,-0.1
2017/18,League One,Wigan Athletic,1071,0.68,33,1.16,34,-0.48,-0.31,109.31,-0.2
2017/18,League One,Bury FC,2413,0.0,37,0.56,38,-0.56,-0.31,109.31,-0.2
2017/18,League One,Milton Keynes Dons,991,0.0,24,0.74,24,-0.74,-0.31,109.31,-0.4
2017/18,League One,Southend United,2793,0.0,22,0.79,15,-0.79,-0.31,109.31,-0.4
2017/18,League One,Blackpool FC,1181,0.04,26,0.84,29,-0.8,-0.31,109.31,-0.4
2017/18,League One,Gillingham FC,2814,0.0,33,0.85,29,-0.85,-0.31,109.31,-0.5
2017/18,League One,Rotherham United,1194,0.08,27,1.8,30,-1.72,-0.31,109.31,-1.3
2017/18,League One,Oxford United,988,0.22,31,3.43,28,-3.2,-0.31,109.31,-2.6
2018/19,League One,Oxford United,988,0.12,29,0.0,33,0.12,-1.57,83.64,2.0
2018/19,League One,AFC Wimbledon,3884,0.04,22,0.0,27,0.04,-1.57,83.64,1.9
2018/19,League One,Fleetwood Town,11177,0.0,32,0.0,36,0.0,-1.57,83.64,1.9
2018/19,League One,Walsall FC,899,0.0,36,0.0,33,0.0,-1.57,83.64,1.9
2018/19,League One,Luton Town,1031,0.0,21,0.0,23,0.0,-1.57,83.64,1.9
2018/19,League One,Blackpool FC,1181,0.0,40,0.0,39,0.0,-1.57,83.64,1.9
2018/19,League One,Plymouth Argyle,2262,0.0,26,0.0,23,0.0,-1.57,83.64,1.9
2018/19,League One,Doncaster Rovers,2454,0.0,32,0.0,36,0.0,-1.57,83.64,1.9
2018/19,League One,Southend United,2793,0.0,19,0.0,21,0.0,-1.57,83.64,1.9
2018/19,League One,Wycombe Wanderers,2805,0.0,17,0.0,16,0.0,-1.57,83.64,1.9
2018/19,League One,Gillingham FC,2814,0.0,24,0.0,28,0.0,-1.57,83.64,1.9
2018/19,League One,Burton Albion,2963,0.0,23,0.0,27,0.0,-1.57,83.64,1.9
2018/19,League One,Shrewsbury Town,3054,0.0,47,0.13,42,-0.13,-1.57,83.64,1.7
2018/19,League One,Portsmouth FC,1020,0.4,21,0.55,18,-0.14,-1.57,83.64,1.7
2018/19,League One,Rochdale AFC,1088,0.0,24,0.16,26,-0.16,-1.57,83.64,1.7
2018/19,League One,Bradford City,1027,0.0,39,0.68,39,-0.68,-1.57,83.64,1.1
2018/19,League One,Coventry City,990,0.55,33,1.35,34,-0.8,-1.57,83.64,0.9
2018/19,League One,Bristol Rovers,2455,0.0,28,0.84,26,-0.84,-1.57,83.64,0.9
2018/19,League One,Scunthorpe United,2964,0.0,30,1.62,25,-1.62,-1.57,83.64,-0.1
2018/19,League One,Accrington Stanley,3688,0.0,33,1.8,30,-1.8,-1.57,83.64,-0.3
2018/19,League One,Barnsley FC,349,1.51,17,3.45,21,-1.94,-1.57,83.64,-0.4
2018/19,League One,Peterborough United,1072,1.5,40,4.65,45,-3.15,-1.57,83.64,-1.9
2018/19,League One,Charlton Athletic,358,0.0,18,4.78,18,-4.78,-1.57,83.64,-3.8
2018/19,League One,Sunderland AFC,289,4.3,30,26.09,26,-21.79,-1.57,83.64,-24.2
2019/20,League One,Peterborough United,1072,1.87,25,0.82,20,1.06,-0.98,90.7,2.2
2019/20,League One,Ipswich Town,677,0.7,21,0.45,22,0.25,-0.98,90.7,1.4
2019/20,League One,Fleetwood Town,11177,0.15,26,0.0,23,0.15,-0.98,90.7,1.2
2019/20,League One,Accrington Stanley,3688,0.0,29,0.0,26,0.0,-0.98,90.7,1.1
2019/20,League One,Bolton Wanderers,355,0.0,34,0.0,35,0.0,-0.98,90.7,1.1
2019/20,League One,Milton Keynes Dons,991,0.0,23,0.0,24,0.0,-0.98,90.7,1.1
2019/20,League One,Tranmere Rovers,1074,0.0,27,0.0,23,0.0,-0.98,90.7,1.1
2019/20,League One,Blackpool FC,1181,0.0,41,0.0,41,0.0,-0.98,90.7,1.1
2019/20,League One,Lincoln City,1198,0.0,26,0.0,24,0.0,-0.98,90.7,1.1
2019/20,League One,Bristol Rovers,2455,0.0,24,0.0,23,0.0,-0.98,90.7,1.1
2019/20,League One,Southend United,2793,0.0,22,0.0,26,0.0,-0.98,90.7,1.1
2019/20,League One,Wycombe Wanderers,2805,0.0,16,0.0,13,0.0,-0.98,90.7,1.1
2019/20,League One,Gillingham FC,2814,0.0,23,0.0,30,0.0,-0.98,90.7,1.1
2019/20,League One,Shrewsbury Town,3054,0.0,26,0.0,34,0.0,-0.98,90.7,1.1
2019/20,League One,Burton Albion,2963,0.0,19,0.2,20,-0.2,-0.98,90.7,0.9
2019/20,League One,AFC Wimbledon,3884,0.0,33,0.22,30,-0.22,-0.98,90.7,0.8
2019/20,League One,Rochdale AFC,1088,0.0,24,1.44,20,-1.44,-0.98,90.7,-0.5
2019/20,League One,Doncaster Rovers,2454,0.0,38,1.7,41,-1.7,-0.98,90.7,-0.8
2019/20,League One,Sunderland AFC,289,0.0,16,1.94,22,-1.94,-0.98,90.7,-1.1
2019/20,League One,Rotherham United,1194,0.68,26,4.0,30,-3.32,-0.98,90.7,-2.6
2019/20,League One,Portsmouth FC,1020,2.15,17,6.6,11,-4.45,-0.98,90.7,-3.8
2019/20,League One,Oxford United,988,0.0,21,5.2,22,-5.2,-0.98,90.7,-4.7
2019/20,League One,Coventry City,990,0.82,26,6.35,27,-5.54,-0.98,90.7,-5.0
2020/21,League One,Sunderland AFC,289,0.34,18,0.0,16,0.34,-0.95,81.16,1.6
2020/21,League One,Portsmouth FC,1020,0.28,15,0.0,20,0.28,-0.95,81.16,1.5
2020/21,League One,Blackpool FC,1181,0.2,35,0.0,34,0.2,-0.95,81.16,1.4
2020/21,League One,Rochdale AFC,1088,0.01,16,0.0,16,0.01,-0.95,81.16,1.2
2020/21,League One,Plymouth Argyle,2262,0.0,26,0.0,25,0.0,-0.95,81.16,1.2
2020/21,League One,Lincoln City,1198,0.0,29,0.0,30,0.0,-0.95,81.16,1.2
2020/21,League One,Ipswich Town,677,0.0,16,0.0,15,0.0,-0.95,81.16,1.2
2020/21,League One,Swindon Town,352,0.0,33,0.0,36,0.0,-0.95,81.16,1.2
2020/21,League One,Gillingham FC,2814,0.0,26,0.0,25,0.0,-0.95,81.16,1.2
2020/21,League One,AFC Wimbledon,3884,0.0,30,0.0,27,0.0,-0.95,81.16,1.2
2020/21,League One,Shrewsbury Town,3054,0.0,22,0.0,21,0.0,-0.95,81.16,1.2
2020/21,League One,Burton Albion,2963,0.0,33,0.0,26,0.0,-0.95,81.16,1.2
2020/21,League One,Accrington Stanley,3688,0.0,22,0.28,28,-0.28,-0.95,81.16,0.8
2020/21,League One,Milton Keynes Dons,991,0.22,24,0.72,28,-0.5,-0.95,81.16,0.6
2020/21,League One,Fleetwood Town,11177,0.0,27,0.57,35,-0.57,-0.95,81.16,0.5
2020/21,League One,Crewe Alexandra,1042,0.0,16,1.06,20,-1.06,-0.95,81.16,-0.1
2020/21,League One,Northampton Town,1302,0.0,26,1.1,36,-1.1,-0.95,81.16,-0.2
2020/21,League One,Hull City,3008,0.84,22,2.1,25,-1.26,-0.95,81.16,-0.4
2020/21,League One,Bristol Rovers,2455,0.0,28,1.4,26,-1.4,-0.95,81.16,-0.5
2020/21,League One,Doncaster Rovers,2454,0.0,26,1.65,27,-1.65,-0.95,81.16,-0.9
2020/21,League One,Charlton Athletic,358,0.49,25,2.2,30,-1.71,-0.95,81.16,-0.9
2020/21,League One,Oxford United,988,0.0,21,2.7,22,-2.7,-0.95,81.16,-2.2
2020/21,League One,Peterborough United,1072,2.5,21,5.6,23,-3.1,-0.95,81.16,-2.6
2020/21,League One,Wigan Athletic,1071,0.0,29,8.4,38,-8.4,-0.95,81.16,-9.2
2021/22,League One,Bolton Wanderers,355,0.5,30,0.03,30,0.47,-0.44,85.86,1.1
2021/22,League One,Ipswich Town,677,3.21,36,2.85,37,0.36,-0.44,85.86,0.9
2021/22,League One,Sunderland AFC,289,0.24,24,0.0,25,0.24,-0.44,85.86,0.8
2021/22,League One,Wigan Athletic,1071,0.74,22,0.58,16,0.16,-0.44,85.86,0.7
2021/22,League One,Portsmouth FC,1020,0.0,29,0.0,31,0.0,-0.44,85.86,0.5
2021/22,League One,Cambridge United,986,0.0,25,0.0,21,0.0,-0.44,85.86,0.5
2021/22,League One,Plymouth Argyle,2262,0.0,21,0.0,21,0.0,-0.44,85.86,0.5
2021/22,League One,Burton Albion,2963,0.0,42,0.0,41,0.0,-0.44,85.86,0.5
2021/22,League One,Gillingham FC,2814,0.0,21,0.0,22,0.0,-0.44,85.86,0.5
2021/22,League One,Doncaster Rovers,2454,0.0,33,0.0,28,0.0,-0.44,85.86,0.5
2021/22,League One,Cheltenham Town,3371,0.0,29,0.23,29,-0.23,-0.44,85.86,0.2
2021/22,League One,Morecambe FC,3697,0.0,27,0.24,26,-0.24,-0.44,85.86,0.2
2021/22,League One,Shrewsbury Town,3054,0.0,17,0.41,19,-0.41,-0.44,85.86,0.0
2021/22,League One,Lincoln City,1198,0.0,22,0.58,20,-0.58,-0.44,85.86,-0.2
2021/22,League One,Charlton Athletic,358,1.18,28,1.8,24,-0.62,-0.44,85.86,-0.2
2021/22,League One,Sheffield Wednesday,1035,0.0,23,0.72,27,-0.72,-0.44,85.86,-0.3
2021/22,League One,Milton Keynes Dons,991,1.5,30,2.28,30,-0.78,-0.44,85.86,-0.4
2021/22,League One,AFC Wimbledon,3884,0.0,37,0.86,34,-0.86,-0.44,85.86,-0.5
2021/22,League One,Wycombe Wanderers,2805,0.0,27,0.87,24,-0.87,-0.44,85.86,-0.5
2021/22,League One,Crewe Alexandra,1042,0.0,24,1.19,24,-1.19,-0.44,85.86,-0.9
2021/22,League One,Fleetwood Town,11177,0.0,27,1.2,25,-1.2,-0.44,85.86,-0.9
2021/22,League One,Accrington Stanley,3688,0.0,23,1.26,19,-1.26,-0.44,85.86,-1.0
2021/22,League One,Rotherham United,1194,0.0,19,1.3,22,-1.3,-0.44,85.86,-1.0
2021/22,League One,Oxford United,988,0.12,18,1.6,17,-1.48,-0.44,85.86,-1.2
2022/23,League One,Ipswich Town,677,2.48,25,0.58,21,1.9,-0.59,159.22,1.6
2022/23,League One,Forest Green Rovers,3455,0.4,38,0.0,36,0.4,-0.59,159.22,0.6
2022/23,League One,Lincoln City,1198,0.37,31,0.0,32,0.37,-0.59,159.22,0.6
2022/23,League One,Cheltenham Town,3371,0.11,31,0.0,28,0.11,-0.59,159.22,0.4
2022/23,League One,Bolton Wanderers,355,0.67,15,0.6,22,0.07,-0.59,159.22,0.4
2022/23,League One,Sheffield Wednesday,1035,0.06,13,0.0,14,0.06,-0.59,159.22,0.4
2022/23,League One,Cambridge United,986,0.0,35,0.0,27,0.0,-0.59,159.22,0.4
2022/23,League One,Fleetwood Town,11177,0.0,26,0.0,26,0.0,-0.59,159.22,0.4
2022/23,League One,Morecambe FC,3697,0.0,23,0.0,24,0.0,-0.59,159.22,0.4
2022/23,League One,Shrewsbury Town,3054,0.0,15,0.0,18,0.0,-0.59,159.22,0.4
2022/23,League One,Wycombe Wanderers,2805,0.0,25,0.0,25,0.0,-0.59,159.22,0.4
2022/23,League One,Bristol Rovers,2455,0.0,25,0.0,28,0.0,-0.59,159.22,0.4
2022/23,League One,Port Vale FC,1211,0.0,17,0.0,21,0.0,-0.59,159.22,0.4
2022/23,League One,Charlton Athletic,358,0.0,30,0.0,30,0.0,-0.59,159.22,0.4
2022/23,League One,Derby County,22,0.0,20,0.0,22,0.0,-0.59,159.22,0.4
2022/23,League One,Accrington Stanley,3688,0.0,25,0.28,25,-0.28,-0.59,159.22,0.2
2022/23,League One,Burton Albion,2963,0.0,39,0.57,42,-0.57,-0.59,159.22,0.0
2022/23,League One,Exeter City,6699,0.0,21,0.58,31,-0.58,-0.59,159.22,0.0
2022/23,League One,Plymouth Argyle,2262,0.0,24,0.58,20,-0.58,-0.59,159.22,0.0
2022/23,League One,Portsmouth FC,1020,0.0,23,0.7,21,-0.7,-0.59,159.22,-0.1
2022/23,League One,Oxford United,988,0.1,22,1.85,20,-1.76,-0.59,159.22,-0.7
2022/23,League One,Peterborough United,1072,0.56,14,3.45,20,-2.88,-0.59,159.22,-1.4
2022/23,League One,Barnsley FC,349,0.02,28,4.8,30,-4.78,-0.59,159.22,-2.6
2022/23,League One,Milton Keynes Dons,991,0.3,31,5.2,26,-4.9,-0.59,159.22,-2.7
2023/24,League One,Charlton Athletic,358,1.98,39,0.35,32,1.63,-0.97,147.93,1.8
2023/24,League One,Bolton Wanderers,355,1.18,19,0.0,18,1.18,-0.97,147.93,1.5
2023/24,League One,Oxford United,988,0.46,28,0.0,26,0.46,-0.97,147.93,1.0
2023/24,League One,Fleetwood Town,11177,0.16,21,0.0,24,0.16,-0.97,147.93,0.8
2023/24,League One,Wycombe Wanderers,2805,0.14,34,0.0,35,0.14,-0.97,147.93,0.8
2023/24,League One,Portsmouth FC,1020,0.09,31,0.0,23,0.09,-0.97,147.93,0.7
2023/24,League One,Northampton Town,1302,0.0,21,0.0,20,0.0,-0.97,147.93,0.7
2023/24,League One,Carlisle United,1220,0.0,27,0.0,26,0.0,-0.97,147.93,0.7
2023/24,League One,Port Vale FC,1211,0.0,27,0.0,25,0.0,-0.97,147.93,0.7
2023/24,League One,Lincoln City,1198,0.0,31,0.0,28,0.0,-0.97,147.93,0.7
2023/24,League One,Leyton Orient,1150,0.0,32,0.0,34,0.0,-0.97,147.93,0.7
2023/24,League One,Cambridge United,986,0.0,29,0.0,29,0.0,-0.97,147.93,0.7
2023/24,League One,Stevenage FC,3684,0.0,27,0.0,23,0.0,-0.97,147.93,0.7
2023/24,League One,Shrewsbury Town,3054,0.1,26,0.14,19,-0.04,-0.97,147.93,0.6
2023/24,League One,Burton Albion,2963,0.0,32,0.18,34,-0.18,-0.97,147.93,0.5
2023/24,League One,Wigan Athletic,1071,0.0,27,0.29,32,-0.29,-0.97,147.93,0.5
2023/24,League One,Bristol Rovers,2455,0.35,27,0.88,29,-0.53,-0.97,147.93,0.3
2023/24,League One,Cheltenham Town,3371,0.0,32,0.76,32,-0.76,-0.97,147.93,0.1
2023/24,League One,Exeter City,6699,0.0,42,2.27,33,-2.27,-0.97,147.93,-0.9
2023/24,League One,Derby County,22,0.35,16,2.88,12,-2.53,-0.97,147.93,-1.1
2023/24,League One,Blackpool FC,1181,0.0,21,2.8,26,-2.8,-0.97,147.93,-1.2
2023/24,League One,Reading FC,1032,0.0,26,4.2,24,-4.2,-0.97,147.93,-2.2
2023/24,League One,Peterborough United,1072,2.56,23,7.83,22,-5.27,-0.97,147.93,-2.9
2023/24,League One,Barnsley FC,349,0.63,33,8.78,30,-8.15,-0.97,147.93,-4.9
1998/99,Serie A,SS Lazio,398,103.47,16,33.35,16,70.12,12.24,25.97,222.9
1998/99,Serie A,Inter Milan,46,64.35,15,6.75,15,57.6,12.24,25.97,174.7
1998/99,Serie A,AS Roma,12,37.88,9,0.0,10,37.88,12.24,25.97,98.8
1998/99,Serie A,AC Parma,130,45.05,16,9.25,16,35.8,12.24,25.97,90.7
1998/99,Serie A,Juventus FC,506,32.45,19,11.08,19,21.37,12.24,25.97,35.2
1998/99,Serie A,AC Milan,5,46.22,26,29.05,28,17.17,12.24,25.97,19.0
1998/99,Serie A,US Salernitana,380,21.9,20,6.75,22,15.15,12.24,25.97,11.2
1998/99,Serie A,Cagliari Calcio,1390,12.5,14,0.25,13,12.25,12.24,25.97,0.1
1998/99,Serie A,AC Venezia 1907,607,14.25,24,7.95,16,6.3,12.24,25.97,-22.9
1998/99,Serie A,Vicenza Calcio,2655,3.25,16,1.0,14,2.25,12.24,25.97,-38.5
1998/99,Serie A,FC Empoli,749,3.6,28,3.0,23,0.6,12.24,25.97,-44.8
1998/99,Serie A,AC Perugia,839,4.72,32,4.5,33,0.22,12.24,25.97,-46.3
1998/99,Serie A,AC Fiorentina,430,27.5,13,28.76,11,-1.26,12.24,25.97,-52.0
1998/99,Serie A,Piacenza FC,1408,1.0,10,3.3,13,-2.3,12.24,25.97,-56.0
1998/99,Serie A,Bologna FC 1909,1025,6.38,18,11.25,14,-4.87,12.24,25.97,-65.9
1998/99,Serie A,UC Sampdoria,1038,32.8,22,45.5,20,-12.7,12.24,25.97,-96.0
1998/99,Serie A,Udinese Calcio,410,5.1,14,21.45,16,-16.35,12.24,25.97,-110.1
1998/99,Serie A,AS Bari,332,5.0,11,24.0,14,-19.0,12.24,25.97,-120.3
1999/00,Serie A,Inter Milan,46,153.73,24,40.39,23,113.34,16.89,41.16,234.3
1999/00,Serie A,AC Milan,5,86.95,27,12.02,27,74.93,16.89,41.16,141.0
1999/00,Serie A,AS Roma,12,74.42,18,26.82,21,47.6,16.89,41.16,74.6
1999/00,Serie A,AC Fiorentina,430,52.46,14,8.75,14,43.71,16.89,41.16,65.2
1999/00,Serie A,SS Lazio,398,71.93,12,53.98,13,17.95,16.89,41.16,2.6
1999/00,Serie A,AC Parma,130,83.84,21,70.35,16,13.49,16.89,41.16,-8.3
1999/00,Serie A,Reggina Calcio,1386,11.85,21,0.4,18,11.45,16.89,41.16,-13.2
1999/00,Serie A,US Lecce,1005,16.92,20,5.89,25,11.03,16.89,41.16,-14.2
1999/00,Serie A,Hellas Verona,276,9.38,16,1.0,14,8.38,16.89,41.16,-20.7
1999/00,Serie A,Juventus FC,506,54.0,16,48.5,18,5.5,16.89,41.16,-27.7
1999/00,Serie A,Udinese Calcio,410,47.64,26,44.43,21,3.21,16.89,41.16,-33.2
1999/00,Serie A,Torino Calcio,416,7.35,23,4.4,24,2.95,16.89,41.16,-33.9
1999/00,Serie A,AC Venezia 1907,607,14.4,23,11.5,24,2.9,16.89,41.16,-34.0
1999/00,Serie A,AS Bari,332,11.2,19,13.0,12,-1.8,16.89,41.16,-45.4
1999/00,Serie A,Bologna FC 1909,1025,19.05,17,24.35,18,-5.3,16.89,41.16,-53.9
1999/00,Serie A,Piacenza FC,1408,11.5,9,18.85,9,-7.35,16.89,41.16,-58.9
1999/00,Serie A,Cagliari Calcio,1390,5.35,15,17.25,15,-11.9,16.89,41.16,-69.9
1999/00,Serie A,AC Perugia,839,9.0,28,35.1,32,-26.1,16.89,41.16,-104.4
2000/01,Serie A,AS Roma,12,98.3,23,12.04,19,86.26,14.55,38.59,185.8
2000/01,Serie A,SS Lazio,398,122.32,21,45.7,16,76.62,14.55,38.59,160.8
2000/01,Serie A,AC Milan,5,57.8,26,18.83,25,38.97,14.55,38.59,63.3
2000/01,Serie A,Juventus FC,506,54.05,21,26.64,20,27.41,14.55,38.59,33.3
2000/01,Serie A,SSC Napoli,6195,35.17,29,8.8,28,26.37,14.55,38.59,30.6
2000/01,Serie A,Inter Milan,46,94.24,37,73.38,35,20.86,14.55,38.59,16.3
2000/01,Serie A,Hellas Verona,276,19.55,25,8.2,19,11.35,14.55,38.59,-8.3
2000/01,Serie A,AC Parma,130,101.2,20,93.47,28,7.73,14.55,38.59,-17.7
2000/01,Serie A,AS Bari,332,2.5,17,0.0,14,2.5,14.55,38.59,-31.2
2000/01,Serie A,Udinese Calcio,410,10.85,23,10.3,23,0.55,14.55,38.59,-36.3
2000/01,Serie A,Reggina Calcio,1386,14.25,22,14.0,21,0.25,14.55,38.59,-37.1
2000/01,Serie A,Bologna FC 1909,1025,29.44,21,30.78,23,-1.34,14.55,38.59,-41.2
2000/01,Serie A,Atalanta BC,800,1.5,14,3.0,14,-1.5,14.55,38.59,-41.6
2000/01,Serie A,AC Perugia,839,9.13,25,10.75,27,-1.62,14.55,38.59,-41.9
2000/01,Serie A,Brescia Calcio,19,4.55,22,8.93,19,-4.38,14.55,38.59,-49.1
2000/01,Serie A,US Lecce,1005,6.92,22,12.75,18,-5.83,14.55,38.59,-52.8
2000/01,Serie A,Vicenza Calcio,2655,5.35,21,13.9,17,-8.55,14.55,38.59,-59.9
2000/01,Serie A,AC Fiorentina,430,27.45,11,41.15,15,-13.7,14.55,38.59,-73.2
2001/02,Serie A,AC Milan,5,160.13,30,57.71,29,102.42,6.48,55.43,173.1
2001/02,Serie A,Inter Milan,46,119.39,33,49.8,37,69.59,6.48,55.43,113.9
2001/02,Serie A,Juventus FC,506,182.14,19,153.96,22,28.18,6.48,55.43,39.1
2001/02,Serie A,Brescia Calcio,19,25.02,23,3.0,20,22.02,6.48,55.43,28.0
2001/02,Serie A,Torino Calcio,416,23.13,17,2.5,24,20.63,6.48,55.43,25.5
2001/02,Serie A,SS Lazio,398,139.25,14,119.2,17,20.05,6.48,55.43,24.5
2001/02,Serie A,AC Venezia 1907,607,13.2,25,2.73,24,10.47,6.48,55.43,7.2
2001/02,Serie A,US Lecce,1005,24.48,16,16.72,14,7.76,6.48,55.43,2.3
2001/02,Serie A,Piacenza FC,1408,14.95,15,8.5,17,6.45,6.48,55.43,-0.1
2001/02,Serie A,Chievo Verona,862,5.47,25,1.0,28,4.47,6.48,55.43,-3.6
2001/02,Serie A,Bologna FC 1909,1025,12.35,13,12.95,15,-0.6,6.48,55.43,-12.8
2001/02,Serie A,AS Roma,12,77.68,24,81.58,26,-3.9,6.48,55.43,-18.7
2001/02,Serie A,Atalanta BC,800,36.3,21,44.0,21,-7.7,6.48,55.43,-25.6
2001/02,Serie A,Hellas Verona,276,1.5,18,9.3,19,-7.8,6.48,55.43,-25.8
2001/02,Serie A,Udinese Calcio,410,27.8,37,40.47,33,-12.67,6.48,55.43,-34.5
2001/02,Serie A,AC Perugia,839,11.11,29,36.3,20,-25.19,6.48,55.43,-57.1
2001/02,Serie A,AC Parma,130,118.52,33,163.82,33,-45.3,6.48,55.43,-93.4
2001/02,Serie A,AC Fiorentina,430,5.34,14,77.57,10,-72.23,6.48,55.43,-142.0
2002/03,Serie A,Juventus FC,506,47.9,30,20.9,29,27.0,-1.78,23.82,120.8
2002/03,Serie A,AC Milan,5,71.1,23,45.6,27,25.5,-1.78,23.82,114.5
2002/03,Serie A,AC Parma,130,89.85,34,80.15,36,9.7,-1.78,23.82,48.2
2002/03,Serie A,Como Calcio,1047,6.2,29,0.83,32,5.37,-1.78,23.82,30.0
2002/03,Serie A,Modena FC,1385,5.84,18,1.0,14,4.84,-1.78,23.82,27.8
2002/03,Serie A,AS Roma,12,30.56,24,25.75,19,4.81,-1.78,23.82,27.7
2002/03,Serie A,Reggina Calcio,1386,6.8,21,3.0,21,3.8,-1.78,23.82,23.4
2002/03,Serie A,Udinese Calcio,410,6.0,20,2.7,30,3.3,-1.78,23.82,21.3
2002/03,Serie A,Torino Calcio,416,2.8,28,0.0,23,2.8,-1.78,23.82,19.2
2002/03,Serie A,Piacenza FC,1408,6.75,23,5.15,24,1.6,-1.78,23.82,14.2
2002/03,Serie A,Bologna FC 1909,1025,1.5,15,0.5,15,1.0,-1.78,23.82,11.7
2002/03,Serie A,Atalanta BC,800,0.7,15,3.71,19,-3.01,-1.78,23.82,-5.2
2002/03,Serie A,Inter Milan,46,116.18,31,119.25,27,-3.07,-1.78,23.82,-5.4
2002/03,Serie A,Chievo Verona,862,4.05,34,12.82,26,-8.77,-1.78,23.82,-29.4
2002/03,Serie A,Brescia Calcio,19,5.2,24,17.5,34,-12.3,-1.78,23.82,-44.2
2002/03,Serie A,FC Empoli,749,1.15,19,17.02,17,-15.87,-1.78,23.82,-59.2
2002/03,Serie A,AC Perugia,839,8.0,26,24.9,35,-16.9,-1.78,23.82,-63.5
2002/03,Serie A,SS Lazio,398,18.21,11,80.0,16,-61.79,-1.78,23.82,-251.9
2003/04,Serie A,Juventus FC,506,35.79,29,6.3,32,29.49,-0.35,11.76,253.8
2003/04,Serie A,AS Roma,12,27.1,20,0.0,20,27.1,-0.35,11.76,233.4
2003/04,Serie A,Inter Milan,46,64.2,44,51.42,42,12.78,-0.35,11.76,111.7
2003/04,Serie A,SS Lazio,398,18.58,19,8.85,22,9.73,-0.35,11.76,85.7
2003/04,Serie A,UC Sampdoria,1038,7.5,20,0.0,18,7.5,-0.35,11.76,66.8
2003/04,Serie A,Reggina Calcio,1386,4.75,19,0.0,21,4.75,-0.35,11.76,43.4
2003/04,Serie A,Modena FC,1385,3.66,19,0.0,17,3.66,-0.35,11.76,34.1
2003/04,Serie A,AC Siena,1387,2.9,20,0.0,27,2.9,-0.35,11.76,27.6
2003/04,Serie A,US Lecce,1005,0.0,19,0.0,17,0.0,-0.35,11.76,3.0
2003/04,Serie A,AC Milan,5,17.12,25,18.85,29,-1.73,-0.35,11.76,-11.7
2003/04,Serie A,Ancona Calcio,1388,0.12,42,2.12,47,-2.0,-0.35,11.76,-14.1
2003/04,Serie A,AC Perugia,839,0.0,42,2.5,34,-2.5,-0.35,11.76,-18.3
2003/04,Serie A,Chievo Verona,862,5.45,38,8.45,44,-3.0,-0.35,11.76,-22.5
2003/04,Serie A,Udinese Calcio,410,0.0,21,3.4,24,-3.4,-0.35,11.76,-25.9
2003/04,Serie A,FC Empoli,749,0.0,15,4.99,17,-4.99,-0.35,11.76,-39.5
2003/04,Serie A,Bologna FC 1909,1025,0.48,20,9.7,17,-9.22,-0.35,11.76,-75.4
2003/04,Serie A,Brescia Calcio,19,0.0,26,16.0,24,-16.0,-0.35,11.76,-133.1
2003/04,Serie A,AC Parma,130,24.02,33,85.4,31,-61.38,-0.35,11.76,-519.0
2004/05,Serie A,ACF Fiorentina,430,49.5,19,2.2,24,47.3,-2.7,12.84,389.4
2004/05,Serie A,Juventus FC,506,71.12,30,47.12,30,24.0,-2.7,12.84,208.0
2004/05,Serie A,US Palermo,458,20.55,23,4.0,30,16.55,-2.7,12.84,149.9
2004/05,Serie A,UC Sampdoria,1038,3.7,20,1.5,24,2.2,-2.7,12.84,38.2
2004/05,Serie A,Bologna FC 1909,1025,4.22,19,2.4,21,1.82,-2.7,12.84,35.2
2004/05,Serie A,FC Messina Peloro,1104,0.9,24,0.0,20,0.9,-2.7,12.84,28.1
2004/05,Serie A,Cagliari Calcio,1390,0.7,12,0.0,13,0.7,-2.7,12.84,26.5
2004/05,Serie A,Atalanta BC,800,7.5,21,7.88,21,-0.38,-2.7,12.84,18.1
2004/05,Serie A,AC Siena,1387,0.4,25,1.3,22,-0.9,-2.7,12.84,14.0
2004/05,Serie A,AC Milan,5,10.5,27,12.2,25,-1.7,-2.7,12.84,7.8
2004/05,Serie A,Udinese Calcio,410,0.1,22,2.2,22,-2.1,-2.7,12.84,4.7
2004/05,Serie A,Reggina Calcio,1386,4.55,24,6.7,26,-2.15,-2.7,12.84,4.3
2004/05,Serie A,AS Livorno,1210,2.7,16,6.5,18,-3.8,-2.7,12.84,-8.5
2004/05,Serie A,Chievo Verona,862,1.55,34,12.7,34,-11.15,-2.7,12.84,-65.8
2004/05,Serie A,Inter Milan,46,17.55,44,31.37,47,-13.82,-2.7,12.84,-86.6
2004/05,Serie A,AS Roma,12,43.21,25,62.5,28,-19.29,-2.7,12.84,-129.2
2004/05,Serie A,Brescia Calcio,19,0.0,22,19.75,22,-19.75,-2.7,12.84,-132.8
2004/05,Serie A,Parma FC,130,3.18,32,25.31,31,-22.13,-2.7,12.84,-151.3
2004/05,Serie A,SS Lazio,398,14.21,23,37.5,16,-23.29,-2.7,12.84,-160.3
2004/05,Serie A,US Lecce,1005,0.65,18,27.71,18,-27.06,-2.7,12.84,-189.7
2005/06,Serie A,ACF Fiorentina,430,34.5,21,10.19,28,24.31,1.73,10.14,222.7
2005/06,Serie A,AC Milan,5,33.5,26,12.0,26,21.5,1.73,10.14,195.0
2005/06,Serie A,Juventus FC,506,30.39,28,14.03,28,16.36,1.73,10.14,144.3
2005/06,Serie A,US Palermo,458,27.7,24,11.4,26,16.3,1.73,10.14,143.7
2005/06,Serie A,Inter Milan,46,30.4,41,23.14,39,7.26,1.73,10.14,54.5
2005/06,Serie A,SS Lazio,398,7.25,21,2.0,24,5.25,1.73,10.14,34.7
2005/06,Serie A,Cagliari Calcio,1390,5.0,17,2.0,18,3.0,1.73,10.14,12.5
2005/06,Serie A,AC Siena,1387,1.95,24,0.0,25,1.95,1.73,10.14,2.2
2005/06,Serie A,UC Sampdoria,1038,0.5,22,0.0,24,0.5,1.73,10.14,-12.1
2005/06,Serie A,Ascoli Calcio 1898,408,0.2,37,0.0,34,0.2,1.73,10.14,-15.1
2005/06,Serie A,FC Empoli,749,0.0,14,0.0,20,0.0,1.73,10.14,-17.1
2005/06,Serie A,AS Livorno,1210,0.3,18,0.62,18,-0.32,1.73,10.14,-20.2
2005/06,Serie A,FC Messina Peloro,1104,0.0,22,0.4,25,-0.4,1.73,10.14,-21.0
2005/06,Serie A,Chievo Verona,862,0.6,31,1.35,31,-0.75,1.73,10.14,-24.5
2005/06,Serie A,US Lecce,1005,0.0,22,1.5,19,-1.5,1.73,10.14,-31.9
2005/06,Serie A,Treviso FBC 1993,2251,3.11,33,5.8,29,-2.69,1.73,10.14,-43.6
2005/06,Serie A,AS Roma,12,0.52,22,7.15,23,-6.63,1.73,10.14,-82.5
2005/06,Serie A,Reggina Calcio,1386,5.05,29,15.13,31,-10.08,1.73,10.14,-116.5
2005/06,Serie A,Parma FC,130,11.65,20,26.25,23,-14.6,1.73,10.14,-161.1
2005/06,Serie A,Udinese Calcio,410,10.15,40,35.2,31,-25.05,1.73,10.14,-264.1
2006/07,Serie A,ACF Fiorentina,430,31.85,20,4.33,20,27.52,1.6,14.39,180.2
2006/07,Serie A,US Palermo,458,48.0,30,29.04,27,18.96,1.6,14.39,120.7
2006/07,Serie A,Inter Milan,46,48.4,33,31.89,36,16.51,1.6,14.39,103.7
2006/07,Serie A,SS Lazio,398,24.16,19,8.75,23,15.41,1.6,14.39,96.0
2006/07,Serie A,Torino FC,416,12.67,21,0.9,19,11.77,1.6,14.39,70.7
2006/07,Serie A,Udinese Calcio,410,15.14,32,13.43,34,1.71,1.6,14.39,0.8
2006/07,Serie A,AS Roma,12,21.22,26,20.22,24,1.0,1.6,14.39,-4.1
2006/07,Serie A,Atalanta BC,800,4.22,19,3.25,23,0.97,1.6,14.39,-4.3
2006/07,Serie A,Cagliari Calcio,1390,0.7,14,0.0,12,0.7,1.6,14.39,-6.2
2006/07,Serie A,AC Siena,1387,4.0,29,4.08,25,-0.08,1.6,14.39,-11.6
2006/07,Serie A,AS Livorno,1210,2.35,23,2.72,23,-0.37,1.6,14.39,-13.7
2006/07,Serie A,FC Messina Peloro,1104,0.8,34,2.53,28,-1.73,1.6,14.39,-23.1
2006/07,Serie A,UC Sampdoria,1038,14.59,34,17.11,33,-2.52,1.6,14.39,-28.6
2006/07,Serie A,Calcio Catania,1627,0.33,21,3.2,19,-2.87,1.6,14.39,-31.0
2006/07,Serie A,Reggina Calcio,1386,4.9,31,8.3,28,-3.4,1.6,14.39,-34.7
2006/07,Serie A,Ascoli Calcio 1898,408,1.18,30,5.1,35,-3.92,1.6,14.39,-38.3
2006/07,Serie A,Chievo Verona,862,4.72,30,8.75,23,-4.03,1.6,14.39,-39.1
2006/07,Serie A,FC Empoli,749,2.5,19,12.32,17,-9.82,1.6,14.39,-79.3
2006/07,Serie A,AC Milan,5,41.6,27,57.63,25,-16.03,1.6,14.39,-122.5
2006/07,Serie A,Parma FC,130,4.42,18,22.3,20,-17.88,1.6,14.39,-135.4
2007/08,Serie A,SSC Napoli,6195,44.06,19,1.12,19,42.94,7.64,23.37,151.1
2007/08,Serie A,Juventus FC,506,69.45,36,33.08,39,36.37,7.64,23.37,123.0
2007/08,Serie A,Inter Milan,46,43.3,31,14.65,32,28.65,7.64,23.37,89.9
2007/08,Serie A,AS Roma,12,51.0,23,22.92,27,28.08,7.64,23.37,87.5
2007/08,Serie A,AC Milan,5,29.0,22,11.11,22,17.89,7.64,23.37,43.9
2007/08,Serie A,Parma FC,130,18.9,26,6.9,26,12.0,7.64,23.37,18.7
2007/08,Serie A,Genoa CFC,252,25.25,26,14.46,30,10.79,7.64,23.37,13.5
2007/08,Serie A,Torino FC,416,12.71,22,3.25,24,9.46,7.64,23.37,7.8
2007/08,Serie A,AC Siena,1387,12.85,29,5.28,31,7.57,7.64,23.37,-0.3
2007/08,Serie A,US Palermo,458,26.85,20,20.63,24,6.22,7.64,23.37,-6.1
2007/08,Serie A,SS Lazio,398,7.14,21,3.53,18,3.61,7.64,23.37,-17.2
2007/08,Serie A,Calcio Catania,1627,7.89,21,5.54,21,2.35,7.64,23.37,-22.6
2007/08,Serie A,AS Livorno,1210,11.27,19,11.71,17,-0.44,7.64,23.37,-34.6
2007/08,Serie A,Atalanta BC,800,11.62,29,15.65,28,-4.03,7.64,23.37,-49.9
2007/08,Serie A,UC Sampdoria,1038,14.5,28,19.85,27,-5.35,7.64,23.37,-55.6
2007/08,Serie A,Cagliari Calcio,1390,11.45,26,18.3,22,-6.85,7.64,23.37,-62.0
2007/08,Serie A,ACF Fiorentina,430,36.85,25,44.07,20,-7.22,7.64,23.37,-63.6
2007/08,Serie A,Udinese Calcio,410,23.66,34,33.11,37,-9.45,7.64,23.37,-73.1
2007/08,Serie A,Reggina Calcio,1386,8.08,31,18.0,29,-9.92,7.64,23.37,-75.1
2007/08,Serie A,FC Empoli,749,1.48,11,11.4,12,-9.92,7.64,23.37,-75.1
2008/09,Serie A,Inter Milan,46,76.1,34,10.18,32,65.92,12.33,31.13,172.1
2008/09,Serie A,ACF Fiorentina,430,49.2,23,18.32,25,30.88,12.33,31.13,59.6
2008/09,Serie A,UC Sampdoria,1038,38.24,35,10.8,38,27.44,12.33,31.13,48.5
2008/09,Serie A,AC Milan,5,73.88,35,48.01,36,25.87,12.33,31.13,43.5
2008/09,Serie A,SSC Napoli,6195,30.8,18,10.65,19,20.15,12.33,31.13,25.1
2008/09,Serie A,Bologna FC 1909,1025,24.4,20,6.4,16,18.0,12.33,31.13,18.2
2008/09,Serie A,Genoa CFC,252,55.91,40,40.35,42,15.56,12.33,31.13,10.4
2008/09,Serie A,AS Roma,12,32.55,38,18.0,34,14.55,12.33,31.13,7.1
2008/09,Serie A,Cagliari Calcio,1390,19.01,17,7.15,22,11.86,12.33,31.13,-1.5
2008/09,Serie A,SS Lazio,398,24.55,24,12.7,25,11.85,12.33,31.13,-1.5
2008/09,Serie A,Torino FC,416,22.2,18,11.4,19,10.8,12.33,31.13,-4.9
2008/09,Serie A,AC Siena,1387,16.4,35,7.55,35,8.85,12.33,31.13,-11.2
2008/09,Serie A,Juventus FC,506,40.5,35,31.8,36,8.7,12.33,31.13,-11.7
2008/09,Serie A,US Lecce,1005,9.1,25,2.45,28,6.65,12.33,31.13,-18.3
2008/09,Serie A,Chievo Verona,862,3.5,31,1.6,28,1.9,12.33,31.13,-33.5
2008/09,Serie A,Atalanta BC,800,16.05,30,16.7,30,-0.65,12.33,31.13,-41.7
2008/09,Serie A,Reggina Calcio,1386,7.35,33,10.18,33,-2.83,12.33,31.13,-48.7
2008/09,Serie A,US Palermo,458,57.3,31,63.95,29,-6.65,12.33,31.13,-61.0
2008/09,Serie A,Calcio Catania,1627,5.5,23,12.3,22,-6.8,12.33,31.13,-61.5
2008/09,Serie A,Udinese Calcio,410,20.1,49,35.5,52,-15.4,12.33,31.13,-89.1
2009/10,Serie A,SSC Napoli,6195,55.15,17,4.75,22,50.4,1.27,27.92,176.0
2009/10,Serie A,Juventus FC,506,59.3,29,14.3,28,45.0,1.27,27.92,156.7
2009/10,Serie A,Calcio Catania,1627,21.5,37,1.15,32,20.35,1.27,27.92,68.4
2009/10,Serie A,SS Lazio,398,31.2,31,13.2,25,18.0,1.27,27.92,59.9
2009/10,Serie A,AS Bari,332,19.14,45,1.79,40,17.35,1.27,27.92,57.6
2009/10,Serie A,Cagliari Calcio,1390,12.75,16,1.05,14,11.7,1.27,27.92,37.4
2009/10,Serie A,Genoa CFC,252,78.99,61,69.75,54,9.24,1.27,27.92,28.6
2009/10,Serie A,US Palermo,458,17.3,35,12.79,32,4.51,1.27,27.92,11.6
2009/10,Serie A,Bologna FC 1909,1025,10.49,24,6.2,24,4.29,1.27,27.92,10.8
2009/10,Serie A,Chievo Verona,862,2.52,38,4.96,40,-2.44,1.27,27.92,-13.3
2009/10,Serie A,AS Livorno,1210,2.87,28,7.7,22,-4.83,1.27,27.92,-21.8
2009/10,Serie A,Parma FC,130,27.47,42,32.48,42,-5.01,1.27,27.92,-22.5
2009/10,Serie A,ACF Fiorentina,430,38.65,32,45.07,32,-6.42,1.27,27.92,-27.5
2009/10,Serie A,AC Siena,1387,19.43,43,27.2,43,-7.77,1.27,27.92,-32.4
2009/10,Serie A,Atalanta BC,800,11.5,33,22.22,32,-10.72,1.27,27.92,-42.9
2009/10,Serie A,UC Sampdoria,1038,8.96,40,20.2,39,-11.24,1.27,27.92,-44.8
2009/10,Serie A,Inter Milan,46,97.2,40,109.1,43,-11.9,1.27,27.92,-47.2
2009/10,Serie A,Udinese Calcio,410,18.33,55,36.4,51,-18.07,1.27,27.92,-69.3
2009/10,Serie A,AS Roma,12,3.5,28,22.08,32,-18.58,1.27,27.92,-71.1
2009/10,Serie A,AC Milan,5,22.1,22,80.66,23,-58.56,1.27,27.92,-214.3
2010/11,Serie A,AC Milan,5,51.9,43,25.93,39,25.97,3.73,24.6,90.4
2010/11,Serie A,Juventus FC,506,59.44,46,37.23,42,22.21,3.73,24.6,75.1
2010/11,Serie A,Genoa CFC,252,80.05,62,62.0,67,18.05,3.73,24.6,58.2
2010/11,Serie A,ACF Fiorentina,430,22.97,28,5.75,24,17.22,3.73,24.6,54.8
2010/11,Serie A,Bologna FC 1909,1025,22.36,23,8.2,24,14.16,3.73,24.6,42.4
2010/11,Serie A,Parma FC,130,30.78,54,18.66,52,12.12,3.73,24.6,34.1
2010/11,Serie A,US Palermo,458,33.21,40,23.85,42,9.36,3.73,24.6,22.9
2010/11,Serie A,SSC Napoli,6195,19.8,30,12.9,24,6.9,3.73,24.6,12.9
2010/11,Serie A,Chievo Verona,862,7.58,50,1.1,51,6.48,3.73,24.6,11.2
2010/11,Serie A,US Lecce,1005,5.15,30,1.84,34,3.31,3.73,24.6,-1.7
2010/11,Serie A,SS Lazio,398,29.5,19,27.03,22,2.47,3.73,24.6,-5.1
2010/11,Serie A,AS Roma,12,11.2,30,10.65,28,0.55,3.73,24.6,-12.9
2010/11,Serie A,Brescia Calcio,19,8.25,25,7.75,24,0.5,3.73,24.6,-13.1
2010/11,Serie A,AC Cesena,1429,6.57,41,6.35,48,0.22,3.73,24.6,-14.3
2010/11,Serie A,Cagliari Calcio,1390,7.85,16,8.96,21,-1.11,3.73,24.6,-19.7
2010/11,Serie A,UC Sampdoria,1038,25.81,37,27.0,36,-1.19,3.73,24.6,-20.0
2010/11,Serie A,AS Bari,332,12.25,45,16.5,44,-4.25,3.73,24.6,-32.4
2010/11,Serie A,Calcio Catania,1627,4.2,23,19.0,29,-14.8,3.73,24.6,-75.3
2010/11,Serie A,Udinese Calcio,410,15.05,56,30.29,59,-15.24,3.73,24.6,-77.1
2010/11,Serie A,Inter Milan,46,38.14,37,66.53,38,-28.39,3.73,24.6,-130.5
2011/12,Serie A,Juventus FC,506,101.91,45,20.7,50,81.21,4.17,32.15,239.7
2011/12,Serie A,AS Roma,12,91.25,34,26.13,32,65.12,4.17,32.15,189.6
2011/12,Serie A,SSC Napoli,6195,74.2,36,23.79,41,50.41,4.17,32.15,143.9
2011/12,Serie A,AC Milan,5,65.15,48,22.3,43,42.85,4.17,32.15,120.3
2011/12,Serie A,AC Siena,1387,14.33,54,3.43,54,10.9,4.17,32.15,20.9
2011/12,Serie A,Novara Calcio 1908,6692,5.65,28,2.14,27,3.51,4.17,32.15,-2.0
2011/12,Serie A,Atalanta BC,800,15.0,29,11.9,32,3.1,4.17,32.15,-3.3
2011/12,Serie A,ACF Fiorentina,430,20.24,36,20.11,35,0.13,4.17,32.15,-12.6
2011/12,Serie A,Bologna FC 1909,1025,20.78,27,21.21,24,-0.43,4.17,32.15,-14.3
2011/12,Serie A,Chievo Verona,862,11.75,60,13.27,56,-1.52,4.17,32.15,-17.7
2011/12,Serie A,AC Cesena,1429,10.47,55,12.25,54,-1.78,4.17,32.15,-18.5
2011/12,Serie A,SS Lazio,398,22.84,25,26.35,25,-3.51,4.17,32.15,-23.9
2011/12,Serie A,US Lecce,1005,1.4,29,7.57,26,-6.17,4.17,32.15,-32.2
2011/12,Serie A,Calcio Catania,1627,4.14,24,13.08,25,-8.94,4.17,32.15,-40.8
2011/12,Serie A,Inter Milan,46,41.7,37,55.95,37,-14.25,4.17,32.15,-57.3
2011/12,Serie A,Cagliari Calcio,1390,8.2,21,25.7,17,-17.5,4.17,32.15,-67.4
2011/12,Serie A,Parma FC,130,12.36,69,31.5,70,-19.14,4.17,32.15,-72.5
2011/12,Serie A,US Palermo,458,46.03,49,69.65,48,-23.62,4.17,32.15,-86.4
2011/12,Serie A,Genoa CFC,252,53.13,71,81.95,71,-28.82,4.17,32.15,-102.6
2011/12,Serie A,Udinese Calcio,410,22.41,63,70.63,62,-48.22,4.17,32.15,-163.0
2012/13,Serie A,Juventus FC,506,72.8,47,23.3,43,49.5,0.43,29.28,167.6
2012/13,Serie A,AS Roma,12,44.17,46,21.56,45,22.61,0.43,29.28,75.8
2012/13,Serie A,Torino FC,416,20.73,29,4.38,32,16.35,0.43,29.28,54.4
2012/13,Serie A,UC Sampdoria,1038,21.0,48,6.2,47,14.8,0.43,29.28,49.1
2012/13,Serie A,ACF Fiorentina,430,41.67,38,29.15,39,12.52,0.43,29.28,41.3
2012/13,Serie A,Inter Milan,46,76.55,47,65.8,44,10.75,0.43,29.28,35.3
2012/13,Serie A,Cagliari Calcio,1390,11.6,22,2.7,23,8.9,0.43,29.28,28.9
2012/13,Serie A,Parma FC,130,29.95,110,25.25,105,4.7,0.43,29.28,14.6
2012/13,Serie A,Calcio Catania,1627,9.03,33,4.58,36,4.45,0.43,29.28,13.7
2012/13,Serie A,Delfino Pescara 1936,2921,18.98,42,15.5,37,3.48,0.43,29.28,10.4
2012/13,Serie A,US Palermo,458,26.0,43,25.08,44,0.92,0.43,29.28,1.7
2012/13,Serie A,SS Lazio,398,1.53,28,0.95,28,0.58,0.43,29.28,0.5
2012/13,Serie A,Atalanta BC,800,19.35,31,19.74,30,-0.39,0.43,29.28,-2.8
2012/13,Serie A,Chievo Verona,862,11.8,54,13.13,54,-1.33,0.43,29.28,-6.0
2012/13,Serie A,SSC Napoli,6195,31.05,29,34.85,28,-3.8,0.43,29.28,-14.4
2012/13,Serie A,Bologna FC 1909,1025,10.29,32,18.05,33,-7.76,0.43,29.28,-28.0
2012/13,Serie A,AC Siena,1387,11.42,66,29.16,65,-17.74,0.43,29.28,-62.1
2012/13,Serie A,AC Milan,5,59.6,44,88.5,53,-28.9,0.43,29.28,-100.2
2012/13,Serie A,Udinese Calcio,410,33.52,52,67.25,57,-33.73,0.43,29.28,-116.7
2012/13,Serie A,Genoa CFC,252,34.48,74,81.87,72,-47.39,0.43,29.28,-163.3
2013/14,Serie A,Inter Milan,46,63.49,39,11.0,42,52.49,1.22,30.62,167.4
2013/14,Serie A,US Sassuolo,6574,48.4,36,5.0,29,43.4,1.22,30.62,137.8
2013/14,Serie A,SSC Napoli,6195,107.45,40,74.2,39,33.25,1.22,30.62,104.6
2013/14,Serie A,AC Milan,5,43.13,50,17.4,48,25.73,1.22,30.62,80.1
2013/14,Serie A,ACF Fiorentina,430,53.3,32,45.2,33,8.1,1.22,30.62,22.5
2013/14,Serie A,Atalanta BC,800,11.33,39,6.2,39,5.13,1.22,30.62,12.8
2013/14,Serie A,AS Livorno,1210,4.82,34,1.8,33,3.02,1.22,30.62,5.9
2013/14,Serie A,Hellas Verona,276,8.1,49,9.5,48,-1.4,1.22,30.62,-8.5
2013/14,Serie A,SS Lazio,398,26.83,27,28.45,26,-1.62,1.22,30.62,-9.3
2013/14,Serie A,Chievo Verona,862,3.9,61,5.86,65,-1.96,1.22,30.62,-10.4
2013/14,Serie A,Calcio Catania,1627,8.37,41,11.09,40,-2.72,1.22,30.62,-12.9
2013/14,Serie A,UC Sampdoria,1038,22.6,49,25.45,55,-2.85,1.22,30.62,-13.3
2013/14,Serie A,Cagliari Calcio,1390,1.8,20,7.3,19,-5.5,1.22,30.62,-21.9
2013/14,Serie A,Torino FC,416,13.5,27,21.84,27,-8.34,1.22,30.62,-31.2
2013/14,Serie A,Genoa CFC,252,23.44,66,32.13,65,-8.69,1.22,30.62,-32.4
2013/14,Serie A,Juventus FC,506,49.5,42,59.06,46,-9.56,1.22,30.62,-35.2
2013/14,Serie A,Bologna FC 1909,1025,6.59,44,18.0,47,-11.41,1.22,30.62,-41.2
2013/14,Serie A,Udinese Calcio,410,26.82,59,49.7,54,-22.88,1.22,30.62,-78.7
2013/14,Serie A,Parma FC,130,13.68,234,40.32,233,-26.64,1.22,30.62,-91.0
2013/14,Serie A,AS Roma,12,75.39,45,118.61,48,-43.22,1.22,30.62,-145.1
2014/15,Serie A,AS Roma,12,101.41,47,41.6,44,59.81,1.75,23.92,242.7
2014/15,Serie A,Juventus FC,506,55.6,64,33.91,63,21.69,1.75,23.92,83.4
2014/15,Serie A,SSC Napoli,6195,34.8,40,20.45,39,14.35,1.75,23.92,52.7
2014/15,Serie A,SS Lazio,398,12.75,33,0.15,32,12.6,1.75,23.92,45.4
2014/15,Serie A,US Sassuolo,6574,19.3,29,12.6,31,6.7,1.75,23.92,20.7
2014/15,Serie A,Udinese Calcio,410,29.2,54,25.4,59,3.8,1.75,23.92,8.6
2014/15,Serie A,Chievo Verona,862,8.6,74,5.04,76,3.56,1.75,23.92,7.6
2014/15,Serie A,US Palermo,458,19.7,41,18.5,41,1.2,1.75,23.92,-2.3
2014/15,Serie A,FC Empoli,749,1.41,33,0.36,34,1.05,1.75,23.92,-2.9
2014/15,Serie A,Cagliari Calcio,1390,22.6,29,21.93,28,0.67,1.75,23.92,-4.5
2014/15,Serie A,UC Sampdoria,1038,26.35,57,26.52,52,-0.17,1.75,23.92,-8.0
2014/15,Serie A,Parma FC,130,19.74,218,20.7,215,-0.96,1.75,23.92,-11.3
2014/15,Serie A,Torino FC,416,31.2,39,33.86,41,-2.66,1.75,23.92,-18.4
2014/15,Serie A,AC Cesena,1429,9.85,54,14.65,56,-4.8,1.75,23.92,-27.4
2014/15,Serie A,Inter Milan,46,18.2,56,23.6,52,-5.4,1.75,23.92,-29.9
2014/15,Serie A,Atalanta BC,800,11.99,49,20.0,54,-8.01,1.75,23.92,-40.8
2014/15,Serie A,Hellas Verona,276,22.26,59,32.05,57,-9.79,1.75,23.92,-48.2
2014/15,Serie A,AC Milan,5,16.9,61,28.2,60,-11.3,1.75,23.92,-54.5
2014/15,Serie A,Genoa CFC,252,7.45,57,25.95,60,-18.5,1.75,23.92,-84.6
2014/15,Serie A,ACF Fiorentina,430,9.1,39,38.0,36,-28.9,1.75,23.92,-128.1
2015/16,Serie A,AC Milan,5,102.28,51,11.16,57,91.12,3.83,36.75,237.5
2015/16,Serie A,Juventus FC,506,154.5,82,81.28,83,73.22,3.83,36.75,188.8
2015/16,Serie A,SS Lazio,398,31.25,35,2.37,37,28.88,3.83,36.75,68.2
2015/16,Serie A,Bologna FC 1909,1025,26.63,45,0.8,45,25.83,3.83,36.75,59.9
2015/16,Serie A,SSC Napoli,6195,42.7,34,18.29,36,24.41,3.83,36.75,56.0
2015/16,Serie A,UC Sampdoria,1038,34.67,59,17.82,59,16.85,3.83,36.75,35.4
2015/16,Serie A,Torino FC,416,28.05,42,19.75,43,8.3,3.83,36.75,12.2
2015/16,Serie A,US Sassuolo,6574,30.7,21,25.0,28,5.7,3.83,36.75,5.1
2015/16,Serie A,Hellas Verona,276,6.3,49,2.05,54,4.25,3.83,36.75,1.1
2015/16,Serie A,Frosinone Calcio,8970,0.4,22,0.2,23,0.2,3.83,36.75,-9.9
2015/16,Serie A,Carpi FC 1909,4102,0.3,41,0.28,40,0.02,3.83,36.75,-10.4
2015/16,Serie A,ACF Fiorentina,430,24.4,43,26.85,52,-2.45,3.83,36.75,-17.1
2015/16,Serie A,FC Empoli,749,6.35,33,11.5,33,-5.15,3.83,36.75,-24.4
2015/16,Serie A,Chievo Verona,862,6.13,71,15.4,71,-9.27,3.83,36.75,-35.6
2015/16,Serie A,Atalanta BC,800,26.68,74,37.95,73,-11.27,3.83,36.75,-41.1
2015/16,Serie A,Inter Milan,46,102.45,59,115.32,71,-12.87,3.83,36.75,-45.4
2015/16,Serie A,Genoa CFC,252,16.7,51,43.15,50,-26.45,3.83,36.75,-82.4
2015/16,Serie A,US Palermo,458,12.25,40,52.9,40,-40.65,3.83,36.75,-121.0
2015/16,Serie A,AS Roma,12,60.85,61,102.25,61,-41.4,3.83,36.75,-123.1
2015/16,Serie A,Udinese Calcio,410,21.42,62,74.12,62,-52.7,3.83,36.75,-153.8
2016/17,Serie A,Inter Milan,46,164.63,60,18.5,56,146.13,3.13,45.33,315.5
2016/17,Serie A,Juventus FC,506,202.23,81,176.93,82,25.3,3.13,45.33,48.9
2016/17,Serie A,AS Roma,12,102.5,55,77.43,61,25.07,3.13,45.33,48.4
2016/17,Serie A,Bologna FC 1909,1025,32.4,37,16.98,41,15.42,3.13,45.33,27.1
2016/17,Serie A,SS Lazio,398,36.3,28,28.7,35,7.6,3.13,45.33,9.9
2016/17,Serie A,Chievo Verona,862,12.57,55,6.28,57,6.29,3.13,45.33,7.0
2016/17,Serie A,AC Milan,5,29.56,32,25.15,30,4.41,3.13,45.33,2.8
2016/17,Serie A,Torino FC,416,28.77,48,26.52,49,2.25,3.13,45.33,-1.9
2016/17,Serie A,US Sassuolo,6574,27.51,25,27.8,22,-0.29,3.13,45.33,-7.5
2016/17,Serie A,FC Crotone,4083,5.95,37,7.75,39,-1.8,3.13,45.33,-10.9
2016/17,Serie A,Cagliari Calcio,1390,9.72,39,12.12,37,-2.4,3.13,45.33,-12.2
2016/17,Serie A,Udinese Calcio,410,26.5,60,33.1,61,-6.6,3.13,45.33,-21.5
2016/17,Serie A,Delfino Pescara 1936,2921,14.29,69,22.27,66,-7.98,3.13,45.33,-24.5
2016/17,Serie A,FC Empoli,749,7.0,32,15.0,32,-8.0,3.13,45.33,-24.5
2016/17,Serie A,ACF Fiorentina,430,16.23,44,31.05,44,-14.82,3.13,45.33,-39.6
2016/17,Serie A,SSC Napoli,6195,99.09,39,116.81,38,-17.72,3.13,45.33,-46.0
2016/17,Serie A,US Palermo,458,8.48,37,29.25,38,-20.77,3.13,45.33,-52.7
2016/17,Serie A,Genoa CFC,252,27.2,54,50.3,56,-23.1,3.13,45.33,-57.9
2016/17,Serie A,Atalanta BC,800,15.94,68,41.33,69,-25.39,3.13,45.33,-62.9
2016/17,Serie A,UC Sampdoria,1038,39.65,52,80.7,54,-41.05,3.13,45.33,-97.5
2017/18,Serie A,AC Milan,5,186.48,35,39.7,34,146.78,5.17,54.66,259.0
2017/18,Serie A,Inter Milan,46,147.23,58,79.24,66,67.99,5.17,54.66,114.9
2017/18,Serie A,SSC Napoli,6195,68.0,34,17.45,33,50.55,5.17,54.66,83.0
2017/18,Serie A,Juventus FC,506,179.8,69,145.65,70,34.15,5.17,54.66,53.0
2017/18,Serie A,US Sassuolo,6574,46.7,33,19.25,34,27.45,5.17,54.66,40.7
2017/18,Serie A,Benevento Calcio,4171,23.48,36,3.98,34,19.5,5.17,54.66,26.2
2017/18,Serie A,Bologna FC 1909,1025,13.0,37,0.0,34,13.0,5.17,54.66,14.3
2017/18,Serie A,Cagliari Calcio,1390,31.09,34,19.88,34,11.21,5.17,54.66,11.0
2017/18,Serie A,SPAL 2013,2722,8.74,33,0.57,31,8.17,5.17,54.66,5.5
2017/18,Serie A,Udinese Calcio,410,22.59,35,17.7,37,4.89,5.17,54.66,-0.5
2017/18,Serie A,FC Crotone,4083,3.0,34,0.0,34,3.0,5.17,54.66,-4.0
2017/18,Serie A,Hellas Verona,276,3.05,37,8.05,34,-5.0,5.17,54.66,-18.6
2017/18,Serie A,Chievo Verona,862,2.95,60,17.67,59,-14.72,5.17,54.66,-36.4
2017/18,Serie A,ACF Fiorentina,430,79.5,45,95.03,42,-15.53,5.17,54.66,-37.9
2017/18,Serie A,UC Sampdoria,1038,51.0,41,71.46,43,-20.46,5.17,54.66,-46.9
2017/18,Serie A,Atalanta BC,800,66.59,77,87.64,80,-21.05,5.17,54.66,-48.0
2017/18,Serie A,Genoa CFC,252,14.17,58,46.72,55,-32.55,5.17,54.66,-69.0
2017/18,Serie A,SS Lazio,398,28.25,29,73.92,23,-45.67,5.17,54.66,-93.0
2017/18,Serie A,Torino FC,416,26.38,38,79.8,39,-53.42,5.17,54.66,-107.2
2017/18,Serie A,AS Roma,12,91.3,59,166.1,59,-74.8,5.17,54.66,-146.3
2018/19,Serie A,Juventus FC,506,265.3,41,112.54,35,152.76,18.15,68.8,195.7
2018/19,Serie A,AC Milan,5,194.64,26,88.1,28,106.54,18.15,68.8,128.5
2018/19,Serie A,Udinese Calcio,410,52.9,44,13.53,43,39.37,18.15,68.8,30.8
2018/19,Serie A,Torino FC,416,53.15,47,17.2,48,35.95,18.15,68.8,25.9
2018/19,Serie A,Atalanta BC,800,60.8,77,25.06,80,35.74,18.15,68.8,25.6
2018/19,Serie A,Parma Calcio 1913,130,23.8,50,0.6,48,23.2,18.15,68.8,7.3
2018/19,Serie A,SPAL,2722,21.9,39,1.85,41,20.05,18.15,68.8,2.8
2018/19,Serie A,ACF Fiorentina,430,59.97,42,43.39,43,16.58,18.15,68.8,-2.3
2018/19,Serie A,Cagliari Calcio,1390,22.5,32,7.85,31,14.65,18.15,68.8,-5.1
2018/19,Serie A,SS Lazio,398,51.28,27,38.6,30,12.68,18.15,68.8,-7.9
2018/19,Serie A,Frosinone Calcio,8970,9.56,25,0.8,24,8.76,18.15,68.8,-13.6
2018/19,Serie A,Inter Milan,46,97.6,52,91.17,54,6.43,18.15,68.8,-17.0
2018/19,Serie A,AS Roma,12,166.35,45,160.47,46,5.88,18.15,68.8,-17.8
2018/19,Serie A,US Sassuolo,6574,53.97,42,50.38,40,3.59,18.15,68.8,-21.2
2018/19,Serie A,FC Empoli,749,17.3,43,22.9,43,-5.6,18.15,68.8,-34.5
2018/19,Serie A,Chievo Verona,862,6.97,52,16.2,52,-9.23,18.15,68.8,-39.8
2018/19,Serie A,Bologna FC 1909,1025,31.22,38,45.0,38,-13.78,18.15,68.8,-46.4
2018/19,Serie A,Genoa CFC,252,59.07,69,86.46,71,-27.39,18.15,68.8,-66.2
2018/19,Serie A,SSC Napoli,6195,71.0,31,100.8,35,-29.8,18.15,68.8,-69.7
2018/19,Serie A,UC Sampdoria,1038,56.7,45,90.12,44,-33.42,18.15,68.8,-75.0
2019/20,Serie A,SSC Napoli,6195,217.12,47,48.72,43,168.4,22.08,75.82,193.0
2019/20,Serie A,Inter Milan,46,191.92,51,66.74,48,125.18,22.08,75.82,136.0
2019/20,Serie A,AC Milan,5,144.08,25,59.23,29,84.85,22.08,75.82,82.8
2019/20,Serie A,ACF Fiorentina,430,56.54,49,15.32,47,41.22,22.08,75.82,25.3
2019/20,Serie A,Bologna FC 1909,1025,69.54,39,28.68,42,40.86,22.08,75.82,24.8
2019/20,Serie A,Juventus FC,506,235.3,23,208.14,24,27.16,22.08,75.82,6.7
2019/20,Serie A,Cagliari Calcio,1390,40.1,34,18.86,32,21.24,22.08,75.82,-1.1
2019/20,Serie A,Brescia Calcio (- 2025),19,18.65,18,0.1,20,18.55,22.08,75.82,-4.6
2019/20,Serie A,US Sassuolo,6574,66.87,53,51.95,52,14.92,22.08,75.82,-9.4
2019/20,Serie A,SS Lazio,398,49.95,38,35.35,36,14.6,22.08,75.82,-9.9
2019/20,Serie A,AS Roma,12,121.0,39,107.18,37,13.82,22.08,75.82,-10.9
2019/20,Serie A,US Lecce,1005,5.9,35,0.45,37,5.45,22.08,75.82,-21.9
2019/20,Serie A,Parma Calcio 1913,130,23.31,73,18.46,73,4.85,22.08,75.82,-22.7
2019/20,Serie A,Torino FC,416,28.8,41,24.4,41,4.4,22.08,75.82,-23.3
2019/20,Serie A,Genoa CFC,252,55.37,74,59.25,75,-3.88,22.08,75.82,-34.2
2019/20,Serie A,UC Sampdoria,1038,65.25,49,74.59,45,-9.34,22.08,75.82,-41.4
2019/20,Serie A,SPAL,2722,26.15,40,39.7,36,-13.55,22.08,75.82,-47.0
2019/20,Serie A,Hellas Verona,276,22.61,57,44.77,57,-22.16,22.08,75.82,-58.3
2019/20,Serie A,Udinese Calcio,410,17.85,38,60.27,41,-42.42,22.08,75.82,-85.1
2019/20,Serie A,Atalanta BC,800,60.06,79,112.7,78,-52.64,22.08,75.82,-98.5
2020/21,Serie A,Parma Calcio 1913,130,104.33,59,4.0,52,100.33,8.72,50.69,180.7
2020/21,Serie A,Juventus FC,506,162.81,20,110.56,20,52.25,8.72,50.69,85.9
2020/21,Serie A,Inter Milan,46,132.75,35,82.95,41,49.8,8.72,50.69,81.0
2020/21,Serie A,SS Lazio,398,42.3,27,7.85,28,34.45,8.72,50.69,50.8
2020/21,Serie A,AS Roma,12,75.1,33,49.0,32,26.1,8.72,50.69,34.3
2020/21,Serie A,Torino FC,416,46.7,34,26.13,30,20.57,8.72,50.69,23.4
2020/21,Serie A,Hellas Verona,276,18.95,53,5.4,51,13.55,8.72,50.69,9.5
2020/21,Serie A,Benevento Calcio,4171,11.6,26,1.0,23,10.6,8.72,50.69,3.7
2020/21,Serie A,UC Sampdoria,1038,17.75,34,12.1,37,5.65,8.72,50.69,-6.1
2020/21,Serie A,FC Crotone,4083,5.49,34,0.0,32,5.49,8.72,50.69,-6.4
2020/21,Serie A,Spezia Calcio,3522,5.14,35,1.96,29,3.18,8.72,50.69,-10.9
2020/21,Serie A,ACF Fiorentina,430,59.8,44,59.89,44,-0.09,8.72,50.69,-17.4
2020/21,Serie A,Bologna FC 1909,1025,3.15,28,5.15,27,-2.0,8.72,50.69,-21.1
2020/21,Serie A,Genoa CFC,252,65.43,60,71.79,63,-6.36,8.72,50.69,-29.7
2020/21,Serie A,Udinese Calcio,410,23.0,32,31.55,28,-8.55,8.72,50.69,-34.1
2020/21,Serie A,Cagliari Calcio,1390,34.18,31,48.66,34,-14.48,8.72,50.69,-45.8
2020/21,Serie A,AC Milan,5,32.02,28,51.65,26,-19.63,8.72,50.69,-55.9
2020/21,Serie A,Atalanta BC,800,62.54,61,84.4,60,-21.86,8.72,50.69,-60.3
2020/21,Serie A,US Sassuolo,6574,29.66,37,62.36,40,-32.7,8.72,50.69,-81.7
2020/21,Serie A,SSC Napoli,6195,81.15,37,123.06,38,-41.91,8.72,50.69,-99.9
2021/22,Serie A,AS Roma,12,132.23,38,17.24,39,114.99,7.57,44.12,243.5
2021/22,Serie A,AC Milan,5,100.44,28,5.12,27,95.32,7.57,44.12,198.9
2021/22,Serie A,Juventus FC,506,143.55,20,64.03,18,79.52,7.57,44.12,163.1
2021/22,Serie A,Spezia Calcio,3522,30.19,36,5.2,40,24.99,7.57,44.12,39.5
2021/22,Serie A,SSC Napoli,6195,24.4,27,3.2,27,21.2,7.57,44.12,30.9
2021/22,Serie A,Genoa CFC,252,41.74,73,21.54,66,20.2,7.57,44.12,28.6
2021/22,Serie A,Venezia FC,607,20.39,36,0.2,35,20.19,7.57,44.12,28.6
2021/22,Serie A,Atalanta BC,800,72.1,68,51.92,66,20.18,7.57,44.12,28.6
2021/22,Serie A,US Sassuolo,6574,40.12,49,23.4,46,16.72,7.57,44.12,20.7
2021/22,Serie A,US Salernitana 1919,380,14.57,54,0.0,50,14.57,7.57,44.12,15.9
2021/22,Serie A,Cagliari Calcio,1390,13.83,29,7.37,28,6.46,7.57,44.12,-2.5
2021/22,Serie A,UC Sampdoria,1038,14.51,41,8.86,41,5.65,7.57,44.12,-4.4
2021/22,Serie A,Bologna FC 1909,1025,32.31,36,27.2,35,5.11,7.57,44.12,-5.6
2021/22,Serie A,SS Lazio,398,13.8,33,8.9,35,4.9,7.57,44.12,-6.1
2021/22,Serie A,Hellas Verona,276,42.27,37,38.02,42,4.25,7.57,44.12,-7.5
2021/22,Serie A,Torino FC,416,13.4,31,16.75,29,-3.35,7.57,44.12,-24.8
2021/22,Serie A,FC Empoli,749,10.5,41,28.2,38,-17.7,7.57,44.12,-57.3
2021/22,Serie A,ACF Fiorentina,430,70.12,43,116.0,44,-45.88,7.57,44.12,-121.2
2021/22,Serie A,Udinese Calcio,410,9.4,26,79.63,29,-70.23,7.57,44.12,-176.3
2021/22,Serie A,Inter Milan,46,42.55,34,208.15,35,-165.6,7.57,44.12,-392.5
2022/23,Serie A,AC Monza,2919,50.9,33,0.18,34,50.72,1.24,49.68,99.6
2022/23,Serie A,AC Milan,5,61.79,30,11.11,28,50.68,1.24,49.68,99.5
2022/23,Serie A,Inter Milan,46,65.68,50,24.75,46,40.93,1.24,49.68,79.9
2022/23,Serie A,US Cremonese,2239,36.65,41,0.5,41,36.15,1.24,49.68,70.3
2022/23,Serie A,US Salernitana 1919,380,48.37,46,24.52,52,23.85,1.24,49.68,45.5
2022/23,Serie A,Juventus FC,506,129.35,25,111.59,24,17.76,1.24,49.68,33.3
2022/23,Serie A,Bologna FC 1909,1025,54.7,34,43.95,31,10.75,1.24,49.68,19.2
2022/23,Serie A,SS Lazio,398,56.65,37,46.23,38,10.42,1.24,49.68,18.5
2022/23,Serie A,Hellas Verona,276,46.46,45,36.56,42,9.9,1.24,49.68,17.4
2022/23,Serie A,Udinese Calcio,410,71.46,30,62.6,28,8.86,1.24,49.68,15.3
2022/23,Serie A,US Lecce,1005,6.63,33,3.6,28,3.03,1.24,49.68,3.6
2022/23,Serie A,SSC Napoli,6195,79.3,34,86.18,32,-6.88,1.24,49.68,-16.3
2022/23,Serie A,Spezia Calcio,3522,18.32,33,32.97,33,-14.65,1.24,49.68,-32.0
2022/23,Serie A,FC Empoli,749,15.85,52,30.61,51,-14.76,1.24,49.68,-32.2
2022/23,Serie A,ACF Fiorentina,430,37.61,36,55.98,37,-18.37,1.24,49.68,-39.5
2022/23,Serie A,Atalanta BC,800,113.7,77,139.15,78,-25.45,1.24,49.68,-53.7
2022/23,Serie A,US Sassuolo,6574,51.28,46,79.36,51,-28.08,1.24,49.68,-59.0
2022/23,Serie A,UC Sampdoria,1038,6.77,53,35.6,50,-28.83,1.24,49.68,-60.5
2022/23,Serie A,Torino FC,416,32.68,34,61.62,35,-28.94,1.24,49.68,-60.7
2022/23,Serie A,AS Roma,12,9.4,29,81.76,30,-72.36,1.24,49.68,-148.1
2023/24,Serie A,Bologna FC 1909,1025,97.22,31,25.49,35,71.73,-5.01,54.77,140.1
2023/24,Serie A,AC Milan,5,132.68,27,80.62,30,52.06,-5.01,54.77,104.2
2023/24,Serie A,AC Monza,2919,45.3,32,0.35,31,44.95,-5.01,54.77,91.2
2023/24,Serie A,Juventus FC,506,96.95,27,66.73,28,30.22,-5.01,54.77,64.3
2023/24,Serie A,Torino FC,416,45.4,30,18.57,33,26.83,-5.01,54.77,58.1
2023/24,Serie A,US Salernitana 1919,380,28.55,33,4.96,31,23.59,-5.01,54.77,52.2
2023/24,Serie A,SSC Napoli,6195,119.81,29,102.56,30,17.25,-5.01,54.77,40.6
2023/24,Serie A,Genoa CFC,252,53.63,50,38.58,54,15.05,-5.01,54.77,36.6
2023/24,Serie A,Cagliari Calcio,1390,26.44,26,19.05,26,7.39,-5.01,54.77,22.6
2023/24,Serie A,Frosinone Calcio,8970,12.66,45,9.75,42,2.91,-5.01,54.77,14.5
2023/24,Serie A,Udinese Calcio,410,36.25,27,34.6,25,1.65,-5.01,54.77,12.2
2023/24,Serie A,US Lecce,1005,27.72,29,27.3,33,0.42,-5.01,54.77,9.9
2023/24,Serie A,SS Lazio,398,43.88,27,48.8,26,-4.92,-5.01,54.77,0.2
2023/24,Serie A,ACF Fiorentina,430,52.85,43,68.28,42,-15.43,-5.01,54.77,-19.0
2023/24,Serie A,US Sassuolo,6574,63.11,47,109.34,46,-46.23,-5.01,54.77,-75.3
2023/24,Serie A,Inter Milan,46,79.5,48,127.08,53,-47.58,-5.01,54.77,-77.7
2023/24,Serie A,FC Empoli,749,13.4,42,66.2,44,-52.8,-5.01,54.77,-87.2
2023/24,Serie A,AS Roma,12,24.6,21,81.48,25,-56.88,-5.01,54.77,-94.7
2023/24,Serie A,Atalanta BC,800,81.36,46,164.37,44,-83.01,-5.01,54.77,-142.4
2023/24,Serie A,Hellas Verona,276,14.1,44,101.56,45,-87.46,-5.01,54.77,-150.5
2024/25,Serie A,Como 1907,1047,160.67,44,4.11,42,156.56,22.4,70.9,189.2
2024/25,Serie A,AS Roma,12,142.25,28,29.35,28,112.9,22.4,70.9,127.7
2024/25,Serie A,AC Milan,5,139.0,29,53.66,30,85.34,22.4,70.9,88.8
2024/25,Serie A,Juventus FC,506,201.4,26,121.0,26,80.4,22.4,70.9,81.8
2024/25,Serie A,SSC Napoli,6195,155.01,29,94.61,30,60.4,22.4,70.9,53.6
2024/25,Serie A,Inter Milan,46,73.8,36,19.43,35,54.37,22.4,70.9,45.1
2024/25,Serie A,Parma Calcio 1913,130,56.18,28,8.1,26,48.08,22.4,70.9,36.2
2024/25,Serie A,ACF Fiorentina,430,71.97,45,37.55,46,34.42,22.4,70.9,17.0
2024/25,Serie A,SS Lazio,398,57.97,30,25.75,27,32.22,22.4,70.9,13.9
2024/25,Serie A,Venezia FC,607,22.1,40,17.2,32,4.9,22.4,70.9,-24.7
2024/25,Serie A,Atalanta BC,800,122.1,26,119.91,25,2.19,22.4,70.9,-28.5
2024/25,Serie A,Udinese Calcio,410,25.85,29,30.48,28,-4.63,22.4,70.9,-38.1
2024/25,Serie A,Cagliari Calcio,1390,11.76,26,19.59,30,-7.83,22.4,70.9,-42.6
2024/25,Serie A,FC Empoli,749,0.1,42,10.78,39,-10.68,22.4,70.9,-46.7
2024/25,Serie A,Genoa CFC,252,36.16,49,51.39,46,-15.23,22.4,70.9,-53.1
2024/25,Serie A,Torino FC,416,41.33,37,66.15,33,-24.82,22.4,70.9,-66.6
2024/25,Serie A,Hellas Verona,276,17.44,51,45.02,48,-27.58,22.4,70.9,-70.5
2024/25,Serie A,AC Monza,2919,13.68,31,51.86,31,-38.18,22.4,70.9,-85.4
2024/25,Serie A,Bologna FC 1909,1025,56.43,31,102.75,30,-46.32,22.4,70.9,-96.9
2024/25,Serie A,US Lecce,1005,12.7,35,61.28,30,-48.58,22.4,70.9,-100.1
2025/26,Serie A,Como 1907,1047,127.29,42,16.38,45,110.91,8.48,73.69,139.0
2025/26,Serie A,US Sassuolo,6574,57.22,38,5.09,38,52.13,8.48,73.69,59.2
2025/26,Serie A,Juventus FC,506,137.15,24,88.4,26,48.75,8.48,73.69,54.7
2025/26,Serie A,Inter Milan,46,96.6,21,48.25,22,48.35,8.48,73.69,54.1
2025/26,Serie A,Pisa Sporting Club,4172,30.2,47,0.3,46,29.9,8.48,73.69,29.1
2025/26,Serie A,ACF Fiorentina,430,93.39,49,64.18,47,29.21,8.48,73.69,28.1
2025/26,Serie A,AS Roma,12,89.6,29,65.15,28,24.45,8.48,73.69,21.7
2025/26,Serie A,US Cremonese,2239,23.65,52,5.9,52,17.75,8.48,73.69,12.6
2025/26,Serie A,SSC Napoli,6195,149.5,43,132.15,42,17.35,8.48,73.69,12.0
2025/26,Serie A,Atalanta BC,800,148.7,22,139.97,24,8.73,8.48,73.69,0.3
2025/26,Serie A,Cagliari Calcio,1390,42.68,39,43.5,34,-0.82,8.48,73.69,-12.6
2025/26,Serie A,AC Milan,5,170.0,27,176.0,30,-6.0,8.48,73.69,-19.6
2025/26,Serie A,SS Lazio,398,72.08,25,78.68,27,-6.6,8.48,73.69,-20.5
2025/26,Serie A,Hellas Verona,276,30.2,47,37.5,50,-7.3,8.48,73.69,-21.4
2025/26,Serie A,US Lecce,1005,21.56,27,30.18,33,-8.62,8.48,73.69,-23.2
2025/26,Serie A,Torino FC,416,20.76,36,42.6,35,-21.84,8.48,73.69,-41.1
2025/26,Serie A,Bologna FC 1909,1025,58.0,40,86.43,42,-28.43,8.48,73.69,-50.1
2025/26,Serie A,Parma Calcio 1913,130,47.32,23,89.6,29,-42.28,8.48,73.69,-68.9
2025/26,Serie A,Genoa CFC,252,10.7,43,58.63,47,-47.93,8.48,73.69,-76.5
2025/26,Serie A,Udinese Calcio,410,47.2,29,95.35,33,-48.15,8.48,73.69,-76.8
2026/27,Serie A,Juventus FC,506,164.35,19,26.5,15,137.85,21.25,57.96,201.2
2026/27,Serie A,ACF Fiorentina,430,150.3,41,26.48,42,123.82,21.25,57.96,177.0
2026/27,Serie A,AS Roma,12,124.5,22,17.8,24,106.7,21.25,57.96,147.4
2026/27,Serie A,AC Milan,5,165.05,19,87.0,14,78.05,21.25,57.96,98.0
2026/27,Serie A,Inter Milan,46,101.0,14,33.5,12,67.5,21.25,57.96,79.8
2026/27,Serie A,Como 1907,1047,64.0,32,20.45,32,43.55,21.25,57.96,38.5
2026/27,Serie A,Frosinone Calcio,8970,30.6,21,1.0,20,29.6,21.25,57.96,14.4
2026/27,Serie A,SSC Napoli,6195,71.5,30,54.55,29,16.95,21.25,57.96,-7.4
2026/27,Serie A,AC Monza,2919,17.8,21,1.3,18,16.5,21.25,57.96,-8.2
2026/27,Serie A,Venezia FC,607,44.5,39,31.78,31,12.72,21.25,57.96,-14.7
2026/27,Serie A,Torino FC,416,27.3,38,22.55,37,4.75,21.25,57.96,-28.5
2026/27,Serie A,US Lecce,1005,7.4,25,4.35,18,3.05,21.25,57.96,-31.4
2026/27,Serie A,Genoa CFC,252,36.05,35,36.05,28,0.0,21.25,57.96,-36.7
2026/27,Serie A,Udinese Calcio,410,32.45,24,33.6,23,-1.15,21.25,57.96,-38.6
2026/27,Serie A,Cagliari Calcio,1390,7.85,28,14.5,27,-6.65,21.25,57.96,-48.1
2026/27,Serie A,SS Lazio,398,22.3,21,43.0,16,-20.7,21.25,57.96,-72.4
2026/27,Serie A,US Sassuolo,6574,13.5,35,43.5,32,-30.0,21.25,57.96,-88.4
2026/27,Serie A,Parma Calcio 1913,130,30.0,26,77.2,22,-47.2,21.25,57.96,-118.1
2026/27,Serie A,Atalanta BC,800,19.0,15,72.5,14,-53.5,21.25,57.96,-129.0
2026/27,Serie A,Bologna FC 1909,1025,29.8,31,86.6,31,-56.8,21.25,57.96,-134.7
